tree
version=v4
num_class=1
num_tree_per_iteration=1
label_index=0
max_feature_idx=23
objective=binary sigmoid:1
feature_names=p_force_var p_force_uniq_ratio p_force_degenerate p_radius_var p_radius_missing p_int_snap_frac p_nontouch_ratio g_path_efficiency g_curvature_mean g_speed_peaks_per_stroke g_jerk_norm g_endpoint_correction t_iei_cv t_iei_entropy t_iei_modal_frac t_burst_ratio m_sample_rate m_sway_energy m_tremor_energy m_still_frac m_accel_std m_gyro_std m_touch_coupling m_coupling_z
feature_infos=[0:0.028580906999999999] [0.012820513:1] [0:1] [0:53.664133] [0:1] [0:1] none [0.022768620999999999:1] [0:2.6828873] [0:32] [0:0.96317162999999995] [0:0.61401589000000001] [0:3.6301154000000002] [0:0.96945820000000005] [0:0.99259259] [0:0.40000000000000002] [24.717945:61.111426999999999] [3.9689597000000001e-07:0.015851303000000001] [2.3731403000000001e-07:0.00078330447000000004] [0.10000000000000001:1] [0.0047277745999999999:0.13913486999999999] [0.057421721000000002:0.79777244000000003] [0:4.4792392000000003] [-3.8232210000000002:6.4785684000000003]
tree_sizes=1728 1742 1737 1740 1751 1750 1747 1737 1738 1738 1748 1742 1744 1755 1733 1737 1742 1750 1737 1739 1747 1752 1730 1743 1752 1739 1736 1744 1736 1737 1747 1731 1744 1748 1761 1744 1744 1746 1754 1754 1742 1749 1759 1754 1757 1746 1761 1751 1747 1747 1747 1765 1745 1745 1750 1731 1747 1752 1743 1745 1758 1758 1763 1735 1750 1750 1747 1756 1753 1761 1725 1751 1740 1747 1723 1735 1758 1736 1752 1763 1730 1756 1745 1759 1748 1748 1743 1749 1747 1737 1754 1737 1735 1764 1734 1748 1736 1744 1754 1757 1748 1749 1736 1745 1744 1731 1741 1752 1747 1739 1735 1744 1756 1734 1739 1757 1753 1752 1759 1747 1743 1764 1760 1755 1729 1743 1746 1740 1737 1743 1752 1738 1726 1739 1733 1739 1733 1744 1734 1761 1747 1747 1741 1746 1745 1750 1745 1754 1742 1750 1748 1734 1739 1746 1749 1745 1741 1743 1750 1755 1754 1740 1745 1729 1732 1748 1752 1749 1751 1743 1748 1754 1730 1744 1744 1733 1743 1754 1735 1722 1759 1754 1748 1735 1755 1746 1737 1758 1744 1758 1753 1754 1748 1746 1749 1753 1751 1762 1751 1738 1738 1753 1729 1754 1760 1759 1739 1749 1756 1750 1737 1743 1750 1747 1733 1756 1755 1754 1764 1745 1741 1748 1745 1721 1734 1740 1751 1751 1746 1750 1750 1747 1739 1749 1739 1753 1752 1736 1769 1753 1753 1733 1743 1760 1741 1749 1744 1752 1747 1750 1760 1763 1750 1752 1757 1744 1754 1731 1741 1746 1758 1725 1752 1753 1754 1734 1742 1749 1750 1750 1754 1743 1748 1753 1755 1750 1747 1741 1759 1748 1750 1753 1738 1758 1763 1749 1768 1748 1740 1755 1755 1741 1745 1756 1763 1755 1765 1743 1765 1753 1759 1734 1737 1746 1758 1750 1758 1748 1762 1749 1748 1757 1762 1751 1739 1755 1762 1761 1748 1757 1747 1760 1735 1758 1769 1754 1748 1749 1771 1756 1764 1746 1760 1748 1769 1761 1745 1750 1757 1761 1763 1761 1760 1758 1766 1764 1738 1755 1762 1751 1754 1748 1753 1762 1753 1753 1757 1761 1762 1763 1768 1775 1753 1764 1772 1761 1752 1758 1759 1768 1757 1761 1753 1762 1753 1756 1752 1766 1758 1751 1759 1754 1762 1763 1770 1768 1765 1767 1760 1754 1759 1756 1745 1765 1756 1761 1752 1767 1776 1761

Tree=0
num_leaves=15
num_cat=0
split_feature=22 1 20 17 20 8 17 19 20 17 20 22 17 20
split_gain=1205.72 475.661 190.203 114.356 118.296 98.4769 78.1332 56.3444 43.1437 134.958 40.3788 22.3037 19.4998 31.582
threshold=1.1779279 0.9461872600000002 0.10607253000000001 0.0048566131500000003 0.080423944000000011 0.19409950000000001 0.00018579475000000002 0.28044944000000011 0.065547033000000018 0.0029143062500000005 0.067508926000000011 0.9950935150000001 0.0068466236000000007 0.11775318000000001
decision_type=2 2 2 2 2 2 2 2 2 2 2 2 2 2
left_child=1 -1 3 4 6 -2 -3 10 -8 -10 -7 12 -4 -14
right_child=5 2 11 -5 -6 7 8 -9 9 -11 -12 -13 13 -15
leaf_value=0.064236371549109661 0.047838920933684491 -0.12845619732066552 -0.10906213080801247 0.034038382519238373 -0.12364063393331942 0.0036676938133071227 0.028469321481442565 -0.1349138448572503 -0.096591211483510908 0.018408495553597762 -0.098732156056736714 -0.11205436032508401 0.0015831036167836543 -0.12180243831903761
leaf_weight=209.17773565649986 7.9972372055053702 13.245424121618269 12.245769470930098 98.465983092784882 28.740071207284927 10.496373832225798 56.980315089225769 225.1722100675106 40.236099690198898 65.977206945419312 67.226775258779526 54.731092125177383 17.24404272437096 6.2478415668010703
leaf_count=837 32 53 49 394 115 42 228 901 161 264 269 219 69 25
internal_value=-0.0377193 0.00348932 -0.0289275 -0.0099621 -0.031321 -0.117559 -0.0158806 -0.122191 -0.00624318 -0.025304 -0.0845601 -0.0921837 -0.0605425 -0.0333478
internal_weight=914.184 603.292 394.114 303.645 205.179 310.893 176.439 302.895 163.194 106.213 77.7231 90.4687 35.7377 23.4919
internal_count=3658 2414 1577 1215 821 1244 706 1212 653 425 311 362 143 94
is_linear=0
shrinkage=1


Tree=1
num_leaves=15
num_cat=0
split_feature=1 19 20 17 20 20 17 16 20 17 16 20 20 17
split_gain=1097.34 530.266 204.129 99.1766 172.286 57.999 143.264 38.2403 50.3555 59.8409 26.2514 63.7415 24.5028 30.2509
threshold=0.9461872600000002 0.7972222200000002 0.10687178000000001 0.0048566131500000003 0.080423944000000011 0.065275027000000013 0.0029143062500000005 59.506820000000012 0.11605438500000002 0.0069485367000000015 29.858190500000003 0.067954421000000001 0.10322841500000002 0.0059637621500000012
decision_type=2 2 2 2 2 2 2 2 2 2 2 2 2 2
left_child=-1 2 3 4 5 -2 10 -4 9 -9 -7 -12 -5 -14
right_child=1 -3 7 12 -6 6 -8 8 -10 -11 11 -13 13 -15
leaf_value=0.096478691387860027 0.061767786683922757 -0.093311186819901026 -0.089862284550470212 0.073761083096989241 -0.085137089856518439 -0.090766820833895395 0.048382118808299075 -0.055452730847942694 -0.08479222528058987 0.075939635782282619 0.086499393470678754 -0.06965243697565833 -0.060021850131753055 0.047315425806237599
leaf_weight=218.5285147279501 59.738313093781471 231.70025599002838 53.107494011521339 74.464491009712219 46.342391386628151 27.690285086631775 73.23031310737133 16.455644309520721 23.180461585521698 16.231114953756332 8.4878956228494662 20.20237147808075 7.7433348894119254 25.984846636652946
leaf_count=875 239 931 213 298 186 111 293 66 93 65 34 81 31 104
internal_value=-0.000813048 -0.0319664 -0.000443648 0.0184718 0.000220844 0.0214493 0.00253573 -0.059759 -0.0300657 0.0101097 -0.0568176 -0.0220981 0.0578642 0.0216541
internal_weight=903.088 684.559 452.859 343.884 235.692 189.349 129.611 108.975 55.8672 32.6868 56.3806 28.6903 108.193 33.7282
internal_count=3620 2745 1814 1377 944 758 519 437 224 131 226 115 433 135
is_linear=0
shrinkage=0.05


Tree=2
num_leaves=15
num_cat=0
split_feature=22 1 20 1 17 20 17 19 20 20 16 20 16 20
split_gain=1025.47 361.152 143.862 113.244 94.0172 103.131 56.8148 55.2098 47.688 32.4141 70.097 39.165 23.4757 34.9588
threshold=1.1617098000000003 0.9461872600000002 0.10607253000000001 0.52222222000000007 0.0045417656500000006 0.080423944000000011 0.00018579475000000002 0.27855369500000005 0.064987920000000018 0.061731599500000005 29.789258000000004 0.064133348000000021 59.455620500000009 0.11775318000000001
decision_type=2 2 2 2 2 2 2 2 2 2 2 2 2 2
left_child=1 -1 4 -2 5 6 -3 8 -5 -8 11 -11 -4 -14
right_child=3 2 12 7 -6 -7 9 -9 -10 10 -12 -13 13 -15
leaf_value=0.092135154910569284 0.084975654232126774 -0.082768928826503177 -0.078124692459833514 0.065433643595430954 0.064720129793114881 -0.082122520147903708 0.083078819663730319 -0.089467570511323924 -0.054102141972375777 0.028093588838656258 0.042216144750481382 -0.072966394415148364 0.0060828420341302713 -0.085085646662398026
leaf_weight=208.64978134632111 10.44241490960121 11.359756231307982 35.432366088032722 8.4899445772171003 103.73684945702553 27.449790447950363 22.454258948564529 228.03890641033649 77.258968666195869 14.470522433519362 95.294152840971947 25.093939661979675 31.880387037992477 14.602520436048506
leaf_count=840 42 46 143 34 416 111 90 924 311 58 382 101 128 59
internal_value=0.000189625 0.0394064 0.0104233 -0.0711257 0.0264694 0.00601144 0.0207538 -0.076574 -0.0416491 0.0287049 0.0191067 -0.0362228 -0.0479262 -0.0237463
internal_weight=914.655 590.424 381.775 324.23 299.859 196.122 168.673 313.788 85.7489 157.313 134.859 39.5645 81.9153 46.4829
internal_count=3685 2374 1534 1311 1204 788 677 1269 345 631 541 159 330 187
is_linear=0
shrinkage=0.05


Tree=3
num_leaves=15
num_cat=0
split_feature=0 19 20 17 20 20 17 20 16 16 20 17 20 16
split_gain=859.605 477.261 183.64 98.1697 146.123 60.4448 135.591 26.362 49.3965 23.9841 41.4949 63.1938 19.9697 66.9326
threshold=1.0000000180025095e-35 0.7972222200000002 0.10607253000000001 0.0048566131500000003 0.080423944000000011 0.064987920000000018 0.0029143062500000005 0.067508926000000011 59.528113500000011 50.62977200000001 0.11775318000000001 0.0069485367000000015 0.07685541550000001 59.399861000000008
decision_type=2 2 2 2 2 2 2 2 2 2 2 2 2 2
left_child=-1 2 3 4 5 -2 7 8 -7 -4 11 -11 -8 -14
right_child=1 -3 9 -5 -6 6 12 -9 -10 10 -12 -13 13 -15
leaf_value=0.088442319527398061 0.06224434475918536 -0.086066702829968783 -0.07976468081681648 0.05984354863764061 -0.081390906293985224 -0.071588971705390914 0.069638735308888658 -0.078724311338266406 0.080684691501805225 -0.059994449944106833 -0.084401091289046812 0.064153814553684393 -0.05607813072642185 0.082189754827475481
leaf_weight=207.93364331126213 59.442253947257996 229.20972007513046 48.181364580988884 107.56538146734238 41.719213247299194 11.599462136626245 40.636618375778198 38.099729225039482 8.2324531674385053 20.34925588965416 22.580010011792183 18.716587424278259 15.706340000033377 17.448753729462624
leaf_count=845 239 940 196 433 170 47 163 154 33 82 92 75 63 70
internal_value=-0.000267786 -0.0275045 0.00243068 0.0205768 0.00226192 0.0208465 0.00183687 -0.0548969 -0.00753963 -0.0534982 -0.0320232 -0.000397909 0.0465153 0.0169649
internal_weight=887.421 679.487 450.277 340.45 232.885 191.166 131.723 57.9316 19.8319 109.827 61.6459 39.0658 73.7917 33.1551
internal_count=3602 2757 1817 1372 939 769 530 234 80 445 249 157 296 133
is_linear=0
shrinkage=0.05


Tree=4
num_leaves=15
num_cat=0
split_feature=22 2 20 17 20 2 17 21 20 17 20 16 20 17
split_gain=822.897 320.941 130.219 83.396 94.5055 69.3326 50.1953 37.2727 37.2004 93.3103 32.3639 23.8085 35.4398 51.4909
threshold=1.1817224000000002 1.0000000180025095e-35 0.10607253000000001 0.0045417656500000006 0.080423944000000011 1.0000000180025095e-35 0.00018579475000000002 0.45959323000000002 0.065275027000000013 0.0028839208500000004 0.067508926000000011 50.62977200000001 0.11775318000000001 0.007051918600000001
decision_type=2 2 2 2 2 2 2 2 2 2 2 2 2 2
left_child=1 2 3 4 6 7 -1 -2 -8 -10 -9 -4 13 -13
right_child=5 -3 11 -5 -6 -7 8 10 9 -11 -12 12 -14 -15
leaf_value=-0.077253719009517871 -0.083025186872430268 0.085122375349365162 -0.074493010786972055 0.059377059504270684 -0.076841248971318832 0.07599869220107458 0.059819804428930284 0.038122548237234932 -0.050466848463654429 0.043250490273041897 -0.054243116100023282 -0.050275113200657799 -0.079829243552113127 0.068178948923941177
leaf_weight=11.79250195622444 213.45370301604271 199.63580860197544 38.352724581956863 103.48167265951633 29.478517085313797 7.3138475418090811 52.951211646199226 10.412168174982069 40.765198856592178 72.027576625347137 62.585160344839096 18.061735674738884 16.679197549819946 16.699150949716568
leaf_count=49 889 822 158 419 122 30 214 42 166 290 255 73 69 67
internal_value=-5.75037e-05 0.0335079 0.00761836 0.0229589 0.00455638 -0.0684858 0.0184265 -0.0724264 0.0256565 0.00923363 -0.0407312 -0.0450965 -0.0221765 0.00694554
internal_weight=893.69 599.925 400.289 310.497 207.015 293.765 177.536 286.451 165.744 112.793 72.9973 89.7928 51.4401 34.7609
internal_count=3665 2449 1627 1260 841 1216 719 1186 670 456 297 367 209 140
is_linear=0
shrinkage=0.05


Tree=5
num_leaves=15
num_cat=0
split_feature=22 3 20 0 17 20 19 17 20 16 20 17 23 17
split_gain=748.569 279.607 107.877 90.5695 72.5654 77.3246 49.1975 34.3782 30.3129 30.2758 34.6142 42.0362 24.9577 25.5134
threshold=1.1581658000000001 10.465913500000001 0.10687178000000001 1.0000000180025095e-35 0.0048566131500000003 0.079992545500000026 0.27855369500000005 0.00018579475000000002 0.064987920000000018 59.455620500000009 0.11702090500000002 0.0068890908000000008 -0.17096798999999999 0.0029143062500000005
decision_type=2 2 2 2 2 2 2 2 2 2 2 2 2 2
left_child=1 -1 4 -2 5 7 8 -3 -5 -4 11 -11 -9 -14
right_child=3 2 9 6 -6 -7 -8 12 -10 10 -12 -13 13 -15
leaf_value=0.082071038778083499 0.076225566951410417 -0.072986956950224377 -0.076317581525044517 0.052253719069992911 0.056918989411923707 -0.069519808183577503 -0.08043224483870326 0.046082647273400903 -0.044726020458868837 -0.063193226602529226 -0.074549615256521248 0.054391137077064958 -0.018228266518180568 0.038685223144638049
leaf_weight=196.45894429087639 10.566131249070166 8.7617268115282041 35.140232145786285 8.1336449086666089 100.02635830640793 28.898486077785492 213.89989194273949 67.987842574715614 77.98193097114563 10.553680166602136 15.252610832452772 21.347774609923363 47.528904259204865 32.158600211143494
leaf_count=822 44 37 147 33 408 121 907 276 320 43 64 86 194 130
internal_value=-0.000229104 0.0340778 0.00827937 -0.0624508 0.0228263 0.00421968 -0.0675718 0.0181966 -0.0350716 -0.0418318 -0.0150812 0.0147533 0.0240611 0.00493447
internal_weight=874.697 564.115 367.656 310.582 285.362 185.336 300.015 156.437 86.1156 82.2943 47.1541 31.9015 147.675 79.6875
internal_count=3632 2328 1506 1304 1166 758 1260 637 353 340 193 129 600 324
is_linear=0
shrinkage=0.05


Tree=6
num_leaves=15
num_cat=0
split_feature=22 1 20 0 17 20 23 19 17 20 20 19 22 23
split_gain=687.412 265.728 106.1 82.3891 73.4021 67.157 44.284 39.9876 37.2163 36.1353 24.2139 32.3252 19.4406 16.0684
threshold=1.1617098000000003 0.9461872600000002 0.10607253000000001 1.0000000180025095e-35 0.0045417656500000006 0.080423944000000011 -0.17096798999999999 0.26958323500000003 0.0030039902500000001 0.064987920000000018 0.065547033000000018 0.27855369500000005 0.99160615500000004 1.7484259000000002
decision_type=2 2 2 2 2 2 2 2 2 2 2 2 2 2
left_child=1 -1 4 -2 5 6 -3 9 10 -5 11 -8 -4 -11
right_child=3 2 12 7 -6 -7 8 -9 -10 13 -12 -13 -14 -15
leaf_value=0.079676211251473075 0.073787988386785783 0.044729842573367672 -0.011519533345952385 0.060543202857322398 0.056691777369867795 -0.070953213346745314 0.035968963389881002 -0.078024290322809817 0.035212868026610819 -0.022021174384374308 -0.061177998404569091 -0.07030773014711128 -0.062095925514491571 -0.068453250453802919
leaf_weight=197.00479045510292 10.161850661039351 71.583233773708344 31.594114616513252 7.8337091803550711 98.941014215350151 25.031627848744392 20.953793555498127 201.88714903593063 32.547355324029922 36.489866882562637 30.236820295453072 9.6145443618297559 48.805062741041183 40.257948473095894
leaf_count=840 43 292 131 32 407 107 85 874 132 150 124 41 205 167
internal_value=0.000654801 0.0329399 0.00786089 -0.0608859 0.0220039 0.00373505 0.0154295 -0.0659032 -0.00727418 -0.0363979 -0.0302181 0.00137387 -0.0426068 -0.0469442
internal_weight=862.943 566.312 369.308 296.631 288.908 189.967 164.936 286.469 93.3525 84.5815 60.8052 30.5683 80.3992 76.7478
internal_count=3630 2364 1524 1266 1188 781 674 1223 382 349 250 126 336 317
is_linear=0
shrinkage=0.05


Tree=7
num_leaves=15
num_cat=0
split_feature=22 1 20 20 20 8 20 20 16 21 20 18 16 20
split_gain=638.104 249.32 108.578 71.5612 76.3378 53.3532 38.0439 32.4221 72.1315 30.5774 26.7879 25.0038 20.7469 25.2669
threshold=1.1817224000000002 0.9543369450000001 0.10607253000000001 0.093111191000000024 0.080423944000000011 0.19409950000000001 0.042721384000000008 0.061731599500000005 25.253168500000005 0.45959323000000002 0.063602257000000009 4.2359866500000006e-05 59.455620500000009 0.11775318000000001
decision_type=2 2 2 2 2 2 2 2 2 2 2 2 2 2
left_child=1 -1 3 4 6 -2 -3 -8 10 -7 -9 -10 -4 -14
right_child=5 2 12 -5 -6 9 7 8 11 -11 -12 -13 13 -15
leaf_value=0.077316980906616303 0.065698213531692903 -0.070994522115526565 -0.06863617642412094 0.056120215943301938 -0.070584070081712885 -0.075844539153045953 0.079111900353740203 0.024773705767520936 -0.036030150012304057 -0.037311762082018848 -0.067955776709375762 0.044328651685204376 0.0050267401405641047 -0.073212887149243386
leaf_weight=189.70131044089794 7.2248378694057456 10.545936837792395 38.647904857993126 99.10444812476635 28.138707533478737 195.00240436196327 21.318286910653114 10.017358511686323 10.065426781773565 74.212652996182442 28.273830384016037 91.186181783676147 33.341746628284454 13.869950354099272
leaf_count=826 31 46 166 412 122 864 88 41 41 309 117 372 136 60
internal_value=0.000533042 0.0305725 0.00736995 0.0216203 0.00429144 -0.0617491 0.0169213 0.0230881 0.0140272 -0.0653999 -0.0436837 0.0360659 -0.0418759 -0.0190005
internal_weight=850.651 574.211 384.51 298.65 199.546 276.44 171.407 160.861 139.543 269.215 38.2912 101.252 85.8596 47.2117
internal_count=3631 2427 1601 1239 827 1204 705 659 571 1173 158 413 362 196
is_linear=0
shrinkage=0.05


Tree=8
num_leaves=15
num_cat=0
split_feature=22 1 20 20 20 20 20 20 22 22 22 18 20 20
split_gain=583.774 273.149 93.9195 75.9062 64.2993 47.6739 31.3472 53.5284 22.261 17.2072 12.186 12.0741 10.52 10.2662
threshold=1.2393061500000002 0.9461872600000002 0.10503381000000002 0.093111191000000024 0.080423944000000011 0.042721384000000008 0.065547033000000018 0.071614835500000015 1.3344752000000002 0.9950935150000001 1.0486385500000002 7.790075050000002e-05 0.066834719000000015 0.11775318000000001
decision_type=2 2 2 2 2 2 2 2 2 2 2 2 2 2
left_child=1 -1 3 4 5 -3 -7 12 -2 13 11 -9 -8 -4
right_child=8 2 9 -5 -6 6 7 10 -10 -11 -12 -13 -14 -15
leaf_value=0.075355761623694451 -0.030316634998147757 -0.070775488879576409 0.0015345652352197888 0.054711811024461932 -0.067115150035536017 0.049322930873843117 -0.0057423278717057815 -0.0046157340687419182 -0.072717951590965557 -0.054484660301204246 0.00077152199205915255 0.054860434189266186 -0.065993372819803581 -0.065941329727699685
leaf_weight=188.92905896902084 38.8851188570261 15.180290609598158 30.087455078959465 89.973254770040512 29.503681838512421 55.878998756408691 10.610829681158064 10.777801916003225 203.37931860983372 64.156353145837784 28.803101047873497 37.448572427034378 23.311814501881599 5.9246276319026938
leaf_count=842 166 68 125 378 130 231 44 44 919 275 118 154 97 26
internal_value=-0.00086436 0.025948 0.00257845 0.0165202 9.34327e-05 0.011295 0.01914 0.00363409 -0.0660648 -0.0391321 0.0266301 0.0417447 -0.0478512 -0.0110481
internal_weight=832.85 590.586 401.657 301.488 211.515 182.011 166.831 110.952 242.264 100.168 77.0295 48.2264 33.9226 36.0121
internal_count=3617 2532 1690 1264 886 756 688 457 1085 426 316 198 141 151
is_linear=0
shrinkage=0.05


Tree=9
num_leaves=15
num_cat=0
split_feature=0 21 20 17 20 20 17 16 20 17 20 16 20 16
split_gain=549.396 297.679 113.81 66.8265 90.5541 31.2443 99.3023 22.8226 31.2123 49.825 17.7447 53.1455 14.4571 30.9502
threshold=1.0000000180025095e-35 0.11479071000000002 0.10607253000000001 0.0048566131500000003 0.079992545500000026 0.065547033000000018 0.0029143062500000005 59.455620500000009 0.11775318000000001 0.0067674246500000002 0.076390651000000018 59.399861000000008 0.067508926000000011 25.159114500000005
decision_type=2 2 2 2 2 2 2 2 2 2 2 2 2 2
left_child=-1 -2 3 4 5 -3 12 -4 9 -9 -8 -12 13 -7
right_child=1 2 7 -5 -6 6 10 8 -10 -11 11 -13 -14 -15
leaf_value=0.073550830226697367 -0.072400389794469541 0.044922563775637012 -0.070029202526478609 0.049277419414267082 -0.065442124909291841 -0.067295456944404475 0.064786263117126 -0.065662884562713256 -0.072271990445586604 0.045988045308174068 -0.05131328080001997 0.072835368595657854 -0.067494489292115448 0.070143260401934415
leaf_weight=193.26625175774097 202.4137366861105 60.06708350777626 45.644722878932953 101.34784504771233 41.308511912822723 8.4830373823642713 34.920711994171143 15.283596798777578 19.968473389744759 24.866814106702805 15.681219026446341 16.886679872870445 36.545690193772316 6.2219555526971808
leaf_count=883 942 250 201 429 183 36 144 64 89 101 64 70 154 25
internal_value=3.13771e-05 -0.0226161 0.00108504 0.0158971 0.000374437 0.015859 0.000904152 -0.0436627 -0.022826 0.0029243 0.0405028 0.0133108 -0.0510179 -0.00837911
internal_weight=822.906 629.64 427.226 321.463 220.115 178.806 118.739 105.764 60.1189 40.1504 67.4886 32.5679 51.2507 14.705
internal_count=3635 2752 1810 1355 926 743 493 455 254 165 278 134 215 61
is_linear=0
shrinkage=0.05


Tree=10
num_leaves=15
num_cat=0
split_feature=22 0 20 20 20 0 17 19 20 23 20 16 20 17
split_gain=510.262 211.897 69.6066 54.2884 51.4577 43.5046 33.7711 28.7288 24.8316 22.8661 15.6114 32.2785 15.2776 39.3281
threshold=1.1817224000000002 1.0000000180025095e-35 0.10503381000000002 0.093111191000000024 0.080423944000000011 1.0000000180025095e-35 0.00018579475000000002 0.28044944000000011 0.067508926000000011 -0.037193970999999992 0.062769538500000013 25.253168500000005 0.11775318000000001 0.007051918600000001
decision_type=2 2 2 2 2 2 2 2 2 2 2 2 2 2
left_child=1 -1 3 4 6 -2 -3 8 -7 -8 -11 -12 13 -4
right_child=5 2 12 -5 -6 7 9 -9 -10 10 11 -13 -14 -15
leaf_value=0.0717563431711747 0.064308028374575485 -0.06653943914484399 -0.047356927835508281 0.050930763942523528 -0.060474441439767102 0.043035055611553283 0.038897839881022335 -0.070743121396811409 -0.043672720902128856 0.051862910646471333 -0.061217178203750125 0.012959263918726024 -0.069953089331600743 0.03388343131698817
leaf_weight=180.84729334712029 6.3820832073688498 11.310900732874869 44.396091878414154 85.065098538994789 26.297836273908615 8.7884349673986417 76.967320695519447 186.60515390336514 57.685029357671738 11.846468493342398 19.414262995123863 51.233433678746223 20.606563284993172 21.317980632185936
leaf_count=850 29 53 193 367 121 36 323 894 248 50 83 212 95 89
internal_value=0.000301944 0.0275907 0.00577753 0.0177993 0.00331315 -0.057355 0.0134309 -0.0606641 -0.0317412 0.0194827 0.00111934 -0.00799463 -0.0332688 -0.0208893
internal_weight=808.764 549.303 368.456 282.135 197.07 259.461 170.772 253.079 66.4735 159.461 82.4942 70.6477 86.3206 65.7141
internal_count=3643 2436 1586 1209 842 1207 721 1178 284 668 345 295 377 282
is_linear=0
shrinkage=0.05


Tree=11
num_leaves=15
num_cat=0
split_feature=0 19 22 22 18 10 8 22 0 11 3 18 3 10
split_gain=459.504 253.329 80.7208 11.9991 8.75872 9.1659 9.00627 8.31369 7.7618 6.91805 6.03512 7.91278 5.91577 7.78918
threshold=1.0000000180025095e-35 0.7972222200000002 1.0519562500000001 0.97218572000000003 0.00012785925000000003 0.54662902000000013 0.32867753500000002 1.1617098000000003 0.014269158000000002 0.12406693000000001 20.436266000000007 0.00025661712000000006 18.627838500000006 0.42510136000000004
decision_type=2 2 2 2 2 2 2 2 2 2 2 2 2 2
left_child=-1 2 3 10 5 6 -4 9 -5 -6 11 -2 13 -8
right_child=1 -3 4 8 7 -7 12 -9 -10 -11 -12 -13 -14 -15
leaf_value=0.070301382891177308 0.044199772194966229 -0.069364297258081561 -0.049931866908339569 0.034439054757037339 -0.040830148631674203 -0.063023095043270083 0.040289124057220814 -0.049253008415796419 -0.00031530211107913943 -0.0057925036080200207 0.01455385845300799 0.0055898384362551186 -0.0097456791813491511 -0.022786282403348391
leaf_weight=176.58162416517735 72.092518389225006 187.01043020188808 9.387374594807623 19.038413539528847 23.288263246417046 6.9473340958356848 14.924474120140077 46.432414591312408 80.93146587908268 34.493889927864075 47.145829394459724 16.599143624305725 47.687664866447449 6.2981311678886405
leaf_count=853 309 922 41 82 101 31 64 202 353 151 202 72 207 28
internal_value=-0.000525621 -0.0210336 0.000332682 0.0198221 -0.0239012 -0.0118121 -0.00653071 -0.0335836 0.0065789 -0.0203683 0.0294492 0.0371166 1.13213e-05 0.0213875
internal_weight=788.859 612.277 425.267 235.807 189.46 85.245 78.2976 104.215 99.9699 57.7822 135.837 88.6917 68.9103 21.2226
internal_count=3618 2765 1843 1018 825 371 340 454 435 252 583 381 299 92
is_linear=0
shrinkage=0.05


Tree=12
num_leaves=15
num_cat=0
split_feature=1 19 22 17 17 17 17 17 17 16 17 16 17 17
split_gain=421.759 245.444 67.4915 28.9552 21.2342 12.8391 20.7243 18.2513 21.9047 16.8611 21.0582 12.0853 12.5266 9.63176
threshold=0.9461872600000002 0.7972222200000002 1.0519562500000001 0.0063634604500000013 0.0063634604500000013 0.0022714538000000004 0.0045417656500000006 0.0035871455500000003 0.0030039902500000001 59.399861000000008 0.0054134777000000005 25.003632000000003 0.0024262726000000004 0.0025475561500000006
decision_type=2 2 2 2 2 2 2 2 2 2 2 2 2 2
left_child=-1 2 4 5 11 -4 7 8 13 -8 -11 12 -2 -7
right_child=1 -3 3 -5 -6 6 9 -9 -10 10 -12 -13 -14 -15
leaf_value=0.06873767484770997 0.018171151374394307 -0.068023822749794002 0.030359715457168007 -0.053409556178554252 -0.010974915861719272 -0.0056608678300854023 0.049255804068728926 -0.064856858705560613 0.022556055541113798 0.058062000537117277 -0.045531860808256941 0.031357040320866565 -0.063707324565805704 -0.059945284970210989
leaf_weight=172.60448324680328 12.63429367542267 182.0258064866066 17.206440255045891 48.989080771803856 45.148908540606499 13.683164224028586 17.975774422287941 23.846372693777084 24.12734192609787 6.0491235852241543 15.350635692477224 165.63167725503445 6.1419316828250876 20.156957536935806
leaf_count=859 54 926 73 222 197 58 78 110 101 26 66 716 26 87
internal_value=0.000104417 -0.0197552 0.0014299 -0.0207752 0.0195672 -0.0089231 -0.0147033 -0.0289331 -0.0133057 0.0148476 -0.0149639 0.0270638 -0.0104794 -0.038788
internal_weight=771.572 598.968 416.942 187.385 229.557 138.396 121.189 81.8138 57.9675 39.3755 21.3998 184.408 18.7762 33.8401
internal_count=3599 2740 1814 821 993 599 526 356 246 170 92 796 80 145
is_linear=0
shrinkage=0.05


Tree=13
num_leaves=15
num_cat=0
split_feature=22 1 23 17 17 21 18 17 17 16 17 17 17 16
split_gain=387.979 200.715 57.1808 16.1594 13.5244 27.9291 11.6885 10.9729 17.4178 10.2583 9.77349 14.9926 14.7897 12.342
threshold=1.2725675500000002 0.9461872600000002 -0.050615541499999993 0.0063634604500000013 0.0062927196500000013 0.61838401000000009 2.5685991500000001e-05 0.00018579475000000002 0.0024026887000000003 25.159114500000005 0.0036524545500000003 0.0030039902500000001 0.0045417656500000006 30.078014500000005
decision_type=2 2 2 2 2 2 2 2 2 2 2 2 2 2
left_child=1 -1 3 6 5 7 -3 -4 -9 -10 11 -11 -12 -13
right_child=-2 2 4 -5 -6 -7 -8 8 9 10 12 13 -14 -15
leaf_value=0.06758192421981922 -0.061254430753621358 -0.026104472012602648 -0.062467664667555517 -0.0077970942694020875 -0.034120901185082791 0.025458724714852683 0.037042069662023051 0.020113616058488614 -0.069335121160297261 -0.032848825535656011 -0.065118441871933483 -0.010356259357428812 0.00055442836350065561 0.053874078564496934
leaf_weight=162.48232318460941 191.91039033234119 7.1229276210069647 11.792637482285498 29.166255220770836 58.196462422609329 48.925209909677505 117.92809094488621 28.69461153447628 10.065099686384199 23.153278157114983 19.704316645860672 15.21859221160412 14.602491483092306 13.216161072254179
leaf_count=835 985 32 61 126 265 213 513 122 45 97 93 65 63 56
internal_value=-8.36623e-05 0.0209411 0.00176825 0.0255003 -0.0133007 -0.00661632 0.0332667 -0.0182189 -0.013569 -0.0237446 -0.0176658 -0.00371735 -0.0379412 0.0203134
internal_weight=752.179 560.268 397.786 154.217 243.569 185.372 125.051 136.447 124.655 95.9599 85.8948 51.588 34.3068 28.4348
internal_count=3571 2586 1751 671 1080 815 545 602 541 419 374 218 156 121
is_linear=0
shrinkage=0.05


Tree=14
num_leaves=15
num_cat=0
split_feature=1 19 20 17 20 20 17 20 17 20 17 21 20 17
split_gain=369.453 221.787 95.3176 48.6663 81.1573 35.1298 71.0513 17.3969 26.9776 13.6323 36.5141 15.7378 13.0049 26.6888
threshold=0.9543369450000001 0.7972222200000002 0.10607253000000001 0.0048566131500000003 0.079992545500000026 0.065547033000000018 0.0029143062500000005 0.076390651000000018 0.0033074430000000006 0.11605438500000002 0.0069485367000000015 0.67575216500000013 0.10060217 0.0056782438500000013
decision_type=2 2 2 2 2 2 2 2 2 2 2 2 2 2
left_child=-1 2 3 4 5 -2 -7 -8 -9 10 -4 -12 -5 -14
right_child=1 -3 9 12 -6 6 7 8 -10 -11 11 -13 13 -15
leaf_value=0.065701121323533548 0.050225388268927876 -0.065788329073885862 -0.053679824301249894 0.06662327522148187 -0.06194850457480218 -0.045588843972881793 0.057200045617813944 -0.072175393646888172 0.032612988756352372 -0.06484081257387804 -0.015248792519194095 0.066293615909991471 -0.065941412093355134 0.039669319808811221
leaf_weight=166.74840848147869 52.739864870905876 172.95294384658337 40.348412781953812 38.412642136216164 39.518743798136711 46.680187985301018 36.014272138476372 7.2747466564178493 22.876645341515541 36.374788075685501 11.456624716520311 10.606212168931959 5.7727365791797629 56.229743853211403
leaf_count=883 227 937 182 170 187 203 153 30 97 172 49 44 25 247
internal_value=0.000372006 -0.0185801 0.001727 0.0155405 0.00152359 0.0169528 0.00109788 0.0342239 0.00582496 -0.0407223 -0.0258646 0.0251257 0.0438737 0.0289459
internal_weight=744.007 577.259 404.306 305.52 205.104 165.586 112.846 66.1657 30.1514 98.786 62.4112 22.0628 100.415 62.0025
internal_count=3606 2723 1786 1339 897 710 483 280 127 447 275 93 442 272
is_linear=0
shrinkage=0.05


Tree=15
num_leaves=15
num_cat=0
split_feature=2 19 20 17 20 20 16 20 17 20 16 16 20 17
split_gain=345.347 206.273 87.9473 49.1423 74.9855 33.7281 72.621 22.1757 41.9804 22.0644 60.5783 18.262 25.6038 43.425
threshold=1.0000000180025095e-35 0.7972222200000002 0.10607253000000001 0.0045417656500000006 0.080423944000000011 0.063602257000000009 25.253168500000005 0.067954421000000001 0.0029143062500000005 0.076390651000000018 59.298369500000007 50.62977200000001 0.11702090500000002 0.0067674246500000002
decision_type=2 2 2 2 2 2 2 2 2 2 2 2 2 2
left_child=1 2 3 4 5 -1 -7 -8 -9 -10 -11 -4 13 -13
right_child=-2 -3 11 -5 -6 6 7 8 9 10 -12 12 -14 -15
leaf_value=0.054436508605782058 0.06538297494800363 -0.064799793755835583 -0.064127782498121538 0.043469873289973905 -0.064071047567701919 -0.058664210277840884 0.074989666373653313 -0.05061522213798985 0.062199950012194118 -0.059826851262765803 0.064731574029357294 -0.058901627152100747 -0.063173374436162263 0.048939851226311427
leaf_weight=39.329605534672737 158.07217308878899 165.34033246338367 42.180616736412048 97.664281770586967 35.921877980232239 35.124516472220421 16.513931676745415 19.139479592442513 30.663570210337639 17.731236159801483 19.391590654850006 14.806547850370405 21.024503126740456 21.811775028705597
leaf_count=173 867 926 202 436 177 155 70 82 132 73 84 66 103 90
internal_value=0.000148202 -0.0178165 0.00118176 0.0142803 0.00080713 0.0141928 0.00246198 0.0235812 0.013073 0.0315298 0.00522912 -0.039426 -0.020565 0.00492774
internal_weight=734.716 576.644 411.304 311.48 213.816 177.894 138.564 103.44 86.9259 67.7864 37.1228 99.8234 57.6428 36.6183
internal_count=3636 2769 1843 1382 946 769 596 441 371 289 157 461 259 156
is_linear=0
shrinkage=0.05


Tree=16
num_leaves=15
num_cat=0
split_feature=22 0 20 17 20 22 23 17 20 19 10 20 17 21
split_gain=322.856 141.666 49.4038 42.1104 38.4719 32.454 26.032 19.9173 21.0611 23.0731 15.3828 14.1278 31.106 10.4483
threshold=1.1817224000000002 1.0000000180025095e-35 0.10503381000000002 0.0045417656500000006 0.080423944000000011 1.3344752000000002 -0.17096798999999999 0.0030039902500000001 0.065547033000000018 0.25324894500000006 0.22559768000000002 0.11605438500000002 0.007051918600000001 0.60630993500000008
decision_type=2 2 2 2 2 2 2 2 2 2 2 2 2 2
left_child=1 -1 3 4 6 10 13 8 9 -8 -2 12 -4 -3
right_child=5 2 11 -5 -6 -7 7 -9 -10 -11 -12 -13 -14 -15
leaf_value=0.06426310204920381 0.057944160610482687 0.040529753993483519 -0.039174459094382219 0.045530346324422266 -0.058724845384431006 -0.061509461954482814 0.040404159730665828 0.024180320857023201 -0.053225921421648829 -0.041161463526006269 -0.026591725319223165 -0.059064832374805733 0.039044004470428044 -0.020026039092123939
leaf_weight=143.68017239868641 4.955950900912284 62.449732691049576 38.409330010414124 81.478215605020523 21.513715028762817 160.02137045562267 18.652121365070343 34.291359663009644 28.852526143193245 14.52505326271057 60.958624735474586 25.016458109021187 17.831664323806763 7.4185111075639716
leaf_count=818 26 278 176 374 110 915 81 146 129 74 288 125 75 32
internal_value=1.57127e-06 0.0226369 0.00543579 0.0157508 0.00265136 -0.0493832 0.0109004 -0.0059656 -0.0227501 0.004535 -0.0194647 -0.0285109 -0.0141258 0.0339082
internal_weight=720.055 494.119 350.439 269.181 187.703 225.936 166.189 96.3211 62.0297 33.1772 65.9146 81.2575 56.241 69.8682
internal_count=3647 2418 1600 1224 850 1229 740 430 284 155 314 376 251 310
is_linear=0
shrinkage=0.05


Tree=17
num_leaves=15
num_cat=0
split_feature=0 19 20 17 20 20 17 20 16 22 16 20 16 20
split_gain=311.295 184.556 71.4552 46.5812 58.8762 29.4125 59.1438 19.258 64.1921 18.3793 9.15689 27.1235 8.85905 27.1227
threshold=1.0000000180025095e-35 0.7972222200000002 0.10503381000000002 0.0045417656500000006 0.080423944000000011 0.065547033000000018 0.0029143062500000005 0.076616847000000016 59.298369500000007 0.9950935150000001 29.858190500000003 0.068673646500000005 59.399861000000008 0.10161847000000002
decision_type=2 2 2 2 2 2 2 2 2 2 2 2 2 2
left_child=-1 2 3 4 5 -2 10 -8 -9 -4 -7 -12 -5 -14
right_child=1 -3 9 12 -6 6 7 8 -10 -11 11 -13 13 -15
leaf_value=0.063449625895619907 0.040837867903669174 -0.063060527559726839 -0.0043130572299126466 0.056042760652542448 -0.062583581019090562 -0.069600266897481833 0.053688557327415287 -0.067857858964978243 0.064626544386164872 -0.049322231963784345 0.057260081848238754 -0.055903018183053668 0.060154845378493985 -0.019417586554996598
leaf_weight=147.84274400770664 55.063562244176865 160.13174220919609 33.546980351209641 51.292723745107651 31.150291785597801 21.89103476703167 32.092303603887558 16.766929149627686 17.836615264415741 70.374260365962982 6.5419958829879787 17.259866565465927 22.474045127630234 18.998336106538773
leaf_count=870 246 960 149 237 162 104 141 69 79 343 27 76 104 86
internal_value=-0.000778551 -0.0179582 0.000425777 0.0131276 -0.000582732 0.011254 -0.00347257 0.0264181 0.000329169 -0.0349723 -0.0467341 -0.0237452 0.0421733 0.0241041
internal_weight=703.263 555.421 395.289 291.368 198.603 167.452 112.389 66.6958 34.6035 103.921 45.6929 23.8019 92.7651 41.4724
internal_count=3653 2783 1823 1331 904 742 496 289 148 492 207 103 427 190
is_linear=0
shrinkage=0.05


Tree=18
num_leaves=15
num_cat=0
split_feature=1 19 20 20 20 20 16 18 20 16 21 20 23 20
split_gain=281.661 172.964 68.3308 37.5624 56.5961 23.0431 61.18 21.272 15.3951 26.607 19.2844 13.033 13.5871 12.0985
threshold=0.9461872600000002 0.7972222200000002 0.10503381000000002 0.093111191000000024 0.080423944000000011 0.062297709500000006 29.808117500000005 3.9454942000000002e-05 0.11605438500000002 59.506820000000012 0.67575216500000013 0.067954421000000001 -0.024737545499999996 0.063898661000000009
decision_type=2 2 2 2 2 2 2 2 2 2 2 2 2 2
left_child=-1 2 3 4 5 -2 13 -8 9 -4 -11 -9 -13 -7
right_child=1 -3 8 -5 -6 6 7 11 -10 10 -12 12 -14 -15
leaf_value=0.062398652094120648 0.055893657942218622 -0.062195619597672863 -0.049804672041572066 0.040069483583272655 -0.057648284211642246 0.0042907083643197782 -0.038055295652125704 0.074843427440638932 -0.061229136211082946 -0.016674371895411121 0.061028564602844795 0.051174108228786264 0.0071771010704399316 -0.057391126786979343
leaf_weight=140.36820642650127 25.386970087885857 150.5053049325943 34.57090750336647 88.406735628843307 33.104904115200043 10.123052835464476 10.446894720196722 15.834513202309607 34.384962007403374 20.556760013103485 11.746987849473951 28.851314544677734 43.526905104517937 33.899166911840439
leaf_count=856 118 937 167 414 175 44 46 70 179 89 50 130 189 155
internal_value=-0.00045975 -0.0168436 0.000734747 0.0131034 0.00111352 0.0129605 0.00498566 0.0268065 -0.0344193 -0.0199355 0.0125657 0.0348284 0.0251735 -0.0434269
internal_weight=681.714 541.345 390.84 289.58 201.174 168.069 142.682 98.6596 101.26 66.8747 32.3037 88.2127 72.3782 44.0222
internal_count=3619 2763 1826 1341 927 752 634 435 485 306 139 389 319 199
is_linear=0
shrinkage=0.05


Tree=19
num_leaves=15
num_cat=0
split_feature=1 17 20 17 20 20 16 20 20 17 23 20 16 16
split_gain=259.513 166.559 65.1969 39.3275 59.0282 21.4744 40.4425 24.7873 17.5151 47.0465 15.7132 12.1132 43.7744 11.2415
threshold=0.9461872600000002 0.00018579475000000002 0.10503381000000002 0.0045417656500000006 0.080423944000000011 0.061286753000000006 29.789258000000004 0.063898661000000009 0.067954421000000001 0.0029143062500000005 -0.43295821999999995 0.07685541550000001 59.399861000000008 59.399861000000008
decision_type=2 2 2 2 2 2 2 2 2 2 2 2 2 2
left_child=-1 -2 3 4 5 -3 7 -7 -8 -10 -4 -11 -13 -5
right_child=1 2 10 13 -6 6 8 -9 9 11 -12 12 -14 -15
leaf_value=0.061590127632248227 -0.061435297122110578 0.059685923236429711 0.0060253295630322348 0.057151220582149824 -0.063785617393116625 0.01620293639675853 0.07082232371410721 -0.058141401175148079 -0.052034200190323988 0.05491933115124923 -0.042989136387620593 -0.056361986202155261 0.064536624557832212 0.021274213257236198
leaf_weight=133.52986451983452 145.9151286482811 19.924155920743942 20.163434252142906 47.197701334953308 29.101590633392334 16.810729503631592 15.561151713132857 30.620342493057251 19.448127523064613 34.098361998796463 80.634071499109268 12.623270481824877 15.658812791109083 43.318391487002373
leaf_count=845 943 96 90 225 160 75 70 145 87 153 400 52 72 202
internal_value=-0.000453451 -0.0161397 0.00113488 0.0133868 0.000629772 0.0123247 0.00544422 -0.0320015 0.023821 0.0141358 -0.0332215 0.0352608 0.0104934 0.0404016
internal_weight=664.605 531.075 385.16 284.363 193.847 164.745 144.821 47.4311 97.3897 81.8286 100.798 62.3804 28.2821 90.5161
internal_count=3615 2770 1827 1337 910 750 654 220 434 364 490 277 124 427
is_linear=0
shrinkage=0.05


Tree=20
num_leaves=15
num_cat=0
split_feature=1 17 22 17 21 16 18 17 17 17 16 18 17 17
split_gain=246.263 153.04 40.374 14.3229 8.59801 11.7493 9.67751 7.44758 9.86196 14.5858 10.5716 9.43404 8.99369 8.53874
threshold=0.9461872600000002 0.00018579475000000002 1.0324932500000001 0.0063634604500000013 0.62313972000000006 59.455620500000009 0.00010834713000000002 0.0035871455500000003 0.0030475874500000004 0.0025736701500000008 59.298369500000007 0.00020057399000000003 0.0022275554000000006 0.0045417656500000006
decision_type=2 2 2 2 2 2 2 2 2 2 2 2 2 2
left_child=-1 -2 -3 4 7 -6 -7 8 9 10 12 -10 -4 -9
right_child=1 2 3 -5 5 6 -8 13 11 -11 -12 -13 -14 -15
leaf_value=0.06082582770867842 -0.060732817459928146 0.016920622431325662 0.011091917844905498 -0.038967920206579736 0.034735183767874121 0.024787357670154386 -0.052776809504848435 -0.054823353813458466 0.048595669692225812 -0.049645497347893655 0.048914391880502589 -0.019487386923204935 -0.04805577730724777 -0.0035115162006536882
leaf_weight=130.02787567675114 138.215969607234 188.56737372279167 15.202201202511789 47.920392915606499 22.738302797079086 6.1079508513212195 8.6391647756099683 19.240925878286362 12.522582501173021 19.929083377122879 8.3806692659854871 7.4532817006111136 9.78124290704727 13.767353072762488
leaf_count=855 928 893 71 250 108 29 40 107 55 96 37 35 46 63
internal_value=-0.000430346 -0.0158805 0.000539257 -0.01558 -0.0075688 0.0127845 -0.0211173 -0.0147999 -0.00573814 -0.0169187 0.00350547 0.0234749 -0.0130232 -0.0341544
internal_weight=648.494 518.466 380.251 191.683 143.763 37.4854 14.7471 106.277 73.2691 53.2932 33.3641 19.9759 24.9834 33.0083
internal_count=3613 2758 1830 937 687 177 69 510 340 250 154 90 117 170
is_linear=0
shrinkage=0.05


Tree=21
num_leaves=15
num_cat=0
split_feature=0 19 20 20 20 20 18 23 20 21 23 20 23 18
split_gain=235.824 147.093 57.7055 32.9155 47.2246 21.2607 16.5391 12.8228 11.1885 18.0988 9.52583 9.57477 8.60837 7.81669
threshold=1.0000000180025095e-35 0.7972222200000002 0.10503381000000002 0.093111191000000024 0.080923837500000012 0.064133348000000021 7.9985575500000019e-05 -0.037193970999999992 0.11775318000000001 0.67575216500000013 1.7484259000000002 0.10086051500000003 0.26998082000000007 0.00015014598000000003
decision_type=2 2 2 2 2 2 2 2 2 2 2 2 2 2
left_child=-1 2 3 4 5 -2 -7 -8 9 -4 11 -5 -11 -9
right_child=1 -3 8 10 -6 6 7 13 -10 12 -12 -13 -14 -15
leaf_value=0.060357036474768144 0.042355385728141882 -0.060063758391007305 -0.038485144073001562 0.064000839083096672 -0.058764342662737827 -0.027377874302827371 0.036894572064148042 -0.024552900018009222 -0.062343572659198071 0.046789897754517085 -0.013164540392560625 0.027674863033668808 -0.013842783020312575 0.012854092277872634
leaf_weight=128.78399364650249 39.853601306676865 133.20770592987537 50.316781014204025 31.951782152056694 27.373494148254395 35.938400849699974 32.443626940250397 22.312431856989861 22.96164932847023 10.191648289561273 7.8844311982393256 46.913869172334671 11.548444077372549 33.852598771452904
leaf_count=881 188 930 240 158 156 165 152 104 130 44 36 226 57 154
internal_value=0.00020853 -0.0151662 0.000962183 0.0124469 0.000836338 0.0110554 0.00078221 0.0123816 -0.0324816 -0.0222427 0.0378118 0.0430091 0.0153891 -0.00217597
internal_weight=635.534 506.75 373.543 278.524 191.774 164.401 124.547 88.6087 95.0185 72.0569 86.7501 78.8657 21.7401 56.165
internal_count=3621 2740 1810 1339 919 763 575 410 471 341 420 384 101 258
is_linear=0
shrinkage=0.05


Tree=22
num_leaves=15
num_cat=0
split_feature=22 3 20 20 20 19 20 16 20 16 20 21 20 18
split_gain=211.252 125.454 43.0247 33.362 34.3758 23.53 18.9515 40.6452 18.2353 16.7804 17.5016 21.97 13.663 12.6805
threshold=1.29441245 10.465913500000001 0.10503381000000002 0.093111191000000024 0.080423944000000011 0.7972222200000002 0.061286753000000006 25.130637500000002 0.067508926000000011 59.399861000000008 0.11775318000000001 0.67731855500000016 0.065275027000000013 0.00016301261000000001
decision_type=2 2 2 2 2 2 2 2 2 2 2 2 2 2
left_child=1 -1 3 4 5 6 -3 12 -9 -4 11 -11 -8 -10
right_child=-2 2 9 -5 -6 -7 7 8 13 10 -12 -13 -14 -15
leaf_value=0.059650129452147573 -0.055321890914349761 0.060165443338019209 -0.053184289082346986 0.037282591597582578 -0.053904740085141595 -0.05623342710865941 -0.0068762908482989278 0.065290819215832394 -0.0047406277177680402 -0.020538193115118623 -0.05925559798772994 0.056656926144393494 -0.065191765029560964 0.033907012870278634
leaf_weight=118.49984522163868 135.05764311552048 17.56748640537262 39.493952661752701 80.755150645971298 25.33163146674633 12.454066395759581 20.460662797093391 19.428291738033295 47.447710990905762 24.740542247891426 12.245067104697226 13.379614442586897 19.243564516305923 37.095324158668518
leaf_count=842 945 88 208 400 148 86 90 92 214 110 72 58 97 170
internal_value=-0.000213892 0.0151151 0.000715712 0.0103913 -0.000651529 0.00737892 0.0126085 0.00641796 0.0228234 -0.0291929 -0.00971093 0.00731185 -0.0360474 0.0124151
internal_weight=623.201 488.143 369.643 279.784 199.029 173.697 161.243 143.676 103.971 89.8592 50.3652 38.1202 39.7042 84.543
internal_count=3620 2675 1833 1385 985 837 751 663 476 448 240 168 187 384
is_linear=0
shrinkage=0.05


Tree=23
num_leaves=15
num_cat=0
split_feature=0 19 20 20 20 20 16 20 16 20 21 20 20 20
split_gain=205.388 131.23 43.3725 35.811 37.273 18.8854 31.9678 18.4126 15.4152 21.6224 22.3542 15.3717 15.2153 10.8195
threshold=1.0000000180025095e-35 0.7972222200000002 0.10503381000000002 0.093111191000000024 0.080923837500000012 0.061731599500000005 29.789258000000004 0.067954421000000001 59.399861000000008 0.11775318000000001 0.67731855500000016 0.064133348000000021 0.071614835500000015 0.11017504500000001
decision_type=2 2 2 2 2 2 2 2 2 2 2 2 2 2
left_child=-1 2 3 4 5 -2 11 -8 -4 10 13 -7 -9 -10
right_child=1 -3 8 -5 -6 6 7 12 9 -11 -12 -13 -14 -15
leaf_value=0.059102246143797915 0.052759478105662339 -0.058914443096816288 -0.050783518675578856 0.037658298206219062 -0.05710603743581355 0.0061907549136809075 0.066093904696216968 -0.050491618914811923 -0.056337547981183435 -0.059410519822423215 0.059962077541250915 -0.054537771939410118 0.014834687814051718 0.0078467163376279934
leaf_weight=114.98084464669228 18.991421744227409 124.83318227529526 42.065275907516479 82.859878823161125 25.101533502340317 15.616719782352446 14.883396580815313 9.1023894399404508 9.8298420161008853 15.033362001180647 13.187052547931669 29.222865328192711 75.638754934072495 16.15322557091713
leaf_count=851 97 941 228 414 153 70 71 41 45 91 57 144 348 73
internal_value=-0.000771831 -0.0148411 0.00024141 0.0104744 -0.00160698 0.00721132 0.000901968 0.0166622 -0.0284202 -0.0104594 0.00933915 -0.0337136 0.00731068 -0.0176233
internal_weight=607.5 492.519 367.686 271.417 188.557 163.456 144.464 99.6245 96.2688 54.2035 39.1701 44.8396 84.7411 25.9831
internal_count=3624 2773 1832 1338 924 771 674 460 494 266 175 214 389 118
is_linear=0
shrinkage=0.05


Tree=24
num_leaves=15
num_cat=0
split_feature=22 3 20 17 20 17 20 17 20 17 20 20 17 20
split_gain=186.323 113.596 34.765 26.3491 23.225 20.4894 21.2053 23.7015 40.5141 21.5177 17.7274 15.0219 12.7833 28.9217
threshold=1.3344752000000002 10.465913500000001 0.11640078500000002 0.00018579475000000002 0.063602257000000009 0.0030039902500000001 0.07685541550000001 0.0045417656500000006 0.10322841500000002 0.0060114085500000006 0.080423944000000011 0.067508926000000011 0.007051918600000001 0.10687178000000001
decision_type=2 2 2 2 2 2 2 2 2 2 2 2 2 2
left_child=1 -1 3 -3 -5 11 -7 10 -9 -10 -8 -6 13 -11
right_child=-2 2 -4 4 5 6 7 8 9 12 -12 -13 -14 -15
leaf_value=0.05839268608248574 -0.055547443973129267 -0.056079224233242679 -0.055932069707513979 0.046706781545055323 0.0048545353133129408 0.047545833539948679 0.0027349962670774296 0.044322112552142121 -0.06735052654653742 0.036225085475022657 -0.056157036544762312 -0.043970656487203608 0.034707536722248238 -0.039804578229984761
leaf_weight=112.0326757133007 117.06674619019032 15.712106779217718 23.967276155948639 34.139366254210472 28.810241550207138 32.187358975410461 26.922054067254066 63.218500286340714 12.083297073841093 19.228959456086159 23.172060862183571 33.28709103167057 20.554753020405769 31.916094720363617
leaf_count=863 896 117 145 171 135 149 121 323 58 92 145 160 90 166
internal_value=0.000704392 0.0145905 0.00103044 0.00518309 0.00830278 0.00365884 0.0105639 0.00431491 0.0144311 -0.00837985 -0.0250726 -0.0216001 0.00234797 -0.0110733
internal_weight=594.299 477.232 365.199 341.232 325.52 291.38 229.283 197.096 147.002 83.7831 50.0941 62.0973 71.6998 51.1451
internal_count=3631 2735 1872 1727 1610 1439 1144 995 729 406 266 295 348 258
is_linear=0
shrinkage=0.05


Tree=25
num_leaves=15
num_cat=0
split_feature=0 21 22 17 3 17 23 3 13 18 23 23 23 17
split_gain=182.96 121.02 35.2704 9.59593 8.58734 6.81164 6.49323 7.11839 7.51077 6.29985 4.85345 5.99293 5.5914 4.74691
threshold=1.0000000180025095e-35 0.11479071000000002 1.0428615000000001 0.0022714538000000004 22.880871000000003 0.0078984182500000024 -0.52941375499999987 20.436266000000007 0.66504655000000013 0.00012574047500000003 1.9685702500000002 0.9750253550000002 1.0709013500000002 0.0021353987000000004
decision_type=2 2 2 2 2 2 2 2 2 2 2 2 2 2
left_child=-1 -2 5 9 10 6 7 8 -3 -4 11 -5 -13 -8
right_child=1 2 3 4 -6 -7 13 -9 -10 -11 -12 12 -14 -15
leaf_value=0.058007825312384145 -0.057910912753280933 0.049659985953689534 0.043783119270856284 -0.022700581313149382 -0.044952638456408962 -0.028614754512563342 0.046216964576568625 0.0077822481635795027 0.0022862260697626966 -0.021280854484639691 -0.038529474201627098 0.037365874058908718 -0.005476499130695615 0.0058673413987951938
leaf_weight=107.32969564199448 116.92040753364563 38.450307667255402 9.5158278793096525 48.277740567922592 27.421364784240723 7.5415344536304465 6.9410195350646964 28.045715972781181 10.744915112853048 5.0050418823957434 16.629843667149544 8.0041349828243238 48.421089679002762 95.721208691596985
leaf_count=862 954 196 48 253 148 42 37 137 53 25 93 40 255 480
internal_value=-0.000555451 -0.0140916 0.000639672 -0.0162965 -0.0200978 0.0154002 0.0173933 0.0282716 0.0395646 0.0214307 -0.014159 -0.00996037 0.00114571 0.00901491
internal_weight=574.97 467.64 350.72 163.275 148.754 187.445 179.903 77.2409 49.1952 14.5209 121.333 104.703 56.4252 102.662
internal_count=3623 2761 1807 862 789 945 903 386 249 73 641 548 295 517
is_linear=0
shrinkage=0.05


Tree=26
num_leaves=15
num_cat=0
split_feature=1 17 20 22 20 16 20 17 20 17 20 17 16 20
split_gain=166.549 115.102 40.6207 21.5038 13.3831 15.66 12.1865 11.689 18.0889 15.7194 24.8778 10.1319 8.02058 9.0613
threshold=0.52222222000000007 0.00018579475000000002 0.11605438500000002 1.0428615000000001 0.063602257000000009 25.130637500000002 0.069428149000000008 0.0030039902500000001 0.07849097250000002 0.0045417656500000006 0.10354431000000001 0.0061305935500000014 59.506820000000012 0.10945155000000002
decision_type=2 2 2 2 2 2 2 2 2 2 2 2 2 2
left_child=-1 -2 3 -3 -5 -6 -7 -8 -9 -10 -11 -12 13 -13
right_child=1 2 -4 4 5 6 7 8 9 10 11 12 -14 -15
leaf_value=0.057516910194739472 -0.057413882349122758 0.018051657696566272 -0.053702925348621137 0.03643137099743509 -0.05908055849933698 0.059968630573565773 -0.051587264090332201 0.044544019570306459 -0.0460576672525057 0.037065481920666998 -0.064766532712420374 0.02007637520646512 0.022943497588910344 -0.057905317199935274
leaf_weight=102.2124710381031 108.89468988776207 176.51908487081528 29.915305241942406 14.576289996504782 14.971751078963278 5.579265594482421 13.77873110771179 15.252704694867132 24.393180161714554 26.087651818990707 10.581686004996298 5.1023343503475216 11.055888980627058 9.6318287104368192
leaf_count=855 926 887 189 73 83 25 67 67 151 126 51 27 51 58
internal_value=3.34524e-05 -0.0126619 0.00109381 0.00624695 -0.0075797 -0.0125126 -0.00633697 -0.010015 -0.00395907 -0.0128871 0.000589177 -0.0258652 -0.00808219 -0.0313411
internal_weight=568.553 466.34 357.446 327.53 151.011 136.435 121.463 115.884 102.105 86.8526 62.4594 36.3717 25.7901 14.7342
internal_count=3636 2781 1855 1666 779 706 623 598 531 464 313 187 136 85
is_linear=0
shrinkage=0.05


Tree=27
num_leaves=15
num_cat=0
split_feature=0 19 20 17 20 20 17 20 17 23 20 17 10 9
split_gain=161.581 103.555 35.6659 18.8759 35.465 16.1749 40.6239 14.2345 15.2237 11.9772 11.6959 29.5119 10.724 6.80708
threshold=1.0000000180025095e-35 0.7972222200000002 0.10503381000000002 0.0048566131500000003 0.080923837500000012 0.065730215500000008 0.0029143062500000005 0.076390651000000018 0.0033295703500000003 -0.4147494149999999 0.10060217 0.0058598260000000011 0.37265534000000006 10.416666500000002
decision_type=2 2 2 2 2 2 2 2 2 2 2 2 2 2
left_child=-1 2 3 4 5 13 -7 -8 -9 -4 -5 -12 -10 -2
right_child=1 -3 9 10 -6 6 7 8 12 -11 11 -13 -14 -15
leaf_value=0.05704473052424263 0.041351624688535628 -0.056930543430199036 0.0073775764455282881 0.052730585817156499 -0.052513778598030553 -0.040937398895941543 0.048821642824301299 -0.053949904715547073 0.054039699027648685 -0.03692086097652262 -0.041018190898725181 0.040304106321838382 -0.0066262338734139658 -0.0012306890071207503
leaf_weight=98.782097205519676 40.267865270376205 103.38254342228174 19.078350439667702 31.097223177552223 26.219237357378006 40.275278121232986 27.669698119163513 8.3266854137182218 11.691398620605471 69.707865208387375 15.798994719982145 32.449525848031044 16.653403148055077 12.074464872479437
leaf_count=862 202 917 89 166 169 207 132 35 56 391 80 167 76 61
internal_value=-0.000585557 -0.0132035 -0.000210509 0.00906294 0.000199301 0.00928148 -0.00212382 0.0224268 0.00174376 -0.0274259 0.0292684 0.0133829 0.0193855 0.0316897
internal_weight=553.475 454.693 351.31 262.524 183.178 156.959 104.616 64.3412 36.6715 88.7862 79.3457 48.2485 28.3448 52.3423
internal_count=3610 2748 1831 1351 938 769 506 299 167 480 413 247 132 263
is_linear=0
shrinkage=0.05


Tree=28
num_leaves=15
num_cat=0
split_feature=1 19 20 23 20 16 20 17 20 20 20 16 16 17
split_gain=142.375 106.974 36.3578 16.9763 8.85862 20.5842 15.4615 12.7653 14.8748 22.1121 28.2262 13.2769 12.7465 18.891
threshold=0.9461872600000002 0.7972222200000002 0.11605438500000002 -0.050615541499999993 0.061286753000000006 29.753196000000006 0.067954421000000001 0.0029143062500000005 0.078078921000000009 0.093111191000000024 0.10310140500000002 50.62977200000001 59.298369500000007 0.0036929515500000007
decision_type=2 2 2 2 2 2 2 2 2 2 2 2 2 2
left_child=-1 2 3 -2 -5 -6 -7 -8 11 12 -11 -9 -10 -14
right_child=1 -3 -4 4 5 6 7 8 9 10 -12 -13 13 -15
leaf_value=0.056393833807615194 0.021497296071321975 -0.056459566345488599 -0.053468327608895583 0.047519905717356772 -0.041907465116935758 0.066655131734747436 -0.048387793883399519 0.060911887584222627 -0.066729073154963611 0.043311088189598113 -0.015310352601578665 -0.02187296317439013 0.056840752398644258 -0.052472655896120518
leaf_weight=95.515122458338737 125.0460861325264 97.884181015193462 25.748536810278893 7.61246533691883 29.526815533638 7.9851668775081626 11.924509912729262 17.055454224348072 17.19334547221661 34.721622794866562 47.447360917925835 6.029046803712844 6.2472565770149213 7.6963733807206154
leaf_count=867 640 907 170 41 156 38 61 78 103 180 245 27 30 55
internal_value=0.00136617 -0.0106224 0.00253731 0.00721837 -0.00207512 -0.00435027 0.00296601 -0.000886408 0.00358856 -0.00396315 0.00968385 0.0392803 -0.0391576 -0.00296998
internal_weight=537.633 442.118 344.234 318.486 193.439 185.827 156.3 148.315 136.39 113.306 82.169 23.0845 31.137 13.9436
internal_count=3598 2731 1824 1654 1014 973 817 779 718 613 425 105 188 85
is_linear=0
shrinkage=0.05


Tree=29
num_leaves=15
num_cat=0
split_feature=0 19 23 23 17 23 22 3 17 17 7 3 1 13
split_gain=140.684 98.7518 21.8003 8.99856 7.5223 6.22368 6.032 5.70608 4.84005 5.77216 4.70027 4.71511 4.44653 3.79201
threshold=1.0000000180025095e-35 0.7972222200000002 -0.024737545499999996 1.7484259000000002 0.0022714538000000004 1.6365686000000002 1.1581658000000001 17.175076000000004 0.0063634604500000013 0.0069485367000000015 0.97178451500000007 14.799402500000001 0.96858552500000006 0.083030606000000021
decision_type=2 2 2 2 2 2 2 2 2 2 2 2 2 2
left_child=-1 2 8 4 -4 7 -5 10 12 -10 11 -6 -2 -14
right_child=1 -3 3 6 5 -7 -8 -9 9 -11 -12 -13 13 -15
leaf_value=0.056171191541841303 -0.022319957982608097 -0.056114643069556491 0.027399496788733619 0.006838689003113298 -0.014931367870633273 0.035451403337089293 -0.041669861536762262 -0.015150335075016886 -0.031553125082021335 0.016169574060264185 -0.020572958692176332 0.033023142154662621 0.046173628777808395 0.018991915085597128
leaf_weight=89.140996500849724 4.8150337487459174 98.84555259346962 15.682382598519323 7.8147247508168212 6.4669838100671795 6.9206657260656348 29.126600116491318 119.26778291165829 9.7017450034618395 14.562038779258726 9.2636301815509778 17.144761361181736 15.13857391476631 84.407562971115112
leaf_count=847 25 955 82 43 36 37 174 648 47 72 49 90 82 441
internal_value=-0.000738377 -0.0123913 0.00043552 -0.00941639 -0.00459559 -0.00790152 -0.0314984 -0.0100922 0.0165971 -0.00340574 0.00816379 0.0198159 0.0212359 0.0235437
internal_weight=528.299 439.158 340.312 211.688 174.746 159.064 36.9413 152.143 128.625 24.2638 32.8754 23.6117 104.361 99.5461
internal_count=3628 2781 1826 1159 942 860 217 823 667 119 175 126 548 523
is_linear=0
shrinkage=0.05


Tree=30
num_leaves=15
num_cat=0
split_feature=0 21 20 22 20 21 20 17 20 17 20 17 17 20
split_gain=132.004 92.0533 29.6729 17.5857 9.32895 10.6755 7.46228 8.15335 12.5136 10.7303 10.1854 8.53964 7.13503 6.53858
threshold=1.0000000180025095e-35 0.11479071000000002 0.11605438500000002 1.0519562500000001 0.062769538500000013 0.67575216500000013 0.061286753000000006 0.0072907839500000009 0.10503381000000002 0.0028465939500000007 0.065730215500000008 0.0022062351500000007 0.007051918600000001 0.10400860000000002
decision_type=2 2 2 2 2 2 2 2 2 2 2 2 2 2
left_child=-1 -2 3 6 -5 13 -3 8 9 10 11 -8 -10 -6
right_child=1 2 -4 4 5 -7 7 -9 12 -11 -12 -13 -14 -15
leaf_value=0.05579481519645893 -0.055751739587616603 0.053670533729772311 -0.049666023593703534 0.035454008835003166 -0.011858837124929793 0.029826158656671167 -0.02937013010531607 0.054439606493159411 -0.034404280090388574 0.023790401783557263 -0.039339718588367829 0.032972192900344692 0.021490780193916675 -0.042240079174577339
leaf_weight=86.461798630654812 91.600344248116016 10.526486262679098 26.179341442883015 9.6971375346183759 84.621982477605343 11.916409119963644 7.2424289286136654 9.6387942731380445 21.518519923090938 100.65547734498978 14.174709990620611 15.849506810307501 6.8858587443828574 21.911462694406509
leaf_count=857 923 63 179 52 459 60 37 44 105 538 68 79 31 118
internal_value=-0.000238088 -0.0115447 0.000464979 0.00478024 -0.00943619 -0.0133773 0.0145472 0.0119168 0.00914188 0.0153679 -0.00740814 0.013012 -0.020584 -0.0184423
internal_weight=518.88 432.418 340.818 314.639 128.147 118.45 186.492 175.965 166.327 137.922 37.2666 23.0919 28.4044 106.533
internal_count=3613 2756 1833 1654 689 637 965 902 858 722 184 116 136 577
is_linear=0
shrinkage=0.05


Tree=31
num_leaves=15
num_cat=0
split_feature=22 1 20 22 16 20 20 20 20 20 20 20 16 20
split_gain=122.82 82.2116 25.9728 19.0573 11.0006 13.0439 21.3826 20.3773 16.063 15.7548 6.55485 9.22 12.042 12.7145
threshold=1.3344752000000002 0.95628285000000013 0.11605438500000002 1.0428615000000001 49.79786450000001 0.07685541550000001 0.094391638500000014 0.070535457500000023 0.10869161000000001 0.064133348000000021 0.042721384000000008 0.063445956000000012 25.130637500000002 0.067954421000000001
decision_type=2 2 2 2 2 2 2 2 2 2 2 2 2 2
left_child=1 -1 3 4 5 7 -7 9 -8 -3 -5 -12 -13 -14
right_child=-2 2 -4 10 -6 6 8 -9 -10 -11 11 12 13 -15
leaf_value=0.054846576412632964 -0.05286277639932644 0.022545050666144813 -0.050996303274037896 -0.050225300999593062 0.027976641353101628 -0.066612432171757455 0.027094660160163528 0.061410240676299792 -0.057512955377716994 -0.049342367083303286 0.036262057508905682 -0.053953424300712371 0.062449272213047385 -0.0091913444999481373
leaf_weight=86.482071563601494 88.267941191792488 19.332629419863228 21.887262217700481 8.3067871406674367 84.393804542720318 13.505658343434332 22.880990430712703 17.86126697063446 6.3449512273073188 11.20155495405197 10.466119930148123 13.211022943258284 5.5971835702657691 101.41077565401793
leaf_count=880 896 111 154 84 439 65 129 93 35 52 55 75 26 542
internal_value=0.000441865 0.0116666 0.000436159 0.00416568 0.0150804 0.0029631 -0.0169589 0.0205408 0.00743128 -0.00455548 -0.0096269 -0.00668452 -0.0106917 -0.0049006
internal_weight=511.15 422.882 336.4 314.513 175.521 91.1271 42.7316 48.3955 29.2259 30.5342 138.992 130.685 120.219 107.008
internal_count=3636 2740 1860 1706 924 485 229 256 164 163 782 698 643 568
is_linear=0
shrinkage=0.05


Tree=32
num_leaves=15
num_cat=0
split_feature=0 19 22 17 16 17 16 17 17 18 16 17 17 17
split_gain=115.142 82.6678 15.072 6.5101 5.85045 6.0575 6.07421 7.94638 9.10652 6.85511 6.01402 10.8419 5.77738 20.2482
threshold=1.0000000180025095e-35 0.7972222200000002 1.0519562500000001 0.0063634604500000013 24.915399500000003 0.0077101201500000003 30.166216000000002 0.0033295703500000003 0.0042426091500000008 0.00025331597500000006 29.789258000000004 0.0023068167000000004 0.0025475561500000006 0.0030039902500000001
decision_type=2 2 2 2 2 2 2 2 2 2 2 2 2 2
left_child=-1 2 4 -4 -2 6 7 10 -9 -10 11 -6 -8 -14
right_child=1 -3 3 -5 5 -7 12 8 9 -11 -12 -13 13 -15
leaf_value=0.055038866635226391 -0.036577038371604746 -0.055059077735647888 -0.0058849834811280513 -0.030417488022028785 0.027473827686763753 -0.027996877943541727 0.058920687392358985 -0.04476197628430801 0.023056541031837754 -0.028445783420419257 0.039813354551588652 -0.035150008618149264 -0.050701744765544801 0.026120645470844497
leaf_weight=76.825830705463886 5.7384411394596091 84.466210886836052 109.45596840977669 35.22903748601675 16.276523023843769 8.5470996499061567 8.6582709252834302 13.413436517119406 16.911716714501384 9.1256412714719755 17.257094830274582 10.524079740047453 8.7638370692729932 73.161519750952721
leaf_count=831 30 925 594 228 91 54 49 67 97 51 90 52 39 388
internal_value=-0.000808765 -0.0111918 6.4717e-05 -0.0120261 0.00936566 0.0110005 0.013064 0.00326871 -0.0128606 0.0046214 0.0176764 0.00250285 0.02196 0.0173904
internal_weight=494.355 417.529 333.063 144.685 188.378 182.639 174.092 83.5085 39.4508 26.0374 44.0577 26.8006 90.5836 81.9254
internal_count=3586 2755 1830 822 1008 978 924 448 215 148 233 143 476 427
is_linear=0
shrinkage=0.05


Tree=33
num_leaves=15
num_cat=0
split_feature=1 20 20 17 20 20 16 20 17 21 16 17 20 20
split_gain=113.493 76.0146 33.1893 20.7868 29.9059 14.0613 27.0879 14.6176 24.8751 12.0248 11.4514 13.7527 24.1698 11.2736
threshold=0.52222222000000007 0.042721384000000008 0.10607253000000001 0.0048566131500000003 0.080923837500000012 0.060923370000000011 25.130637500000002 0.067954421000000001 0.0028839208500000004 0.52930046000000008 50.62977200000001 0.0066714933500000009 0.11640078500000002 0.07685541550000001
decision_type=2 2 2 2 2 2 2 2 2 2 2 2 2 2
left_child=-1 -2 3 4 5 -3 9 -8 -9 -7 -4 -12 -13 -10
right_child=1 2 10 -5 -6 6 7 8 13 -11 11 12 -14 -15
leaf_value=0.054741374013154515 -0.054748580029370254 0.050997879841373939 -0.053180344655937684 0.028451748218791241 -0.053373467819726142 0.002600099486171137 0.057203953043482539 -0.047212270713012948 0.041140081164087731 -0.05381012804468846 -0.058884687151983466 0.035668100045833304 -0.049345153874153731 -0.00093415653859601426
leaf_weight=76.314098961651325 79.83316245675087 14.810931131243704 29.993027426302433 82.385871320962906 23.316524885594845 14.789607867598532 16.320382460951805 16.132430493831635 31.723842859268188 24.72579525411129 11.088046252727507 20.875560089945793 12.536472059786318 30.921944856643677
leaf_count=862 913 91 195 445 165 78 87 82 158 130 60 93 95 147
internal_value=-0.000831772 -0.0112976 -0.000640186 0.00794941 -0.00193628 0.00639153 0.00114384 0.0155921 0.00636239 -0.0331542 -0.0297738 -0.0131758 0.0032634 0.0206839
internal_weight=485.768 409.454 329.62 255.127 172.741 149.425 134.614 95.0986 78.7782 39.5154 74.4931 44.5001 33.412 62.6458
internal_count=3601 2739 1826 1383 938 773 682 474 387 208 443 248 188 305
is_linear=0
shrinkage=0.05


Tree=34
num_leaves=15
num_cat=0
split_feature=0 20 20 20 21 20 17 17 20 17 20 20 17 20
split_gain=102.636 78.1008 24.6886 15.1589 10.4158 10.7196 11.9511 11.6312 23.3709 14.2383 15.4694 10.0542 19.4372 9.70625
threshold=1.0000000180025095e-35 0.042721384000000008 0.11605438500000002 0.061286753000000006 0.67575216500000013 0.10687178000000001 0.0067224302500000005 0.0048566131500000003 0.080423944000000011 0.0030039902500000001 0.067508926000000011 0.10322841500000002 0.0061305935500000014 0.072736333000000014
decision_type=2 2 2 2 2 2 2 2 2 2 2 2 2 2
left_child=-1 -2 3 -3 5 7 -7 8 9 10 -5 -9 -13 -11
right_child=1 2 -4 4 -6 6 -8 11 -10 13 -12 12 -14 -15
leaf_value=0.054405472608870721 -0.054461028491814639 0.0506040106934358 -0.046986693309057886 0.0092349682438899652 0.028551259661120126 -0.060780656789016257 -0.0003240927469158883 0.032653049386274495 -0.04940622667867095 -0.039836055877250143 -0.036310381865013036 -0.046869757821228361 0.04359841597838679 0.028731551206619924
leaf_weight=72.413002133369446 77.978184036910534 16.096215263009071 23.835836142301559 41.587883532047272 32.014678820967674 14.036758214235308 17.935746766626835 46.336095690727234 23.877205409109592 4.8527633398771277 32.338649339973927 12.664258763194086 9.5216340869665128 51.37283231317997
leaf_count=856 931 102 182 211 168 82 94 262 173 23 177 61 47 253
internal_value=5.80576e-06 -0.00984414 0.000946462 0.00486404 0.00212756 -0.00129481 -0.0279045 0.00263575 -0.0049973 0.00346438 -0.0109072 0.019619 -0.00783726 0.0222209
internal_weight=476.862 404.449 326.471 302.635 286.539 254.524 31.9725 222.551 154.029 130.152 73.9265 68.522 22.1859 56.2256
internal_count=3622 2766 1835 1653 1551 1383 176 1207 837 664 388 370 108 276
is_linear=0
shrinkage=0.05


Tree=35
num_leaves=15
num_cat=0
split_feature=1 19 20 20 16 20 17 20 16 17 20 20 17 20
split_gain=99.713 68.7136 21.9758 13.2246 21.3686 19.61 21.257 16.6809 14.2909 20.8783 27.9806 17.1044 15.401 17.6637
threshold=0.9461872600000002 0.7972222200000002 0.11775318000000001 0.061731599500000005 29.892942000000001 0.067954421000000001 0.0029143062500000005 0.076390651000000018 30.280040000000003 0.0050473159000000009 0.10607253000000001 0.082444111500000014 0.0069485367000000015 0.10322841500000002
decision_type=2 2 2 2 2 2 2 2 2 2 2 2 2 2
left_child=-1 2 3 -2 -5 -6 -7 -8 9 -9 -11 -10 13 -13
right_child=1 -3 -4 4 5 6 7 8 11 10 -12 12 -14 -15
leaf_value=0.053846062741911907 0.045693697481414136 -0.05407805470812032 -0.054796815782448216 -0.027553573631924701 0.06027414329091263 -0.053468287719159791 0.048312752640449985 -0.052756561901493353 0.058586829844329315 0.035780627768916488 -0.05404406102028584 0.015717911862626433 0.040528504316399518 -0.03054778255012618
leaf_weight=69.211359590291977 15.693149372935293 73.484943196177483 16.756816901266575 55.854283228516579 14.885579913854597 14.645694211125372 20.828681826591492 24.031085811555386 15.986420124769209 25.180344551801682 11.972562938928602 43.535789176821709 21.975059896707535 37.487847350537777
leaf_count=851 98 921 142 302 83 76 111 135 82 139 78 266 100 202
internal_value=-0.00104407 -0.0108399 -0.000736375 0.00243338 -8.79384e-05 0.0066569 0.00269464 0.00703139 0.00201868 -0.0174465 0.0061767 0.01209 0.00437925 -0.00579965
internal_weight=461.53 392.318 318.833 302.076 286.383 230.529 215.643 200.998 180.169 61.184 37.1529 118.985 102.999 81.0236
internal_count=3586 2735 1814 1672 1574 1272 1189 1113 1002 352 217 650 568 468
is_linear=0
shrinkage=0.05


Tree=36
num_leaves=15
num_cat=0
split_feature=1 19 20 16 17 20 20 17 20 16 9 16 20 20
split_gain=93.5706 66.5528 23.0889 16.6785 15.8194 29.3432 13.3681 22.0593 11.4902 27.8933 14.3104 10.416 30.3971 11.1032
threshold=0.95628285000000013 0.7972222200000002 0.10687178000000001 50.62977200000001 0.0045417656500000006 0.080423944000000011 0.11775318000000001 0.0067224302500000005 0.10111503500000001 59.399861000000008 6.7083333500000011 29.808117500000005 0.063602257000000009 0.067954421000000001
decision_type=2 2 2 2 2 2 2 2 2 2 2 2 2 2
left_child=-1 2 4 -4 5 11 7 -5 -6 -10 -11 12 -2 -13
right_child=1 -3 3 6 8 -7 -8 -9 9 10 -12 13 -14 -15
leaf_value=0.052336875825370367 0.027822336433682517 -0.053780783672260468 -0.055632838789263318 -0.050285570340660425 0.047489702853870303 -0.054651605160374594 -0.05253630221403887 0.0381236046537584 0.039582806192162451 -0.085419627863920169 -0.0015615329926251631 0.057092420186801419 -0.045610717249840171 0.0091563601921105988
leaf_weight=70.589101918041706 26.343197822570801 69.606736972928047 26.632333964109421 9.227843604981901 32.573896810412407 21.734539560973644 10.081366956233976 21.910944119095802 30.049729332327843 7.4224825799465206 12.944691538810728 13.767731770873068 28.162175416946411 69.629886232316494
leaf_count=888 150 913 189 52 190 171 88 100 165 36 66 79 156 354
internal_value=-0.000112044 -0.00996453 -2.31029e-07 -0.0255663 0.00722507 -0.00200449 -0.00528277 0.0111745 0.0247912 0.00948744 -0.0346897 0.0066268 -0.0102577 0.0176526
internal_weight=450.677 380.088 310.481 67.8525 242.628 159.638 41.2202 31.1388 82.9908 50.4169 20.3672 137.903 54.5054 83.3976
internal_count=3597 2709 1796 429 1367 910 240 152 457 267 102 739 306 433
is_linear=0
shrinkage=0.05


Tree=37
num_leaves=15
num_cat=0
split_feature=0 19 22 3 0 3 19 3 23 13 0 18 21 18
split_gain=84.8117 67.4911 12.0622 5.29731 4.75529 4.20221 5.35824 4.02685 7.25999 4.21109 3.68542 3.65607 3.54285 3.34701
threshold=1.0000000180025095e-35 0.7972222200000002 1.0309075000000003 24.290590000000005 0.018355128000000002 18.627838500000006 0.23127865500000003 20.436266000000007 -0.65697993999999993 0.66504655000000013 0.017676655000000003 0.00029008378500000007 0.6745911750000001 0.00015014598000000003
decision_type=2 2 2 2 2 2 2 2 2 2 2 2 2 2
left_child=-1 2 7 4 5 6 -4 8 9 -2 -7 13 -9 -10
right_child=1 -3 3 -5 -6 10 -8 12 11 -11 -12 -13 -14 -15
leaf_value=0.053536571807709168 0.040615206969412024 -0.053603571483661884 -0.014169235169488235 -0.035692576484981302 0.0083321408161431913 -0.01416489684626311 0.021999051004471925 -0.0049559319271865916 0.0010600565485520072 0.00019987888196802778 -0.048574414089802703 -0.022528815141386528 0.030082473924623106 0.027719159617556905
leaf_weight=62.003926143050194 32.177036292850971 68.609887801110744 23.283642299473286 15.565422184765337 41.704540006816387 53.505685716867447 16.709775939583778 49.899343930184841 32.983269974589348 8.0116335004568082 8.5145202130079252 8.9606605097651464 7.4059228375554076 17.381762117147446
leaf_count=836 189 937 140 101 248 322 98 273 192 45 53 50 43 98
internal_value=-0.00024886 -0.00903374 0.000778629 -0.00888522 -0.00575527 -0.0115394 0.00111036 0.0105884 0.0166189 0.0327588 -0.0195847 0.00532359 1.05869e-05 0.0106211
internal_weight=446.717 384.713 316.103 159.284 143.718 102.014 39.9934 156.82 99.5144 40.1887 62.0202 59.3257 57.3053 50.365
internal_count=3625 2789 1852 962 861 613 238 890 574 234 375 340 316 290
is_linear=0
shrinkage=0.05


Tree=38
num_leaves=15
num_cat=0
split_feature=1 21 20 20 16 20 17 20 16 20 20 22 20 21
split_gain=85.9821 58.9487 17.8281 12.9973 15.8495 16.0123 15.8241 17.2154 21.9789 25.7581 23.3137 12.3158 8.59765 8.25464
threshold=0.95628285000000013 0.11479071000000002 0.11775318000000001 0.061286753000000006 25.130637500000002 0.067508926000000011 0.0029143062500000005 0.07685541550000001 30.226438000000005 0.093824328000000026 0.10503381000000002 1.0336898000000001 0.065730215500000008 0.53784159500000006
decision_type=2 2 2 2 2 2 2 2 2 2 2 2 2 2
left_child=-1 -2 3 -3 12 -6 -7 -8 9 -9 -11 -10 13 -5
right_child=1 2 -4 4 5 6 7 8 11 10 -12 -13 -14 -15
leaf_value=0.05179774530043494 -0.053306442378626501 0.047697191456281617 -0.053458474717979536 0.02056012991548065 0.053679803524662242 -0.044157438047070979 0.039695780564941496 -0.063147357634370863 0.027350430196774012 0.031055630891528376 -0.044915608879081595 -0.0051181499574775823 -0.059786039305151667 -0.038035015659210629
leaf_weight=65.27309076488018 63.924109227955341 13.723351918160914 14.295367248356341 10.58822137117386 14.302575469017027 17.00959512591362 29.079095482826233 24.838881231844425 60.274077609181404 24.369019389152527 15.776768356561659 55.294748231768608 14.233862534165381 11.619088783860205
leaf_count=893 916 94 132 50 84 91 154 146 334 146 101 316 95 53
internal_value=-0.000655112 -0.0100402 -0.000839711 0.00191838 -0.000509677 0.00417698 0.000830945 0.00467362 -0.00115447 -0.0242078 0.000833916 0.011905 -0.0307812 -0.0104153
internal_weight=434.602 369.329 305.405 291.109 277.386 240.945 226.642 209.633 180.553 64.9847 40.1458 115.569 36.4412 22.2073
internal_count=3605 2712 1796 1664 1570 1372 1288 1197 1043 393 247 650 198 103
is_linear=0
shrinkage=0.05


Tree=39
num_leaves=15
num_cat=0
split_feature=0 17 22 7 17 16 17 17 17 17 17 18 16 17
split_gain=82.8294 57.673 12.398 7.05058 6.38508 7.50253 13.8338 10.2883 7.69207 6.31962 12.6107 7.72534 5.90811 8.02023
threshold=1.0000000180025095e-35 0.00018579475000000002 1.0519562500000001 0.53263206000000007 0.0063634604500000013 50.62977200000001 0.005227478800000001 0.0035259032000000004 0.0025736701500000008 0.0032064466000000006 0.0036929515500000007 9.3544949000000014e-05 29.914910500000005 0.0022275554000000006
decision_type=2 2 2 2 2 2 2 2 2 2 2 2 2 2
left_child=-1 -2 3 -3 5 6 7 12 -7 -10 -11 -12 13 -4
right_child=1 2 4 -5 -6 8 -8 -9 9 10 11 -13 -14 -15
leaf_value=0.053062728630054172 -0.053140199875715458 0.034361704211209092 0.022440563059126208 0.0038413871384878695 -0.032322892517164963 0.031710531301642642 0.043994734151417851 -0.05074047292995551 -0.066163958443109627 0.050226679820733859 0.0023491907370712024 -0.054785402869066524 0.032467176641018926 -0.031573172539401444
leaf_weight=58.974760308861732 63.755729682743549 20.700813882052898 10.809944137930872 150.77765609323978 30.285027347505093 4.8916485011577597 15.439730286598204 10.359581008553503 8.5040019601583463 4.6723358035087612 9.5089397951960581 14.321492329239843 11.128841333091257 15.609117552638052
leaf_count=869 953 114 64 876 223 26 85 77 47 22 59 83 58 95
internal_value=-0.00146663 -0.0102596 -0.0012111 0.00770365 -0.0124642 -0.00649927 0.00437128 -0.0090371 -0.0226535 -0.0304847 -0.0179578 -0.0328108 0.00348679 -0.00945987
internal_weight=429.74 370.765 307.009 171.478 135.531 105.246 63.3472 47.9075 41.8984 37.0068 28.5028 23.8304 37.5479 26.4191
internal_count=3651 2782 1829 990 839 616 379 294 237 211 164 142 217 159
is_linear=0
shrinkage=0.05


Tree=40
num_leaves=15
num_cat=0
split_feature=1 19 20 16 17 20 20 17 16 20 17 20 16 20
split_gain=76.1069 55.2519 19.3916 15.9457 15.6139 21.4209 12.3229 22.4502 12.1954 22.5312 13.5947 10.2123 16.0242 11.633
threshold=0.9461872600000002 0.7972222200000002 0.10607253000000001 50.62977200000001 0.0048566131500000003 0.080423944000000011 0.11702090500000002 0.0067674246500000002 59.399861000000008 0.10177639500000001 0.0058945617500000009 0.061286753000000006 25.130637500000002 0.066834719000000015
decision_type=2 2 2 2 2 2 2 2 2 2 2 2 2 2
left_child=-1 2 4 -4 5 11 7 -5 -6 -10 -11 -2 -13 -14
right_child=1 -3 3 6 8 -7 -8 -9 9 10 -12 12 13 -15
leaf_value=0.052499040569035954 0.045614864515017034 -0.05281841483979445 -0.05211461829278196 -0.043231368148210179 0.042494536841658159 -0.046890836164237303 -0.048447147488387 0.044647915802842941 0.039312269262411242 -0.090524077666178829 0.00037266027290583457 -0.027090539607681648 0.056384930720515251 0.0045140867666672545
leaf_weight=57.091472364962101 12.936343416571615 59.362036906182766 27.774289906024933 10.419466696679594 42.268657565116882 22.246534273028374 9.9929512813687307 19.156934127211571 18.082689791917801 6.4447247087955466 9.1748533695936185 36.003402136266232 11.739456750452517 72.819916926324368
leaf_count=876 91 930 208 60 251 182 92 87 111 30 46 197 72 373
internal_value=-0.000602253 -0.00918305 -0.000374479 -0.0237894 0.00650356 -0.00258536 -0.00311297 0.0132876 0.024928 0.00230673 -0.040322 0.00509152 0.000403913 0.0122902
internal_weight=415.514 358.422 299.06 67.3436 231.717 155.746 39.5694 29.5764 75.9709 33.7023 15.6196 133.499 120.563 84.5594
internal_count=3606 2730 1800 447 1353 915 239 147 438 187 76 733 642 445
is_linear=0
shrinkage=0.05


Tree=41
num_leaves=15
num_cat=0
split_feature=0 19 23 15 3 18 0 3 22 23 13 10 10 21
split_gain=69.9473 53.1383 12.063 6.35479 6.32471 4.22316 4.20468 3.89373 5.35932 4.66138 6.74958 3.73857 3.50499 4.55341
threshold=1.0000000180025095e-35 0.7972222200000002 -0.050615541499999993 0.046332737000000006 18.627838500000006 0.00020511551000000001 0.018945974000000001 20.407048500000005 0.78283861500000007 -0.52941375499999987 0.67389979000000011 0.27738627000000005 0.32485869000000006 0.59248007000000003
decision_type=2 2 2 2 2 2 2 2 2 2 2 2 2 2
left_child=-1 2 3 7 11 6 -6 9 -9 10 -2 -4 -13 -14
right_child=1 -3 4 -5 5 -7 -8 8 -10 -11 -12 12 13 -15
leaf_value=0.052556781696140448 0.042111371165714381 -0.052668126367461036 -0.023849772664518654 -0.04214238923898516 -0.015455249428408186 -0.030133244485436247 0.010381238150761113 -0.037587335766222391 0.010290760265301371 0.0057658714734861232 -0.0075902278021053281 0.032022255703423652 -0.016886633548938153 0.014089335783291419
leaf_weight=52.220017563551664 33.317528545856476 57.042640335857868 9.5543665289878827 4.1691628992557517 62.101804368197918 33.333423420786858 20.200475864112377 6.0251103043556204 33.871854357421398 27.738604322075844 8.1840266883373243 11.493966624140738 18.258408159017563 29.93349090218544
leaf_count=843 206 931 60 25 382 219 124 32 194 161 45 67 112 188
internal_value=-0.000912157 -0.00889786 -0.000376499 0.0124063 -0.00823536 -0.0153447 -0.00906538 0.0148538 0.00231809 0.0219412 0.0323623 0.00368718 0.00841559 0.0022488
internal_weight=407.445 355.225 298.182 113.306 184.876 115.636 82.3023 109.137 39.897 69.2402 41.5016 69.2402 59.6859 48.1919
internal_count=3589 2746 1815 663 1152 725 506 638 226 412 251 427 367 300
is_linear=0
shrinkage=0.05


Tree=42
num_leaves=15
num_cat=0
split_feature=0 21 20 17 20 17 17 20 16 20 17 20 16 20
split_gain=68.2587 50.8085 19.0448 15.3732 17.0981 15.2042 17.9364 9.81329 18.9247 10.8908 15.0588 12.2212 45.2857 9.96004
threshold=1.0000000180025095e-35 0.11479071000000002 0.10503381000000002 0.0058945617500000009 0.10177639500000001 0.0048566131500000003 0.0037421708500000005 0.061286753000000006 29.789258000000004 0.067954421000000001 0.0028839208500000004 0.077302537000000018 59.298369500000007 0.064133348000000021
decision_type=2 2 2 2 2 2 2 2 2 2 2 2 2 2
left_child=-1 -2 3 4 5 6 7 -3 13 -10 -11 -12 -13 -9
right_child=1 2 -4 -5 -6 -7 -8 8 9 10 11 12 -14 -15
leaf_value=0.052357437136566792 -0.052504853120723019 0.045920890573695583 -0.022715887055939552 0.040639322007487877 -0.057516752749281447 0.037030586383784182 -0.048217080477692381 0.0031083762444345051 0.055787624787249683 -0.041757974301398874 0.03745980714089979 -0.064968151536925631 0.05672999865052173 -0.047934521556376709
leaf_weight=50.984835550189018 55.412192188203335 12.178225941956041 72.779412187635899 27.864852637052536 10.54573532938957 30.183123961091042 16.978284798562527 15.555227681994436 12.072365052998064 12.523474358022211 31.708382219076157 15.007654778659345 13.643014520406721 23.317007839679718
leaf_count=861 946 90 475 161 54 194 133 76 77 70 168 84 76 144
internal_value=-0.00111443 -0.00903592 -0.000702899 0.00659707 0.00151665 0.00520932 -0.00126861 0.00490138 0.000531609 0.0137342 0.00610763 0.0165576 -0.00705851 -0.0279434
internal_weight=400.754 349.769 294.357 221.577 193.712 183.167 152.984 136.005 123.827 84.9549 72.8825 60.3591 28.6507 38.8722
internal_count=3609 2748 1802 1327 1166 1112 918 785 695 475 398 328 160 220
is_linear=0
shrinkage=0.05


Tree=43
num_leaves=15
num_cat=0
split_feature=22 3 20 23 20 20 21 20 20 20 7 3 18 15
split_gain=62.0734 44.0018 15.8471 9.96954 7.84197 7.52619 6.46622 7.33241 12.392 12.8449 7.69526 7.00349 6.42555 5.85877
threshold=1.3911645500000003 10.465913500000001 0.11775318000000001 -0.57420934999999984 0.042721384000000008 0.061286753000000006 0.67871144000000017 0.10310140500000002 0.093111191000000024 0.081653083000000015 0.97200281500000008 18.577461000000003 0.00041588449500000007 0.0080972987000000017
decision_type=2 2 2 2 2 2 2 2 2 2 2 2 2 2
left_child=1 -1 3 -3 -5 -6 7 8 9 -7 11 -9 -13 -8
right_child=-2 2 -4 4 5 6 13 10 -10 -11 -12 12 -14 -15
leaf_value=0.052207964248502874 -0.050732950454380893 0.021586917273024437 -0.052027660358295272 -0.047406730811854952 0.043874545349865082 4.6218162362219342e-05 -0.020957831431035127 0.020466358981357277 0.028546818576683054 -0.051598398496705271 -0.062359080747967116 -0.036846121522901877 0.025728303428519408 0.036340182574110029
leaf_weight=49.66583438962698 48.447219397872686 63.171214073896408 12.089221082627772 7.6729591041803351 8.8091498017311078 92.107274048030376 5.1020461842417744 11.384282715618609 31.606004409492016 12.849982552230356 8.2635583356022817 20.53695505857468 4.3124901056289664 18.038932047784328
leaf_count=875 826 379 124 130 64 510 30 62 193 118 50 122 25 102
internal_value=0.00167927 0.00915153 0.00177424 0.00424024 -0.000800265 0.00109224 -0.000958185 -0.00417781 0.00160264 -0.00670396 -0.0215634 -0.0108346 -0.0254115 0.0233625
internal_weight=394.057 345.61 295.944 283.855 220.684 213.011 204.202 181.061 136.563 104.957 44.4973 36.2337 24.8494 23.141
internal_count=3610 2784 1909 1785 1406 1276 1212 1080 821 628 259 209 147 132
is_linear=0
shrinkage=0.05


Tree=44
num_leaves=15
num_cat=0
split_feature=0 19 20 17 20 20 20 17 20 17 20 18 20 20
split_gain=61.9929 43.3771 14.682 9.36711 15.0144 11.3751 17.29 9.38191 8.00134 14.1241 12.5434 8.01182 7.95898 7.7749
threshold=1.0000000180025095e-35 0.7972222200000002 0.11775318000000001 0.0072907839500000009 0.10503381000000002 0.093111191000000024 0.080923837500000012 0.0062644133500000003 0.061286753000000006 0.0030039902500000001 0.067954421000000001 0.00017923098000000002 0.10869161000000001 0.078237381500000022
decision_type=2 2 2 2 2 2 2 2 2 2 2 2 2 2
left_child=-1 2 3 4 5 6 8 -6 -2 10 -10 -12 -9 -11
right_child=1 -3 -4 -5 7 -7 -8 12 9 13 11 -13 -14 -15
leaf_value=0.051939768970628276 0.040787381238076494 -0.052023294926981802 -0.051858754029266478 0.038113162206168651 -0.066753871607909729 0.021785957901122248 -0.050187619736465863 0.037200487913921811 0.0017243152645743953 0.031125978947529671 -0.054568778077093996 0.013563076450272223 -0.023885170034734809 -0.0087454434525727591
leaf_weight=46.824342355132103 11.642161197960375 48.69892917945981 12.735154137015341 15.104608476161955 10.232560575008391 64.645885922014713 16.311183460056782 5.4918527379631987 39.471412003040314 35.606318145990372 21.888703964650635 4.8880626559257498 30.484004579484463 17.80935824662447
leaf_count=867 90 909 137 78 59 400 153 29 218 189 137 28 193 94
internal_value=-0.00132638 -0.00890381 -0.00141403 0.00111452 -0.00118617 0.0044665 -0.00321375 -0.0266969 0.0029567 -0.00103139 -0.0163478 -0.0420909 -0.0138063 0.017916
internal_weight=381.835 335.01 286.311 273.576 258.472 212.263 147.617 46.2084 131.306 119.664 66.2482 26.7768 35.9759 53.4157
internal_count=3581 2714 1805 1668 1590 1309 909 281 756 666 383 165 222 283
is_linear=0
shrinkage=0.05


Tree=45
num_leaves=15
num_cat=0
split_feature=22 3 20 17 17 17 20 10 20 17 17 20 16 20
split_gain=54.6904 40.8997 16.4288 17.6182 18.8826 15.9378 10.1121 11.7894 9.15475 18.7934 9.12241 8.54649 10.7005 12.6191
threshold=1.3806388500000002 10.465913500000001 0.10322841500000002 0.0045417656500000006 0.0036929515500000007 0.0059791553500000002 0.11775318000000001 0.33310076500000002 0.10086051500000003 0.0058598260000000011 0.00018579475000000002 0.060923370000000011 25.253168500000005 0.065275027000000013
decision_type=2 2 2 2 2 2 2 2 2 2 2 2 2 2
left_child=1 -1 3 4 10 -4 7 -7 -5 -10 -3 -12 13 -13
right_child=-2 2 5 8 -6 6 -8 -9 9 -11 11 12 -14 -15
leaf_value=0.051854498254155695 -0.049198775616302384 -0.046563323592337093 -0.07489137924324947 0.053825312393606807 -0.054080977342892404 -0.030465215279154224 -0.051094645914222164 0.013402517229732298 -0.039883832939347573 0.046174788147971407 0.049681197405690922 0.0054943195820761183 0.014691051862507569 -0.054292085151962981
leaf_weight=45.090325895696878 46.530734300613403 6.8228092491626731 9.4582989588379842 26.639420911669731 13.441147752106188 22.045481972396374 11.063615523278711 44.67143139988184 9.8137552440166491 14.442497499287127 10.800376810133455 22.615320056676865 84.648209914565086 13.30771894007921
leaf_count=867 856 123 50 176 119 138 123 248 57 91 86 109 483 96
internal_value=0.00100323 0.0081048 0.00114211 0.0089504 0.000342161 -0.0168814 -0.00896617 -0.00132867 0.0340965 0.0111561 0.005986 0.0090463 0.00502764 -0.0175242
internal_weight=381.391 334.86 289.77 202.531 151.636 87.2388 77.7805 66.7169 50.8957 24.2563 138.194 131.372 120.571 35.923
internal_count=3622 2766 1899 1340 1016 559 509 386 324 148 897 774 688 205
is_linear=0
shrinkage=0.05


Tree=46
num_leaves=15
num_cat=0
split_feature=1 19 20 17 20 16 17 17 20 20 20 16 20 17
split_gain=53.7584 43.2419 13.0692 8.86945 12.1342 10.666 13.3187 8.49251 16.4024 10.4642 17.7142 16.6048 14.4165 8.72349
threshold=0.52222222000000007 0.7972222200000002 0.11775318000000001 0.0072907839500000009 0.10687178000000001 59.506820000000012 0.0066714933500000009 0.0059791553500000002 0.10310140500000002 0.093111191000000024 0.07849097250000002 59.399861000000008 0.082444111500000014 0.0030039902500000001
decision_type=2 2 2 2 2 2 2 2 2 2 2 2 2 2
left_child=-1 2 3 4 7 -6 -7 8 9 10 13 -12 -13 -2
right_child=1 -3 -4 -5 5 6 -8 -9 -10 -11 11 12 -14 -15
leaf_value=0.051561702508265694 -0.0031465597318822746 -0.051652430442314594 -0.050780463670028135 0.038799893710416838 -0.052067619117123889 -0.050108796453223747 0.029137682731597073 0.030197524228140822 -0.066869547231989596 0.026458513782761747 -0.067185385315708876 0.051472518698220338 -0.045539925000799231 0.025693691481413455
leaf_weight=43.336618099361658 74.714645065367222 45.707804657518864 11.015467219054697 14.851762950420378 18.114221125841141 7.4283092096447971 13.294230140745638 27.750515729188919 7.5006280094385138 39.982082106173038 16.81897079944611 7.1241232603788358 6.2575766369700432 39.243913032114506
leaf_count=880 463 935 128 78 139 49 63 156 35 264 131 40 60 210
internal_value=-0.000139847 -0.00706882 0.000260184 0.00249681 0.000267261 -0.0251291 -0.000268463 0.00485654 0.00104936 0.00416214 -0.00216136 -0.0355606 0.00609522 0.00692227
internal_weight=373.141 329.804 284.096 273.081 258.229 38.8368 20.7225 219.392 191.642 184.141 144.159 30.2007 13.3817 113.959
internal_count=3631 2751 1816 1688 1610 251 112 1359 1203 1168 904 231 100 673
is_linear=0
shrinkage=0.05


Tree=47
num_leaves=15
num_cat=0
split_feature=0 19 20 17 17 17 20 17 19 20 17 20 10 20
split_gain=48.0884 43.1264 15.8616 10.5861 18.7507 8.45058 9.35137 9.94386 9.57463 6.95956 10.3626 15.577 13.0429 9.86698
threshold=1.0000000180025095e-35 0.7972222200000002 0.10503381000000002 0.0045417656500000006 0.0037421708500000005 0.0061889249000000009 0.11702090500000002 0.0072907839500000009 0.22696970000000002 0.061286753000000006 0.0030039902500000001 0.07685541550000001 0.36315089000000006 0.065730215500000008
decision_type=2 2 2 2 2 2 2 2 2 2 2 2 2 2
left_child=-1 2 3 4 9 -4 7 8 -7 -2 13 -12 -13 -11
right_child=1 -3 5 -5 -6 6 -8 -9 -10 10 11 12 -14 -15
leaf_value=0.051336117490122284 0.041924071793651096 -0.051453882705950818 -0.065977975193539748 0.024236367698533726 -0.054354244251191355 -0.034826845421749075 -0.04880876332347072 0.035878361317922165 0.016347781458566031 0.010571350310573638 0.047504795025577022 0.037769702440475332 -0.027873063675766942 -0.027954285637920986
leaf_weight=40.305912934243679 11.38517004996538 43.865784253925085 7.5927135720849028 67.706276655197144 13.12901086360216 22.486734487116337 12.886125251650808 11.812432229518889 14.192447870969771 29.249200858175755 24.235319830477238 10.629852578043939 20.71126239746809 36.273453868925571
leaf_count=858 93 940 48 428 117 141 148 58 87 162 142 62 118 225
internal_value=0.00050217 -0.00591754 0.00131512 0.00805887 0.000422762 -0.0193598 -0.0126276 -0.00222092 -0.0151173 0.00621762 0.0025448 0.0182566 -0.0051298 -0.0108561
internal_weight=366.462 326.156 282.29 213.32 145.613 68.9705 61.3777 48.4916 36.6792 132.484 121.099 55.5764 31.3411 65.5227
internal_count=3627 2769 1829 1347 919 482 434 286 228 802 709 322 180 387
is_linear=0
shrinkage=0.05


Tree=48
num_leaves=15
num_cat=0
split_feature=0 21 20 20 16 20 3 20 20 20 3 21 18 9
split_gain=47.1488 38.4237 12.5809 9.70979 13.583 13.7842 9.31178 6.95699 9.51597 12.6671 7.47808 8.27381 7.3142 6.3684
threshold=1.0000000180025095e-35 0.11479071000000002 0.11775318000000001 0.061286753000000006 29.878770500000005 0.067954421000000001 24.038234500000005 0.10322841500000002 0.093111191000000024 0.080423944000000011 18.602133000000002 0.67575216500000013 7.3509723000000015e-05 11.166666500000002
decision_type=2 2 2 2 2 2 2 2 2 2 2 2 2 2
left_child=-1 -2 3 -3 -5 -6 7 8 9 12 13 -12 -7 -9
right_child=1 2 -4 4 5 6 -8 10 -10 -11 11 -13 -14 -15
leaf_value=0.051136535600096247 -0.051342809405161463 0.044332403023915723 -0.050310383147475962 -0.023182032842414893 0.055056917831840385 -0.019800232773971287 -0.031433510258576658 -0.0027839581461348204 0.03181528889796538 -0.040215360076324522 -0.036685524492435326 0.011255896942089602 0.022075527896147275 0.049482874888098521
leaf_weight=37.977103110402822 41.566221822053194 11.83220776170492 11.060618460178373 50.616092815995216 12.1358510479331 12.794896960258482 17.720542185008526 19.021471738815311 41.634251102805138 13.365821715444325 26.064858749508858 12.90449672937393 43.183418482542038 7.3411358669400206
leaf_count=846 931 100 140 301 81 69 116 109 281 135 160 73 238 37
internal_value=-0.000806337 -0.00708664 -0.000349666 0.00188651 -0.000233727 0.00548503 0.0021181 0.00564856 0.0132251 0.00176992 -0.00722693 -0.0209256 0.0123245 0.0130472
internal_weight=359.219 321.242 279.676 268.615 256.783 206.167 194.031 176.31 110.978 69.3441 65.332 38.9694 55.9783 26.3626
internal_count=3617 2771 1840 1700 1600 1299 1218 1102 723 442 379 233 307 146
is_linear=0
shrinkage=0.05


Tree=49
num_leaves=15
num_cat=0
split_feature=1 20 20 17 20 17 20 16 20 16 18 20 20 16
split_gain=45.2042 37.6286 12.082 10.9797 17.0509 9.37859 15.0787 15.2337 8.44888 12.6211 10.5785 10.4745 9.86288 22.7463
threshold=0.95628285000000013 0.042721384000000008 0.10503381000000002 0.0045417656500000006 0.080423944000000011 0.007051918600000001 0.11775318000000001 50.62977200000001 0.060923370000000011 29.808117500000005 4.1250294000000011e-05 0.064133348000000021 0.076390651000000018 59.298369500000007
decision_type=2 2 2 2 2 2 2 2 2 2 2 2 2 2
left_child=-1 -2 3 4 8 -4 7 -7 -3 11 -11 -10 -12 -14
right_child=1 2 5 -5 -6 6 -8 -9 9 10 12 -13 13 -15
leaf_value=0.049617403608985304 -0.051081146240638566 0.049814115117708349 -0.032592405837629214 0.023806567261023516 -0.047721617582474972 -0.050266634133752743 -0.048639638271299426 0.05044193307207874 0.0082564643474377832 -0.036192196580949888 0.035867874710590247 -0.041896670909648111 -0.042224886970184346 0.044595507549458721
leaf_weight=40.729340493679047 38.98980089277029 8.8639240302145463 39.911462232470512 64.30327695608139 16.162300243973732 3.9816934168338838 8.1578376330435258 15.594067335128782 17.76172361522913 8.5351725593209249 39.956423044204712 23.227375879883766 15.417438469827177 12.960653424262999
leaf_count=895 921 79 277 414 175 28 108 73 90 47 247 150 68 76
internal_value=0.000719158 -0.00576452 0.000826303 0.0068214 -0.000934858 -0.0173678 0.00491376 0.0285104 0.00535927 0.00162494 0.0135262 -0.0204849 0.0201686 -0.00240458
internal_weight=354.552 313.823 274.833 207.188 142.885 67.6451 27.7336 19.5758 126.723 117.859 76.8697 40.9891 68.3345 28.3781
internal_count=3648 2753 1832 1346 932 486 209 101 757 678 438 240 391 144
is_linear=0
shrinkage=0.05


Tree=50
num_leaves=15
num_cat=0
split_feature=0 21 20 20 16 20 9 22 20 20 0 23 21 20
split_gain=42.5592 34.8118 11.6515 6.63248 13.9364 8.87846 7.9616 7.40372 7.37502 6.94364 6.34789 6.27272 6.12271 7.7997
threshold=1.0000000180025095e-35 0.11479071000000002 0.11536729500000002 0.061731599500000005 25.130637500000002 0.067508926000000011 11.416666500000002 1.0501558500000001 0.076616847000000016 0.065275027000000013 0.017397501000000003 -0.52941375499999987 0.62914976000000011 0.10354431000000001
decision_type=2 2 2 2 2 2 2 2 2 2 2 2 2 2
left_child=-1 -2 3 -3 9 -6 7 -7 -8 10 -5 -10 -9 -14
right_child=1 2 -4 4 5 6 8 12 11 -11 -12 -13 13 -15
leaf_value=0.050803334338557132 -0.050986881764040148 0.037438089177144855 -0.038838538116158713 -0.035385346026353133 0.045720732202033064 0.0060610934365117634 0.053827741524527184 -0.030464767271458523 0.04037503057251373 -0.054600611523611689 0.024147755858932599 -0.0037934899368142713 0.032022980992430491 -0.022850867727727223
leaf_weight=35.25501449778676 37.430693298578262 12.056619957089422 17.064832642674446 8.2534630447626132 11.882743805646895 87.281945928931236 11.235527433454989 33.302125636488199 10.240538276731966 14.181667178869246 7.7232932746410361 27.706478919833899 10.934154659509661 13.166534371674059
leaf_count=861 919 102 182 37 81 552 66 232 63 111 35 181 67 87
internal_value=-0.000398602 -0.00651448 -6.55079e-05 0.00274811 0.000824663 0.00551916 0.0028331 -0.00309896 0.019998 -0.0303519 -0.00687935 0.00885663 -0.0168923 0.00232861
internal_weight=337.716 302.461 265.03 247.965 235.908 205.75 193.867 144.685 49.1825 30.1584 15.9768 37.947 57.4028 24.1007
internal_count=3576 2715 1796 1614 1512 1329 1248 938 310 183 72 244 386 154
is_linear=0
shrinkage=0.05


Tree=51
num_leaves=15
num_cat=0
split_feature=0 20 20 21 20 17 20 20 20 10 17 20 10 0
split_gain=39.8638 33.6108 11.1506 8.67548 9.89431 10.0863 17.8993 12.2448 13.7438 6.0147 6.20392 14.8132 9.27276 7.17154
threshold=1.0000000180025095e-35 0.042721384000000008 0.11640078500000002 0.67731855500000016 0.10503381000000002 0.0058598260000000011 0.10086051500000003 0.093111191000000024 0.080423944000000011 0.23300529000000003 0.0030475874500000004 0.067508926000000011 0.46266937000000002 0.014997159500000001
decision_type=2 2 2 2 2 2 2 2 2 2 2 2 2 2
left_child=-1 -2 3 4 5 6 7 8 9 -3 11 -11 -13 -12
right_child=1 2 -4 -5 -6 -7 -8 -9 -10 10 13 12 -14 -15
leaf_value=0.050610623203362161 -0.05083676527600825 -0.044894829873255784 -0.043648345021088067 0.028877083704656276 -0.024251740948810285 0.03264337312990083 -0.065079998631314279 0.039681159452751524 -0.047728855589653563 0.015293047643096464 -0.010225981524393649 -0.045497675855534804 0.020202151585063072 0.034381069404172904
leaf_weight=33.200833693146706 36.214014824479818 5.1005091965198508 12.895999453961847 26.474325083196163 36.727377690374851 25.111942462623119 9.1695198714733106 19.211009293794632 13.684922430664299 43.765707716345787 12.296673469245432 21.857660882174972 6.3795964494347563 29.198187373578548
leaf_count=849 930 30 159 163 233 159 51 145 154 287 64 143 42 167
internal_value=-0.000527453 -0.00637336 -5.45959e-05 0.00236896 -0.000900179 0.00382149 -0.000857459 0.00343103 -0.00209167 0.0035294 0.00607865 -0.00282567 -0.0304709 0.0212326
internal_weight=331.288 298.087 261.873 248.977 222.503 185.776 160.664 151.494 132.283 118.598 113.498 72.003 28.2373 41.4949
internal_count=3576 2727 1797 1638 1475 1242 1083 1032 887 733 703 472 185 231
is_linear=0
shrinkage=0.05


Tree=52
num_leaves=15
num_cat=0
split_feature=23 0 20 17 14 17 20 19 17 20 17 20 9 15
split_gain=36.7192 25.7383 8.70376 8.54399 7.87667 6.0132 10.1679 8.41074 7.34965 14.1754 13.7725 12.8516 9.46145 6.69539
threshold=1.7484259000000002 1.0000000180025095e-35 0.11775318000000001 0.00018579475000000002 0.14051282000000004 0.0072907839500000009 0.10503381000000002 0.22522014500000001 0.0058598260000000011 0.10060217 0.0045417656500000006 0.081653083000000015 7.5833333500000011 1.0000000180025095e-35
decision_type=2 2 2 2 2 2 2 2 2 2 2 2 2 2
left_child=1 -1 3 -3 -5 6 8 -8 9 10 11 -6 -11 -10
right_child=-2 2 -4 4 5 -7 7 -9 13 12 -12 -13 -14 -15
leaf_value=0.050396493808025959 -0.037001210738457593 -0.045876256249332836 -0.047607267588394342 -0.054736294300065005 0.0094665854020026703 0.040159106126540618 -0.036420716800240893 0.0089064916540542941 -0.015543246643309708 -0.078585091448841293 0.049614792119499311 -0.050269788297193897 0.0040989358560817373 0.048119782811797539
leaf_weight=31.028181325644255 52.45963616669178 7.1564848124980918 7.2954791858792296 4.2024218663573256 114.4757210239768 12.338671967387198 22.65541186183691 17.466888971626759 4.6557210981845882 6.7437195405364019 19.016538508236408 8.7727067582309228 6.0834005400538445 19.497734680771828
leaf_count=834 973 183 106 26 713 67 148 104 29 40 144 106 35 134
internal_value=0.000999543 0.00819 0.00277951 0.0044807 0.00619552 0.00753109 0.00552197 -0.0169512 0.0106185 0.00650577 0.0111333 0.00484424 -0.0419109 0.0357183
internal_weight=333.849 281.389 250.361 243.065 235.909 231.707 219.368 40.1223 179.246 155.092 142.265 123.248 12.8271 24.1535
internal_count=3642 2669 1835 1729 1546 1520 1453 252 1201 1038 963 819 75 163
is_linear=0
shrinkage=0.05


Tree=53
num_leaves=15
num_cat=0
split_feature=2 20 20 23 21 16 20 20 16 11 21 20 3 3
split_gain=35.0349 31.7398 10.7761 6.99922 5.84735 5.00636 7.13147 4.98909 7.19346 7.01334 5.94638 9.69004 7.14305 6.66268
threshold=1.0000000180025095e-35 0.042721384000000008 0.11605438500000002 -0.024737545499999996 0.67731855500000016 59.75835450000001 0.10687178000000001 0.067508926000000011 25.096580000000003 0.12343429500000001 0.59830686500000019 0.10310140500000002 18.151952500000004 24.500218500000003
decision_type=2 2 2 2 2 2 2 2 2 2 2 2 2 2
left_child=1 -1 3 5 7 6 -3 8 9 -5 13 -12 -13 -9
right_child=-2 2 -4 4 -6 -7 -8 10 -10 -11 11 12 -14 -15
leaf_value=-0.050512303824874344 0.050282389439127995 0.011854273883201082 -0.040151727777215152 -0.040617930548114939 0.024197874818246132 0.031384588111750857 -0.037643083601914512 -0.017000706444497863 0.049754531014884279 0.017460223390351779 0.017913221556692886 0.016286367452267147 -0.039814431459957569 -0.072761733351256477
leaf_weight=33.199845690280199 30.464927762746811 63.190298326313496 14.220952603965996 7.3339874595403733 15.906140066683291 27.182095743715763 7.2279503569006911 45.66678948327899 7.6455570422112933 12.85573076456785 30.921146750450134 7.4918904080987003 17.677250899374485 5.2862133085727683
leaf_count=927 854 416 176 41 98 180 46 328 50 76 207 42 118 42
internal_value=0.000114725 -0.00520403 0.000693942 0.00318413 -0.00356829 0.0135465 0.00631777 -0.00699673 0.0115681 -0.00455811 -0.0118867 -0.000586991 -0.0231311 -0.0240749
internal_weight=326.271 295.806 262.606 248.385 150.785 97.6003 70.4182 134.879 27.8353 20.1897 107.043 56.0903 25.1691 50.953
internal_count=3601 2747 1820 1644 1002 642 462 904 167 117 737 367 160 370
is_linear=0
shrinkage=0.05


Tree=54
num_leaves=15
num_cat=0
split_feature=3 17 20 20 16 20 17 20 10 17 21 16 21 17
split_gain=34.7235 29.3896 9.17271 7.75637 13.1142 10.908 10.2906 9.31868 14.5746 10.8394 7.01195 6.35255 6.32057 6.40525
threshold=10.465913500000001 0.00018579475000000002 0.11702090500000002 0.060923370000000011 29.961235500000004 0.067954421000000001 0.0029143062500000005 0.10322841500000002 0.33310076500000002 0.0059791553500000002 0.5057970650000001 59.633289000000005 0.62313972000000006 0.0036524545500000003
decision_type=2 2 2 2 2 2 2 2 2 2 2 2 2 2
left_child=-1 -2 3 -3 10 -6 11 12 -9 -10 -5 -7 13 -8
right_child=1 2 -4 4 5 6 7 8 9 -11 -12 -13 -14 -15
leaf_value=0.049404136691201056 -0.050340539351683859 0.044642815665214747 -0.045392290962472458 0.022566790440246554 0.052793159281886243 0.012122778351018515 0.021830223986758303 -0.040958310901746543 -0.050627439844447779 0.019695295662304643 -0.024230941924012938 -0.056044207668019042 0.035936773593229096 -0.012115308316113895
leaf_weight=30.781484432518482 31.646870784461498 9.173888545483349 9.6990880630910379 8.4048965871334058 11.289154432713984 4.5452610179781905 32.817371174693108 19.968471325933933 5.422893911600112 37.211244821548462 60.342131178826094 9.8227688968181592 31.453553523868322 22.747347064316273
leaf_count=888 927 88 144 48 84 25 198 134 29 217 391 59 227 199
internal_value=-0.000257689 -0.00559721 -4.07974e-05 0.00186818 8.4476e-05 0.00734543 0.00391575 0.00786999 -0.00678315 0.00979525 -0.018268 -0.0350943 0.018369 0.00796494
internal_weight=325.326 294.545 262.898 253.199 244.025 175.278 163.989 149.621 62.6026 42.6341 68.747 14.368 87.0183 55.5647
internal_count=3658 2770 1843 1699 1611 1172 1088 1004 380 246 439 84 624 397
is_linear=0
shrinkage=0.05


Tree=55
num_leaves=15
num_cat=0
split_feature=22 1 20 21 20 0 22 21 16 20 10 16 20 16
split_gain=33.6797 26.7856 8.24828 9.36065 7.85735 4.95471 4.91817 6.36831 4.9635 4.73664 4.42691 3.83228 3.46986 9.80951
threshold=1.3911645500000003 0.95628285000000013 0.11775318000000001 0.67575216500000013 0.10687178000000001 0.019303284000000004 1.0324932500000001 0.62914976000000011 59.506820000000012 0.11138704000000001 0.22242705000000004 50.62977200000001 0.064987920000000018 25.253168500000005
decision_type=2 2 2 2 2 2 2 2 2 2 2 2 2 2
left_child=1 -1 3 4 6 9 10 -8 -9 -6 -3 -11 -12 -14
right_child=-2 2 -4 -5 5 -7 7 8 -10 11 12 -13 13 -15
leaf_value=0.049481873187896167 -0.049115955858745855 -0.029722857208518236 -0.047449791810956404 0.029375318331476587 -0.058173256644363514 0.014814647615375452 -0.012582194809316142 0.042293699341365364 -0.013790873484449307 -0.046304489334772297 0.031069254926592994 0.010497458631327597 -0.049759337450420285 0.012769046322075102
leaf_weight=30.186640836298466 30.01126904040575 5.7542355917394152 7.7146712690591803 26.78893581032753 10.957274138927465 5.3833687156438819 72.751268692314625 9.6406444385647756 5.6437629535794249 3.7608336731791479 18.762582164257765 7.1553904265165329 5.8866848126053801 71.10085117071867
leaf_count=865 853 43 126 169 80 36 593 65 34 34 144 40 37 473
internal_value=0.000347692 0.00577655 0.00035128 0.00205301 -0.0014425 -0.0260419 0.00221314 -0.00639681 0.0220093 -0.0363054 0.00967018 -0.0113154 0.0123203 0.00741121
internal_weight=311.498 281.487 251.301 243.586 216.797 27.2569 189.54 88.0357 15.2844 21.8735 101.504 10.9162 95.7501 76.9875
internal_count=3592 2739 1874 1748 1579 190 1389 692 99 154 697 74 654 510
is_linear=0
shrinkage=0.05


Tree=56
num_leaves=15
num_cat=0
split_feature=0 19 23 21 12 23 17 9 22 9 22 18 21 16
split_gain=30.651 27.4319 6.5593 4.64573 4.63254 5.57319 5.07676 5.35089 4.91665 4.63683 4.25465 4.19908 4.53273 3.71484
threshold=1.0000000180025095e-35 0.7972222200000002 1.7290762500000001 0.48391779500000004 0.31471300500000005 -0.43295821999999995 0.0070015666000000009 10.833333500000002 1.1707061000000001 4.2916666500000007 1.1581658000000001 0.00028335031500000002 0.64618802500000017 25.159114500000005
decision_type=2 2 2 2 2 2 2 2 2 2 2 2 2 2
left_child=-1 2 3 -2 6 9 7 -5 11 -6 -4 13 -13 -7
right_child=1 -3 10 4 5 8 -8 -9 -10 -11 -12 12 -14 -15
leaf_value=0.049768918022602665 0.050380270930578057 -0.050077174933526425 0.011406366214505928 -0.0091192819410076866 -0.020313250047615951 -0.022203779783489117 0.028209627411671129 -0.056546258693785191 0.020557203365752091 0.021929763560061551 -0.035937993590156363 -0.050471558448081724 -0.00096450507405080048 0.0030419567007100808
leaf_weight=26.248664524406195 3.9103794619441024 30.0842569116503 5.7521724663674858 19.385007623583085 6.6103470027446738 16.589266292750835 4.6078319475054732 7.9150844141840926 20.640748929232359 51.91574352234602 18.353666704148054 8.8382794745266455 8.7975152432918531 84.020140308886766
leaf_count=846 27 960 42 130 44 117 28 52 142 360 161 67 62 604
internal_value=-0.000923609 -0.00570961 -0.000348987 0.00225572 0.00121992 0.00409647 -0.0161607 -0.0243819 -0.00138006 0.0168974 -0.0246363 -0.00534968 -0.0271522 -0.00129831
internal_weight=313.669 287.42 257.336 233.23 229.32 197.412 31.9079 27.3001 138.886 58.5261 24.1058 118.245 17.6358 100.609
internal_count=3642 2796 1836 1633 1606 1396 210 182 992 404 203 850 129 721
is_linear=0
shrinkage=0.05


Tree=57
num_leaves=15
num_cat=0
split_feature=22 0 20 17 20 17 20 20 20 16 17 20 9 17
split_gain=30.2556 25.7734 8.06181 9.18772 13.8001 8.15462 9.04705 12.179 12.715 25.8672 10.1536 15.3138 10.3777 9.61865
threshold=1.4591642000000002 0.011635519000000002 0.11702090500000002 0.007051918600000001 0.10503381000000002 0.0059791553500000002 0.10177639500000001 0.094391638500000014 0.078237381500000022 59.455620500000009 0.0029143062500000005 0.065730215500000008 10.416666500000002 0.0038084395000000004
decision_type=2 2 2 2 2 2 2 2 2 2 2 2 2 2
left_child=1 -1 3 4 5 6 7 8 10 -10 11 12 -3 -11
right_child=-2 2 -4 -5 -6 -7 -8 -9 9 13 -12 -13 -14 -15
leaf_value=0.046240080070712272 -0.050407147214725292 0.028572416684817848 -0.044294514235386703 0.034316011456541035 -0.029958597319535252 0.03558039792126759 -0.036675982157131186 0.036017004073368324 -0.069653430577013717 0.051860197920731481 0.027924359913385061 -0.03181692177824548 -0.026776026653651953 -0.026047698469833722
leaf_weight=33.552600866183639 25.18877780996263 32.16543035581708 8.7788383364677411 19.193964675068855 33.627519439905882 17.814894691109657 13.670072644948958 24.56744209676981 16.752288155257705 8.3290026709437353 36.024822980165482 28.872978530824184 10.497018221765755 6.0653462260961524
leaf_count=933 811 294 138 104 233 117 77 194 140 53 207 204 106 60
internal_value=0.00107173 0.00570232 0.000237647 0.00198853 -0.000866077 0.00428447 0.00095133 0.00430574 -0.00152848 -0.0291396 0.00666174 -0.00428334 0.0146527 0.0194726
internal_weight=315.101 289.912 256.36 247.581 228.387 194.759 176.944 163.274 138.707 31.1466 107.56 71.5354 42.6624 14.3943
internal_count=3671 2860 1927 1789 1685 1452 1335 1258 1064 253 811 604 400 113
is_linear=0
shrinkage=0.05


Tree=58
num_leaves=15
num_cat=0
split_feature=0 21 20 20 3 15 14 20 20 9 20 19 3 3
split_gain=27.898 24.5058 7.67808 5.82479 6.15644 5.06528 4.65037 4.44356 6.42716 4.40753 6.81412 4.22204 6.31305 4.86901
threshold=1.0000000180025095e-35 0.11479071000000002 0.11775318000000001 0.061731599500000005 18.627838500000006 0.032086479500000008 0.95186515500000013 0.093111191000000024 0.07708854100000001 11.166666500000002 0.10111503500000001 0.20856227000000002 19.393127500000002 20.327855500000002
decision_type=2 2 2 2 2 2 2 2 2 2 2 2 2 2
left_child=-1 -2 3 -3 7 11 -7 8 -5 10 -9 12 -6 -14
right_child=1 2 -4 4 5 6 -8 9 -10 -11 -12 -13 13 -15
leaf_value=0.04946723468930652 -0.049816125910339154 0.03532481722162932 -0.047073990788193548 0.010811343826228288 -0.069063522393737559 -0.0391167929727399 0.010135365649765297 0.045843980402459253 -0.027603601157553982 0.047464838065340208 -0.0029103224921779021 0.0031610154404835529 0.023935529207661062 -0.020631206501888502
leaf_weight=24.124084766954184 27.107202727347612 10.790872074663637 7.5834149904549113 33.82859618216753 4.1152253821492186 18.701975848525766 5.8648700341582289 9.0239323154091817 14.842446126043795 10.461037091910837 24.76939644664526 83.681614745408297 7.5953306891024139 20.766349073499441
leaf_count=849 936 100 135 219 27 127 43 80 111 61 158 579 52 136
internal_value=-0.00100959 -0.00553308 -0.000592044 0.0010359 -0.000691481 -0.00726777 -0.0274222 0.00923894 -0.00122334 0.0205182 0.0110521 -0.00280755 -0.0178215 -0.00828741
internal_weight=303.256 279.132 252.025 244.442 233.651 140.725 24.5668 92.9254 48.671 44.2544 33.7933 116.159 32.4769 28.3617
internal_count=3613 2764 1828 1693 1593 964 170 629 330 299 238 794 215 188
is_linear=0
shrinkage=0.05


Tree=59
num_leaves=15
num_cat=0
split_feature=1 19 20 17 20 16 17 17 20 17 20 16 20 16
split_gain=27.5387 22.5141 7.96866 13.5197 11.262 13.6521 11.1448 10.3995 7.23717 10.2363 6.50772 7.44768 10.3576 24.0999
threshold=0.9543369450000001 0.7972222200000002 0.10322841500000002 0.0061305935500000014 0.10687178000000001 59.399861000000008 0.0048566131500000003 0.0036929515500000007 0.11775318000000001 0.0066714933500000009 0.060923370000000011 25.130637500000002 0.076390651000000018 59.298369500000007
decision_type=2 2 2 2 2 2 2 2 2 2 2 2 2 2
left_child=-1 2 6 -4 -5 -6 7 10 9 -7 -2 -12 -13 -14
right_child=1 -3 3 4 5 8 -8 -9 -10 -11 11 12 13 -15
leaf_value=0.04838677976311731 0.043074343644039573 -0.049559949043098073 -0.053684659096788316 0.041373214321872354 -0.047082474399357845 -0.037893449952390371 0.026744720798109106 -0.04153788562491588 -0.043975230513949415 0.03469703752625343 -0.020765660322382563 0.022639153351533953 -0.047607673880357686 0.039070092454766649
leaf_weight=24.297673568129539 8.0555922016501409 25.919170429930091 16.367392838001251 10.435363724827765 17.872266713529825 5.4552611187100473 41.504594095051289 14.247257996350525 4.7554005607962599 19.617737926542759 32.411242533475161 45.152156837284565 19.585772797465328 12.206563979387282
leaf_count=846 82 950 97 59 187 39 311 143 86 96 208 294 114 79
internal_value=-0.00153803 -0.00613202 -0.00140611 -0.0149679 -0.00334429 -0.0137757 0.00448131 -0.0026858 0.00706061 0.0180555 0.00233967 -0.00102414 0.00745129 -0.0141514
internal_weight=297.883 273.586 247.667 74.5034 58.136 47.7007 173.163 131.659 29.8284 25.073 117.411 109.356 76.9445 31.7923
internal_count=3591 2745 1795 564 467 408 1231 920 221 135 777 695 487 193
is_linear=0
shrinkage=0.05


Tree=60
num_leaves=15
num_cat=0
split_feature=0 19 20 21 20 17 20 17 20 17 20 17 16 20
split_gain=24.2041 23.7589 8.77133 7.99631 6.12612 9.1117 9.74044 8.46703 8.12231 7.46821 6.09538 6.71134 5.79526 9.75959
threshold=1.0000000180025095e-35 0.7972222200000002 0.11605438500000002 0.67575216500000013 0.10322841500000002 0.0058598260000000011 0.10060217 0.0048566131500000003 0.081653083000000015 0.0060608607500000017 0.10687178000000001 0.0067224302500000005 29.928088500000005 0.061286753000000006
decision_type=2 2 2 2 2 2 2 2 2 2 2 2 2 2
left_child=-1 2 3 4 5 6 7 8 12 -6 -11 -12 13 -2
right_child=1 -3 -4 -5 9 -7 -8 -9 -10 10 11 -13 -14 -15
leaf_value=0.049173507207642353 0.039461069973183958 -0.049492147437204745 -0.039649541951336104 0.028514680009010696 -0.053687593101466674 0.044488890204083489 -0.046535591011950955 0.039207885782966384 -0.038662323334818477 0.023134916623620497 -0.053382579921430799 -0.0001516216497903322 0.014240603408186465 -0.016851468769417201
leaf_weight=22.341119104996324 8.2092284932732564 24.842516293749213 11.674516394734381 26.269800774753094 9.3750051185488683 11.970841363072394 9.1440056189894658 14.38872419297695 11.325308714061974 11.675782732665537 8.2392581477761286 16.504865594208241 62.836532305926085 46.481415536254644
leaf_count=863 86 940 175 175 56 87 55 126 144 66 70 100 395 279
internal_value=0.000298263 -0.00386729 0.000881614 0.00304162 -0.000262584 0.00425857 0.000828777 0.00415401 -3.21897e-05 -0.0162331 -0.00541467 -0.0192615 0.00398512 -0.00784199
internal_weight=295.279 272.938 248.095 236.421 210.151 164.356 152.385 143.241 128.852 45.7949 36.4199 24.7441 117.527 54.6906
internal_count=3617 2754 1814 1639 1464 1172 1085 1030 904 292 236 170 760 365
is_linear=0
shrinkage=0.05


Tree=61
num_leaves=15
num_cat=0
split_feature=2 21 20 21 20 17 16 20 17 20 20 20 10 16
split_gain=24.0694 21.3283 6.71198 7.53327 8.77838 6.85004 5.20424 6.75483 4.72019 13.8427 10.0092 10.1202 5.24751 4.99352
threshold=1.0000000180025095e-35 0.11479071000000002 0.11775318000000001 0.67575216500000013 0.10687178000000001 0.0070893495000000006 49.866131000000003 0.10607253000000001 0.005836314950000001 0.10086051500000003 0.093824328000000026 0.080423944000000011 0.32775059500000009 25.130637500000002
decision_type=2 2 2 2 2 2 2 2 2 2 2 2 2 2
left_child=1 -1 3 4 8 -6 7 -5 9 10 11 13 -10 -3
right_child=-2 2 -4 6 5 -7 -8 -9 12 -11 -12 -13 -14 -15
leaf_value=-0.049327712716837585 0.04905529417179455 -0.011628605811069856 -0.045989267789823506 0.027048659189007847 -0.044943393426677331 0.0079153756589912111 0.040700144175960212 -0.047876915331612147 -0.0072010616221669273 -0.059697248807466796 0.039890624367219858 -0.040801069948128516 0.035787572596141813 0.0098713620246004118
leaf_weight=23.136555323377252 21.769822822883725 39.645229548215866 6.7186218723654738 6.6098788380622882 18.0595569126308 8.6427118480205518 17.975490819662809 3.978003054857254 10.772510908544065 8.5897126719355565 14.815539821982382 14.055102825164793 18.293915100395679 79.622088186442852
leaf_count=917 881 286 136 47 156 45 110 32 65 47 131 176 118 494
internal_value=-0.000326884 -0.00446089 -8.99603e-05 0.00137401 -0.00190737 -0.0281665 0.0250246 -0.00280417 0.00199716 -0.00147501 0.00227863 -0.00216689 0.0201457 0.00268737
internal_weight=292.685 270.915 247.778 241.06 212.496 26.7023 28.5634 10.5879 185.794 156.728 148.138 133.322 29.0664 119.267
internal_count=3641 2760 1843 1707 1518 201 189 79 1317 1134 1087 956 183 780
is_linear=0
shrinkage=0.05


Tree=62
num_leaves=15
num_cat=0
split_feature=3 17 20 17 20 17 20 18 17 20 20 22 20 3
split_gain=23.4431 20.2561 6.53123 7.82377 10.4826 7.74429 6.25833 6.08772 5.8648 10.4962 5.69072 5.25858 4.72646 4.57601
threshold=10.465913500000001 0.00018579475000000002 0.063602257000000009 0.0030039902500000001 0.076390651000000018 0.0032064466000000006 0.11775318000000001 0.00011411063500000001 0.0070015666000000009 0.11103884500000001 0.074158984000000011 0.75672024000000004 0.073388645500000016 15.385447500000003
decision_type=2 2 2 2 2 2 2 2 2 2 2 2 2 2
left_child=-1 -2 -3 7 12 -6 8 -4 9 11 -9 -7 -5 -13
right_child=1 2 3 4 5 6 -8 10 -10 -11 -12 13 -14 -15
leaf_value=0.048811207354975315 -0.049200924416528818 0.024298763582767179 -0.036798543077296561 -0.010462995203035919 -0.076942918619021194 -0.041913648145695988 -0.045704268007135181 0.010392293415765579 0.024702973885306317 -0.048196106965261873 -0.05360990292672433 -0.027557905988050746 0.047291054209679724 0.0077006966112209739
leaf_weight=21.03176393173635 22.481530029326677 22.852086678147316 25.975288081914186 4.1061927750706699 2.439195252954959 5.516066074371337 6.4542668908834449 18.37636607140303 21.549452804028988 10.648708678781984 3.2320318147540084 9.1913063265383226 15.473229870200155 95.46929520368576
leaf_count=872 934 168 176 25 13 33 133 123 122 97 23 69 107 724
internal_value=-0.000747645 -0.00486874 -0.000552074 -0.00325083 0.00177384 -0.00276341 -0.00104224 -0.0209569 0.00128707 -0.00305769 -0.00112852 0.00169926 0.035259 0.00437277
internal_weight=284.797 263.765 241.283 218.431 170.848 151.268 148.829 47.5837 142.375 120.825 21.6084 110.177 19.5794 104.661
internal_count=3619 2747 1813 1645 1323 1191 1178 322 1045 923 146 826 132 793
is_linear=0
shrinkage=0.05


Tree=63
num_leaves=15
num_cat=0
split_feature=22 1 20 16 16 18 20 21 20 20 22 19 16 20
split_gain=21.7597 17.6263 6.86632 11.2 7.12369 8.30331 7.48094 9.60558 6.66799 6.13516 7.05307 5.6715 5.64994 13.4453
threshold=1.4591642000000002 0.9461872600000002 0.10607253000000001 59.399861000000008 29.961235500000004 2.5685991500000001e-05 0.067954421000000001 0.59726204500000013 0.063445956000000012 0.072163309500000009 1.0710840000000001 0.23398510000000003 29.753196000000006 0.076390651000000018
decision_type=2 2 2 2 2 2 2 2 2 2 2 2 2 2
left_child=1 -1 4 -4 8 -6 -7 9 -3 -8 -11 -12 -10 -14
right_child=-2 2 3 -5 5 6 7 -9 12 10 11 -13 13 -15
leaf_value=0.04823508756052905 -0.049601138154684123 0.014140326492106487 -0.045412930516394133 0.0024954808264068171 -0.032130385241524818 0.055221149547045295 -0.045839959086906176 0.025448209150643636 -0.035418223090510723 0.02010357007451238 -0.039742545214156745 0.016764274290594815 0.053159233089779205 -0.024701279078414479
leaf_weight=20.038537168875337 19.128918660804629 22.593587705865502 18.629915662109852 31.971284877508879 8.9038416985422355 9.9386229235678893 6.6855477243661872 55.798295848071575 23.21563158929348 23.928918674588203 11.693316031247379 6.1286328546702853 6.9427905306220081 17.367078918963671
leaf_count=873 803 217 200 247 150 80 36 395 160 173 92 45 45 121
internal_value=0.000517089 0.00432438 0.000532917 -0.0156813 0.00483856 0.0120501 0.0157446 0.0114916 -0.007811 -0.0047759 0.00271812 -0.0204526 -0.018323 -0.0012429
internal_weight=282.965 263.836 243.797 50.6012 193.196 123.077 114.173 104.235 70.1191 48.4364 41.7509 17.8219 47.5255 24.3099
internal_count=3637 2834 1961 447 1514 971 821 741 543 346 310 137 326 166
is_linear=0
shrinkage=0.05


Tree=64
num_leaves=15
num_cat=0
split_feature=22 0 20 14 17 20 17 20 20 17 17 20 17 20
split_gain=21.1323 16.2651 7.01743 5.56322 4.90062 6.47571 6.07119 11.2259 10.0449 14.7246 8.9553 5.15014 7.04066 12.9271
threshold=1.4591642000000002 1.0000000180025095e-35 0.11605438500000002 0.14051282000000004 0.00018579475000000002 0.061286753000000006 0.0029143062500000005 0.067954421000000001 0.076390651000000018 0.0032561661500000003 0.0033639073000000003 0.078237381500000022 0.0045417656500000006 0.10060217
decision_type=2 2 2 2 2 2 2 2 2 2 2 2 2 2
left_child=1 -1 3 -3 -5 -6 7 -7 10 -10 -8 -11 -13 -14
right_child=-2 2 -4 4 5 6 8 -9 9 11 -12 12 13 -15
leaf_value=0.048516359225018284 -0.049506530997644634 -0.0479800986291892 -0.03649471568216308 -0.042319469111551808 0.049306692031215564 0.0057690855299019038 0.051467684283537075 -0.041398818374814912 -0.071106520095052514 0.038396779578306825 -0.026319648312027068 -0.02039926376144224 0.046132082293440221 0.00074826331194958638
leaf_weight=18.545967150479555 18.351167039945722 4.2377717569470397 10.815516363829373 4.5488298386335364 7.0590014830231658 35.505693346261978 19.50337087363005 18.395088590681553 5.3667899742722502 10.725200742483137 3.8618241101503363 23.519995402544737 18.431454606354237 81.682721048593521
leaf_count=862 799 32 169 172 76 226 132 136 29 56 22 220 157 548
internal_value=0.000926543 0.00463101 0.00110597 0.00300115 0.00415109 0.00527842 0.00362652 -0.0107891 0.00842751 0.00323736 0.0380584 0.0067103 0.00367549 0.00947723
internal_weight=280.55 262.199 243.653 232.838 228.6 224.051 216.992 53.9008 163.091 139.726 23.3652 134.359 123.634 100.114
internal_count=3636 2837 1975 1806 1774 1602 1526 362 1164 1010 154 981 925 705
is_linear=0
shrinkage=0.05


Tree=65
num_leaves=15
num_cat=0
split_feature=0 20 14 20 20 16 20 16 20 17 16 20 17 20
split_gain=19.6628 16.8852 7.64405 6.17557 5.54757 8.2579 9.9685 20.1766 25.0872 14.8803 8.76752 12.4676 9.35973 6.8994
threshold=1.0000000180025095e-35 0.042721384000000008 0.14051282000000004 0.11775318000000001 0.061731599500000005 25.130637500000002 0.076390651000000018 50.62977200000001 0.067954421000000001 0.0033295703500000003 30.226438000000005 0.081653083000000015 0.007051918600000001 0.11103884500000001
decision_type=2 2 2 2 2 2 2 2 2 2 2 2 2 2
left_child=-1 -2 -3 4 -4 -6 7 -7 -9 -8 -11 -12 13 -13
right_child=1 2 3 -5 5 6 9 8 -10 10 11 12 -14 -15
leaf_value=0.0483355400068399 -0.048698974514908726 -0.061674059739041179 0.036653211922153005 -0.045257037164396656 -0.024881071019679971 0.05923206360856631 -0.060986860232439426 0.049785790678174784 -0.054449015277319407 -0.015073156955423951 0.059654876910080583 0.0017792316305715158 0.035754662077498008 -0.04431050356485082
leaf_weight=17.635024642571807 19.231787582859397 4.0974948070943347 9.7920603603124601 6.2352569960057727 28.09101802483201 20.46314276009798 9.1157273203134519 9.3202815502882022 12.136328928172587 48.552974086254835 10.539530217647551 53.053754299879074 16.922060117125511 8.5726823844015581
leaf_count=860 908 25 104 141 188 140 55 78 74 393 71 410 91 69
internal_value=-0.00126446 -0.00485429 -0.00110507 0.000220258 0.00166524 -7.63301e-05 0.00372842 0.0249267 -0.00897094 -0.00245441 0.00183402 0.0111135 0.0039322 -0.00523734
internal_weight=273.759 256.124 236.892 232.795 226.56 216.767 188.676 41.9198 21.4566 146.757 137.641 89.088 78.5485 61.6264
internal_count=3607 2747 1839 1814 1673 1569 1381 292 152 1089 1034 641 570 479
is_linear=0
shrinkage=0.05


Tree=66
num_leaves=15
num_cat=0
split_feature=23 3 10 20 21 3 17 20 20 17 20 17 17 20
split_gain=18.2402 12.728 4.88214 4.89808 6.56345 4.07058 3.93646 5.06683 3.72068 9.18774 9.18114 6.60846 5.8093 7.83094
threshold=1.7290762500000001 10.465913500000001 0.26485687500000005 0.11775318000000001 0.67575216500000013 24.500218500000003 0.0030039902500000001 0.080923837500000012 0.10503381000000002 0.0058598260000000011 0.10161847000000002 0.0061889249000000009 0.0045417656500000006 0.081653083000000015
decision_type=2 2 2 2 2 2 2 2 2 2 2 2 2 2
left_child=1 -1 -3 4 5 8 -2 -8 9 10 12 -10 13 -4
right_child=6 2 3 -5 -6 -7 7 -9 11 -11 -12 -13 -14 -15
leaf_value=0.04804794503700173 -0.043246239697353292 -0.02196757575106632 0.0067002594810362075 -0.042289724935884052 0.031528889018938397 -0.023185412152580936 0.045506489963093227 -0.022431760396611378 -0.062447435717042782 0.042916148537755237 -0.056348088950560364 0.00063471283917491917 0.036247652745940474 -0.047574947800023817
leaf_weight=16.502895325422287 21.986596567556262 16.134547870606184 89.347527869045734 4.1641278676688662 23.131456170231104 12.110574871301649 2.4091149084270027 13.650294076651333 4.0786537528038052 16.613285221159458 4.975377917289733 22.639800533652306 13.994035407900808 6.1764556728303424
leaf_count=820 855 153 733 97 158 86 18 153 28 123 24 151 123 89
internal_value=0.00171039 0.00704958 0.00366919 0.00586665 0.00711786 0.00363005 -0.0299026 -0.01017 0.00582074 0.0092851 0.00407582 -0.0109005 0.00730588 0.00273437
internal_weight=267.915 229.869 213.366 197.231 193.067 169.936 38.046 16.0594 157.825 131.107 114.493 26.7185 109.518 95.524
internal_count=3611 2585 1765 1612 1515 1357 1026 171 1271 1092 969 179 945 822
is_linear=0
shrinkage=0.05


Tree=67
num_leaves=15
num_cat=0
split_feature=3 21 23 18 3 13 21 21 16 18 17 17 3 21
split_gain=18.8547 14.9229 5.81962 5.57455 4.70637 4.29843 3.89556 3.77459 4.17115 5.56786 4.63289 6.05913 5.05291 4.73275
threshold=10.465913500000001 0.11479071000000002 -0.57420934999999984 0.00027673956000000006 20.494629000000003 0.64679805000000012 0.64750312500000007 0.48391779500000004 29.892942000000001 5.2464578000000006e-05 0.0025736701500000008 0.0030039902500000001 24.376614500000006 0.60630993500000008
decision_type=2 2 2 2 2 2 2 2 2 2 2 2 2 2
left_child=-1 -2 4 7 5 -3 -5 -4 9 -9 -10 -12 -13 -14
right_child=1 2 3 6 -6 -7 -8 8 10 -11 11 12 13 -15
leaf_value=0.047174582944780219 -0.048454441561808996 0.035579013652213741 0.041238532997439563 -0.045689853110795139 -0.0065005933970917976 -0.0038058730842521157 -0.0078837548419502818 0.016574464976434524 0.03698730967081628 -0.027519393652882182 -0.034439993467676407 0.0055526530192619578 -0.070330628185199043 0.0057883787597154349
leaf_weight=16.710440946742892 18.300228850916028 21.864623591303829 3.6511767506599417 13.341721732169392 20.679506592452526 9.6815649121999723 13.944763865321873 8.4281672053039056 7.0742965042591086 31.816118113696575 11.890371471643446 86.617197450250387 3.4541088715195647 3.5115167759358883
leaf_count=865 939 179 25 121 142 67 119 56 55 242 75 699 27 30
internal_value=-0.0027276 -0.00617929 -0.00270986 -0.00689675 0.0118724 0.0237462 -0.0273308 -0.00318173 -0.00450446 -0.0181071 0.000476137 -0.00229713 0.0021078 -0.0360481
internal_weight=270.966 254.255 235.955 183.729 52.2257 31.5462 27.2865 156.443 152.792 40.2443 112.547 105.473 93.5828 6.96563
internal_count=3641 2776 1837 1449 388 246 240 1209 1184 298 886 831 756 57
is_linear=0
shrinkage=0.05


Tree=68
num_leaves=15
num_cat=0
split_feature=1 19 20 17 20 17 20 17 10 20 17 19 11 20
split_gain=18.5828 14.1411 5.59663 7.51655 5.41892 6.96799 10.8478 6.96166 5.76952 4.67188 4.18662 4.7362 4.04215 4.43777
threshold=0.9543369450000001 0.7972222200000002 0.060923370000000011 0.0021042058000000003 0.10915670500000001 0.0061889249000000009 0.10473688500000002 0.0068466236000000007 0.23300529000000003 0.11775318000000001 0.0072907839500000009 0.22696970000000002 0.15841659000000002 0.063445956000000012
decision_type=2 2 2 2 2 2 2 2 2 2 2 2 2 2
left_child=-1 2 -2 -4 5 6 8 -6 -5 10 11 -9 13 -10
right_child=1 -3 3 4 7 -7 -8 9 12 -11 -12 -13 -14 -15
leaf_value=0.048177319753855752 0.03996139883121648 -0.048142940493546962 -0.067620523232030549 -0.050292983074401956 -0.047984485201584819 0.03296266341229686 -0.065886139417553433 -0.032935374418530727 0.038812827403701199 -0.043488437206108344 0.03063953722513826 0.024843535551746218 -0.023962954598424457 0.0027837792946547851
leaf_weight=16.327397383749485 6.6707619838416568 16.937812307849526 3.4771830737590781 4.3108327090740195 12.53183577954769 15.058045793324707 5.2992195636034003 8.3498384244740063 8.1282746493816358 4.918938420712947 9.1190189421176893 4.811975732445716 12.094320729374884 138.09790248051286
leaf_count=857 80 922 20 26 131 96 30 58 47 120 52 33 91 1040
internal_value=-0.00191035 -0.00536313 -0.00205897 -0.00346862 -0.00216928 0.00149423 -0.00150592 -0.0186644 0.000981693 -0.00393314 0.00629237 -0.0115487 0.00268474 0.00503655
internal_weight=266.133 249.806 232.868 226.197 222.72 182.989 167.931 39.7316 162.631 27.1998 22.2808 13.1618 158.32 146.226
internal_count=3603 2746 1824 1744 1724 1330 1234 394 1204 263 143 91 1178 1087
is_linear=0
shrinkage=0.05


Tree=69
num_leaves=15
num_cat=0
split_feature=22 3 14 20 7 17 20 9 20 17 20 17 17 20
split_gain=15.7454 13.9557 7.15261 5.18963 5.38073 3.95149 9.44188 6.82609 6.64432 7.91176 6.49344 11.5797 8.99122 9.24208
threshold=1.4591642000000002 10.465913500000001 0.14051282000000004 0.11775318000000001 0.51247128000000008 0.0030039902500000001 0.065730215500000008 11.166666500000002 0.076616847000000016 0.0033859059000000006 0.10322841500000002 0.0059791553500000002 0.0045417656500000006 0.080923837500000012
decision_type=2 2 2 2 2 2 2 2 2 2 2 2 2 2
left_child=1 -1 -3 4 -4 6 -6 -8 -7 -10 12 -12 13 -11
right_child=-2 2 3 -5 5 8 7 -9 9 10 11 -13 -14 -15
leaf_value=0.047305013706182383 -0.048849461521777313 -0.057916569214488837 0.027808928392894557 -0.043952169261485173 0.0071439705632795744 0.033081745574062835 -0.041954890126268421 0.021111270553517594 -0.048034515800827335 0.013157561763759765 -0.062503704597322449 0.00075852277207195051 0.030013985064606716 -0.049071629401461925
leaf_weight=15.280578065663574 14.846985340118406 4.3182316012680522 17.536084853112698 5.3124849852174512 33.665862765163183 16.579639449715614 23.825688783079389 4.5434326194226733 6.9556282646954051 16.33451104909182 7.5385040715336791 47.176179096102715 36.515932019799948 8.141429625451563
leaf_count=861 789 30 135 135 372 122 182 31 42 98 46 336 294 123
internal_value=-0.000551147 0.00257864 -0.000606241 0.000750318 0.00203065 -0.000341639 -0.0107381 -0.0314797 0.00433375 0.000211928 0.00349897 -0.00892306 0.0146067 -0.00865542
internal_weight=258.571 243.724 228.444 224.125 218.813 201.277 62.035 28.3691 139.242 122.662 115.707 54.7147 60.9919 24.4759
internal_count=3596 2807 1946 1916 1781 1646 585 213 1061 939 897 382 515 221
is_linear=0
shrinkage=0.05


Tree=70
num_leaves=15
num_cat=0
split_feature=0 19 20 3 16 20 7 7 12 16 20 9 1 20
split_gain=13.4337 16.3056 5.60512 4.99279 4.56156 9.32863 5.08633 4.13357 4.12031 3.90926 3.85073 4.07091 3.2072 3.05998
threshold=1.0000000180025095e-35 0.7972222200000002 0.11775318000000001 22.261830500000006 29.914910500000005 0.063898661000000009 0.51498846000000009 0.56746430500000011 0.37504196000000006 25.000238000000003 0.067954421000000001 15.583333500000002 0.99735449500000006 0.095330728500000003
decision_type=2 2 2 2 2 2 2 2 2 2 2 2 2 2
left_child=-1 2 3 4 5 9 -6 -7 -5 12 -8 -12 -2 -9
right_child=1 -3 -4 8 6 7 10 13 -10 -11 11 -13 -14 -15
leaf_value=0.047463229096190405 0.02768881661685578 -0.048044028565454505 -0.04396499639746055 -0.033836302380917407 0.04610904541526583 0.018863126858022088 0.0448404466680032 -0.040756079163875483 -0.0015053476485273212 0.046125934231279309 0.0039130857312124198 0.036474506084448452 -0.023910031426375374 0.0023766285355134274
leaf_weight=14.011527907103298 4.6814476847648638 16.31370413582772 5.3728885035961857 12.623382002115248 9.3594188988208753 4.1417429558932808 6.2227936238050452 18.450972158461813 35.986379347741604 7.7120256200432769 102.33737498521805 9.6378348991274816 5.4085655063390732 5.0795165970921508
leaf_count=858 36 947 141 96 67 29 56 141 269 61 780 68 33 37
internal_value=0.0015576 -0.00126922 0.00228808 0.00360175 0.00757644 -0.00592529 0.0123985 -0.0237619 -0.0104141 0.0215899 0.00936468 0.00701373 0.00036822 -0.0317277
internal_weight=257.34 243.328 227.014 221.641 173.032 45.4743 127.557 27.6722 48.6098 17.802 118.198 111.975 10.09 23.5305
internal_count=3619 2761 1814 1673 1308 337 971 207 365 130 904 848 69 178
is_linear=0
shrinkage=0.05


Tree=71
num_leaves=15
num_cat=0
split_feature=1 19 7 20 20 16 9 20 20 20 16 17 21 23
split_gain=15.7538 13.1497 5.91279 5.07247 4.61541 6.07347 9.48996 6.22478 4.67532 4.88796 20.2196 9.58225 4.3542 4.16449
threshold=0.95628285000000013 0.7972222200000002 0.51498846000000009 0.11536729500000002 0.060923370000000011 25.096580000000003 5.7083333500000011 0.066834719000000015 0.071614835500000015 0.07685541550000001 59.559859500000009 0.0033859059000000006 0.52930046000000008 0.49051840500000005
decision_type=2 2 2 2 2 2 2 2 2 2 2 2 2 2
left_child=-1 2 13 4 -4 6 12 -7 -9 10 -10 -11 -6 -2
right_child=1 -3 3 -5 5 7 -8 8 9 11 -12 -13 -14 -15
leaf_value=0.045421063906354031 0.04245841994448947 -0.047685839400532497 0.039465573504606416 -0.037158657545289575 0.039781122960906835 0.038988110429288292 -0.051414050161961516 -0.036242094250869619 0.049981009938128762 -0.053582631684385262 -0.043447344988135954 0.00019208432345065409 -0.017654704502418624 -0.0042297892100293831
leaf_weight=16.358077520504594 11.726084455847742 15.007769919000564 5.6573307141661635 9.4980703741312009 4.9628373645246047 8.9746071547269803 13.953736379742621 8.2454068772494775 16.909779898822311 7.9383204765617839 7.657872784882783 113.10778726264834 6.4891935437917709 7.3775707446038714
leaf_count=904 80 929 70 160 32 78 100 52 122 48 49 873 42 69
internal_value=-0.000570674 -0.00391548 -0.000762971 -0.00330447 -0.00146397 -0.00289611 -0.0251401 0.000706723 -0.00176358 0.000422654 0.0202986 -0.00374465 0.00843147 0.0251145
internal_weight=253.864 237.506 222.499 203.395 193.897 188.24 25.4058 162.834 153.859 145.614 24.5677 121.046 11.452 19.1037
internal_count=3608 2704 1775 1626 1466 1396 174 1222 1144 1092 171 921 74 149
is_linear=0
shrinkage=0.05


Tree=72
num_leaves=15
num_cat=0
split_feature=0 21 3 13 11 18 19 18 11 21 0 16 13 9
split_gain=13.094 13.4472 5.83625 6.42816 4.69786 4.58625 3.96665 3.7746 3.71294 3.29769 3.27738 3.11028 3.02154 3.83935
threshold=1.0000000180025095e-35 0.11479071000000002 18.627838500000006 0.58057242000000009 0.15053670500000002 0.00026020433500000001 0.16011049500000005 0.00024415867500000003 0.11799099 0.64906421500000011 0.020160797500000004 30.011853500000004 0.5932182800000001 5.7083333500000011
decision_type=2 2 2 2 2 2 2 2 2 2 2 2 2 2
left_child=-1 -2 3 5 8 -3 -4 10 11 -9 -8 -5 -10 -14
right_child=1 2 6 4 -6 -7 7 9 12 -11 -12 -13 13 -15
leaf_value=0.047053372698803379 -0.047764425360681206 0.03365481024318847 -0.055887722413762747 -0.048714798730341929 -0.04205522617780888 -0.0093780305754723944 -0.0037419372085945868 -0.035815784266453425 -0.023566287003575957 -0.0027315732281368941 0.023986748189233454 0.00084447116469097902 0.057022837927414805 0.009400972875763039
leaf_weight=12.639190034940837 14.887716073542832 30.025897039100528 2.9831994939595452 4.3157554492354375 5.3486453779041758 7.2657698616385451 93.837225914001465 15.465821111574771 4.3499950617551795 14.210563438013194 11.005951106548308 7.7453481070697308 4.1728643774986294 26.817705987021327
leaf_count=846 943 261 20 31 43 59 741 134 36 121 83 64 33 206
internal_value=-0.000622447 -0.0032911 -0.000185055 0.00964934 -0.00164016 0.0252445 -0.00664816 -0.00515185 0.0036948 -0.0205789 -0.000631984 -0.0192611 0.0118437 0.0173953
internal_weight=255.072 242.432 227.545 90.042 52.7503 37.2917 137.503 134.52 47.4017 29.6764 104.843 12.0611 35.3406 30.9906
internal_count=3621 2775 1832 733 413 320 1099 1079 370 255 824 95 275 239
is_linear=0
shrinkage=0.05


Tree=73
num_leaves=15
num_cat=0
split_feature=1 22 21 18 18 3 16 21 18 17 16 11 7 7
split_gain=14.517 11.542 4.56323 5.03865 7.93721 5.12932 4.29286 6.93575 4.77039 5.09839 7.17499 4.98146 4.56567 3.94999
threshold=0.9543369450000001 1.3911645500000003 0.67575216500000013 0.00027673956000000006 0.00036498898000000005 25.131808500000002 29.872106500000005 0.53784159500000006 3.1100895500000003e-05 0.0054134777000000005 59.455620500000009 0.12972824000000002 0.9539438950000001 0.9612286750000002
decision_type=2 2 2 2 2 2 2 2 2 2 2 2 2 2
left_child=-1 2 3 5 -5 6 7 -2 -8 -10 -11 12 -12 -6
right_child=1 -3 -4 4 13 -7 8 -9 9 10 11 -13 -14 -15
leaf_value=0.044846011507483866 0.010724742077691524 -0.047177207188485365 0.016123344746645393 -0.052463444319517473 0.024729747872755541 -0.036248338134969756 -0.028444556402288386 -0.027897121490176292 0.016684364320546118 0.016432628268748913 -0.028648940193494385 -0.049272084275396311 0.029186419375672845 -0.028648842054317888
leaf_weight=14.062136543914674 18.526230534538627 14.72615584451705 26.85824279487133 12.561191352084281 7.3666039444506151 9.4913602545857412 8.7673111297190172 28.384069044142962 64.932921692728996 18.708625601604581 6.3954191468656081 9.8702884186059219 5.3401041626930237 4.9241795856505632
leaf_count=882 165 859 236 99 61 75 156 209 512 171 44 67 39 41
internal_value=-0.00277279 -0.00577662 -0.00283278 -0.00550897 -0.0260825 -0.00237406 -0.000164634 -0.0127387 0.00507465 0.0081083 -0.00577433 -0.0248798 -0.00210639 0.00279766
internal_weight=250.915 236.853 222.127 195.268 24.852 170.416 160.925 46.9103 114.015 105.247 40.3144 21.6058 11.7355 12.2908
internal_count=3616 2734 1875 1639 201 1438 1363 374 989 833 321 150 83 102
is_linear=0
shrinkage=0.05


Tree=74
num_leaves=15
num_cat=0
split_feature=3 19 20 3 20 21 16 16 3 3 3 11 20 11
split_gain=12.5706 11.5103 5.60924 4.4535 3.92343 6.01236 4.59649 4.19416 3.96326 4.14924 3.92004 3.94076 4.71027 3.07353
threshold=10.465913500000001 0.7972222200000002 0.061286753000000006 18.627838500000006 0.10310140500000002 0.67575216500000013 29.872106500000005 49.948375500000004 19.206950500000001 25.131808500000002 23.544253500000003 0.12389565000000001 0.064987920000000018 0.15053670500000002
decision_type=2 2 2 2 2 2 2 2 2 2 2 2 2 2
left_child=-1 2 -2 13 6 -6 10 -7 -8 -10 11 -5 -13 -4
right_child=1 -3 3 4 5 7 8 -9 9 -11 -12 12 -14 -15
leaf_value=0.04615282616377496 0.0403014394305184 -0.047235118189893503 0.010166436923769942 -0.055540924873466714 -0.033413703142510368 -0.02732139976117752 -0.030487975137978015 0.025435717693540486 0.015182006559588191 -0.023465658406398034 0.013891757287625019 0.024355909335108332 -0.038063269287389748 -0.017996346613710409
leaf_weight=12.468038825318216 7.039671402424573 13.149750126525758 74.31590773537755 7.8786953762173715 28.092858931049705 5.0540750548243514 5.8777434788644305 9.0582619179040176 47.713954538106918 7.1854953132569781 5.8404669612646094 4.836847282946108 5.348754096776247 10.189476639032362
leaf_count=875 91 916 587 53 245 46 49 81 382 55 39 23 46 78
internal_value=-0.000815741 -0.00353203 -0.000697802 -0.00224646 -0.00814355 -0.0204065 -0.0018649 0.00598407 0.00546818 0.00979433 -0.01998 -0.0310855 -0.0088947 0.00659987
internal_weight=244.05 231.582 218.432 211.393 126.887 42.2052 84.682 14.1123 60.7772 54.8994 23.9048 18.0643 10.1856 84.5054
internal_count=3566 2691 1775 1684 1019 372 647 127 486 437 161 122 69 665
is_linear=0
shrinkage=0.05


Tree=75
num_leaves=15
num_cat=0
split_feature=22 0 7 3 9 0 16 19 19 13 11 14 3 0
split_gain=12.0698 12.2597 3.91164 3.86907 3.67457 3.46748 5.42872 3.21368 3.12926 4.74517 2.72135 2.66977 2.61371 2.44507
threshold=1.4321613000000002 0.011635519000000002 0.9783992450000002 22.684172500000006 5.5833333500000011 0.018355128000000002 59.766240000000003 0.25862525000000008 0.23191614000000002 0.56869833000000003 0.12371448500000001 0.97339233000000014 22.929596500000006 0.017157020000000005
decision_type=2 2 2 2 2 2 2 2 2 2 2 2 2 2
left_child=1 12 3 5 10 11 7 -7 9 -6 -5 13 -1 -3
right_child=-2 2 -4 4 8 6 -8 -9 -10 -11 -12 -13 -14 -15
leaf_value=0.046234992895585351 -0.047854548458277919 0.00043198344013837414 -0.025032866499469727 -0.023208602824193493 -0.0017925122663492044 0.0081312433913144789 0.038232998930078053 -0.039641259222320056 -0.0014637351529405318 -0.059566868105643191 0.025166410247604982 0.024019034773998197 -0.020752696037657704 -0.017618401179485668
leaf_weight=15.807350927032532 12.16088071092963 84.883623166009784 15.90876709576696 3.5668792873620969 5.5767685957253006 27.634352982044224 15.145309841260312 3.0168078830465666 8.609921418130396 9.1169383171945793 7.2225662749260664 8.5530814155936223 1.0337020121514786 23.06776112690568
leaf_count=893 820 789 139 25 48 232 120 25 78 75 56 74 10 198
internal_value=-0.00128905 0.00137942 -0.00195692 2.96754e-05 -0.0150328 0.0032664 0.0147636 0.0023254 -0.0258599 -0.0391509 0.00856203 -0.0013402 0.0411906 -0.00355145
internal_weight=241.305 229.144 212.303 196.394 34.0931 162.301 45.7965 30.6512 23.3036 14.6937 10.7894 116.504 16.8411 107.951
internal_count=3582 2762 1859 1720 282 1438 377 257 201 123 81 1061 903 987
is_linear=0
shrinkage=0.05


Tree=76
num_leaves=15
num_cat=0
split_feature=22 1 20 17 20 10 22 3 17 20 20 18 17 10
split_gain=11.4638 10.2636 4.49097 6.35588 5.40945 3.65416 3.92777 2.71751 2.5008 6.33274 6.32505 3.30074 4.57987 3.47592
threshold=1.4591642000000002 0.95628285000000013 0.11775318000000001 0.0074444475000000005 0.11454204000000003 0.26324152500000003 0.940246625 24.290590000000005 0.0030475874500000004 0.073388645500000016 0.076390651000000018 8.7984149000000004e-05 0.0033295703500000003 0.46490633500000006
decision_type=2 2 2 2 2 2 2 2 2 2 2 2 2 2
left_child=1 -1 3 4 5 -3 -7 8 9 -8 -10 13 -13 -12
right_child=-2 2 -4 -5 -6 6 7 -9 10 -11 11 12 -14 -15
leaf_value=0.042881482727023273 -0.047667135970983009 -0.023345425828729817 -0.043233969838686735 0.041709222520421946 -0.045728251393314184 0.015401013213849526 -0.00096240370858188633 -0.024021598095741822 0.042426482653168125 -0.052753860194807149 0.024095434333217185 -0.053263303973654197 -0.0018977882972310328 -0.02090762365470613
leaf_weight=13.669592120684682 11.024957274086772 13.867759387008844 4.9314534086734048 8.123410798609255 5.5274647288024417 43.414011692628264 36.556666942313313 11.362786756828426 9.1430971920490247 6.047688476741313 20.249543931335214 3.7438102029263964 51.991325762122869 4.5531062372028819
leaf_count=895 799 124 139 48 51 325 402 100 70 43 165 22 410 37
internal_value=-5.51056e-05 0.00238995 -0.00031459 0.000867747 -0.000932534 0.000520124 0.00240412 -0.00160319 0.000488245 -0.00935543 0.00521624 0.000523407 -0.00622608 0.015344
internal_weight=244.207 233.182 219.512 214.581 206.457 200.93 187.062 143.648 132.285 42.6044 89.6809 80.5378 55.7351 24.8027
internal_count=3630 2831 1936 1797 1749 1698 1574 1249 1149 445 704 634 432 202
is_linear=0
shrinkage=0.05


Tree=77
num_leaves=15
num_cat=0
split_feature=3 19 15 12 23 3 22 23 22 13 1 14 0 14
split_gain=11.157 10.0651 3.79804 3.61724 4.69749 3.62843 4.44727 5.1875 4.4837 3.92174 4.22252 3.5848 3.63802 3.24111
threshold=10.465913500000001 0.7972222200000002 0.051503094500000006 0.32810363500000006 2.1356292500000005 16.898298000000004 0.78283861500000007 0.085436774000000007 1.1932324000000001 0.56522137500000014 0.99735449500000006 0.2759907350000001 0.015979486000000005 0.14839840000000001
decision_type=2 2 2 2 2 2 2 2 2 2 2 2 2 2
left_child=-1 2 3 11 5 9 -7 -8 -9 -5 -11 13 -13 -2
right_child=1 -3 -4 4 -6 6 7 8 -10 10 -12 12 -14 -15
leaf_value=0.045398646217842932 -0.036664608375469129 -0.046885544951460321 -0.038278988272354181 0.037014352658741687 -0.034909415824702951 -0.033161326883681633 0.015448202057887423 -0.010670538595642112 0.018565708951304122 0.023665097216625845 -0.023026638334255833 0.0050143199527556579 -0.051724227147566672 0.006708730898331002
leaf_weight=10.930638412944971 4.5046619586646583 12.026012644171713 5.8530827052891246 14.871572824195026 7.0367043148726216 8.1047499850392324 50.050503440201283 64.856655478477478 15.417807362973688 9.6490739732980746 7.8891230821609488 3.766211185604333 8.6197715215384942 18.883610781282187
leaf_count=875 29 936 58 132 79 52 401 546 129 81 69 32 69 140
internal_value=-0.00176824 -0.00418067 -0.00163897 -0.000461537 0.00247679 0.00421088 0.000636845 0.00297522 -0.00489598 0.0190005 0.00255282 -0.0147415 -0.035386 -0.00280596
internal_weight=242.46 231.53 219.504 213.65 177.876 170.839 138.43 130.325 80.2745 32.4098 17.5382 35.7743 12.386 23.3883
internal_count=3628 2753 1817 1759 1489 1410 1128 1076 675 282 150 270 101 169
is_linear=0
shrinkage=0.05


Tree=78
num_leaves=15
num_cat=0
split_feature=3 17 20 17 20 16 17 20 17 20 10 13 20 16
split_gain=9.83909 10.2867 4.93257 9.64528 5.76773 15.8921 6.75008 7.35651 5.64103 6.97923 5.16674 4.49329 4.15466 5.63851
threshold=10.465913500000001 0.00018579475000000002 0.10322841500000002 0.0061305935500000014 0.10687178000000001 59.399861000000008 0.0065867057500000005 0.11640078500000002 0.0048566131500000003 0.081653083000000015 0.48793680000000006 0.59214067500000012 0.061731599500000005 25.253168500000005
decision_type=2 2 2 2 2 2 2 2 2 2 2 2 2 2
left_child=-1 -2 8 -4 -5 -6 -7 10 9 12 -8 -10 -3 -14
right_child=1 2 3 4 5 6 7 -9 11 -11 -12 -13 13 -15
leaf_value=0.04493729183970728 -0.046663330212306481 0.034478352168161523 -0.044593946350126319 0.03238999649684688 -0.047644507404183599 -0.044941484558598283 0.056988767737701819 -0.027187560059080452 0.036193356701963018 -0.037750668408028779 0.0013143842728318572 0.0020682782160953567 -0.017194233981103545 0.0085280251712870538
leaf_weight=10.635620113462208 11.307105598039923 8.8778817690908891 15.227611891925333 9.7455092817544919 15.175864715129135 3.1102212369442013 11.894084803760057 4.6209825892001382 21.46786255389452 10.290530813857911 6.228171966969966 17.127465583384037 30.099987559020519 66.650291942059994
leaf_count=880 919 108 98 60 191 28 64 92 194 146 34 128 203 466
internal_value=6.68476e-05 -0.00217589 0.000305584 -0.0110372 -0.000306437 -0.00865854 0.0151481 0.0249123 0.0051906 -0.000371789 0.0389242 0.0214844 0.00358963 0.000431538
internal_weight=242.459 231.824 220.516 66.0024 50.7748 41.0293 25.8535 22.7432 154.514 115.919 18.1223 38.5953 105.628 96.7503
internal_count=3611 2731 1812 567 469 409 218 190 1245 923 98 322 777 669
is_linear=0
shrinkage=0.05


Tree=79
num_leaves=15
num_cat=0
split_feature=0 21 20 16 21 16 20 17 20 16 17 20 17 16
split_gain=9.03916 9.71162 5.01286 9.41396 5.19082 4.24721 4.13677 7.07532 6.3211 16.8503 10.9893 4.31872 8.0503 6.08091
threshold=1.0000000180025095e-35 0.11479071000000002 0.065275027000000013 25.253168500000005 0.54395537500000013 24.983372500000005 0.067954421000000001 0.0028839208500000004 0.076390651000000018 50.62977200000001 0.0033074430000000006 0.10503381000000002 0.0061889249000000009 59.455620500000009
decision_type=2 2 2 2 2 2 2 2 2 2 2 2 2 2
left_child=-1 -2 4 -4 -3 -6 -5 -8 9 -9 -10 -12 -13 -14
right_child=1 2 3 6 5 -7 7 8 10 -11 11 12 13 -15
leaf_value=0.045525345000380933 -0.046536020676108569 0.036954999642601218 -0.048166296638199095 0.040593119787367196 -0.034647662007813114 0.016475439634660079 -0.039133271519700794 0.048750622330706893 -0.062033771627455284 -0.054616932730613126 0.006984245222491004 -0.061760079437407849 -0.024844246887987864 0.010783782170418893
leaf_weight=9.0323270941153151 11.114863669499753 15.775980843231084 10.167260739952324 4.8290347680449477 5.5635473355650893 9.6871360018849355 11.09334187582135 16.197175875306133 6.5383797138929358 4.2162732258439055 84.41924455575645 5.8418970853090277 19.103690087795258 28.688493508845568
leaf_count=824 943 124 112 35 38 78 78 129 37 22 691 45 221 232
internal_value=-0.000955253 -0.00294194 -0.000561715 -0.00361254 0.0177546 -0.00315902 -0.000857843 -0.00221732 0.000485335 0.0258471 -0.00324818 -3.79275e-05 -0.0110163 -0.00367491
internal_weight=242.269 233.236 222.121 191.095 31.0267 15.2507 180.928 176.098 165.005 20.4134 144.592 138.053 53.6341 47.7922
internal_count=3609 2785 1842 1602 240 116 1490 1455 1377 151 1226 1189 498 453
is_linear=0
shrinkage=0.05


Tree=80
num_leaves=15
num_cat=0
split_feature=3 20 20 16 9 9 1 20 20 20 3 21 7 3
split_gain=9.06223 8.95712 3.7257 9.5155 6.66284 6.36324 4.08933 3.83907 6.94852 5.14268 5.4369 3.56817 3.34413 3.1644
threshold=10.465913500000001 0.042721384000000008 0.065730215500000008 25.253168500000005 10.416666500000002 11.416666500000002 0.99735449500000006 0.07849097250000002 0.093824328000000026 0.10687178000000001 16.732150000000004 0.53784159500000006 0.51498846000000009 22.684172500000006
decision_type=2 2 2 2 2 2 2 2 2 2 2 2 2 2
left_child=-1 -2 4 -4 11 12 -6 -7 -9 -10 -11 -3 -5 -14
right_child=1 2 3 5 6 7 -8 8 9 10 -12 -13 13 -15
leaf_value=0.044241255611839843 -0.046301520365420679 0.043086060431719093 -0.051482801715581041 0.01666448426261331 0.0097641950930266071 0.038057350634518872 -0.058431095893475671 -0.038753996882887887 0.041698627830454749 0.045732020534163149 -0.023944915478666177 0.0071921767446427856 -0.0051706044862611196 -0.026360485509458693
leaf_weight=9.5527698704972845 10.426388676278291 12.990169899538161 8.8826685734093171 13.267806325107811 3.8000997006893149 12.419158630073069 3.5254671052098274 5.9514799211174276 10.712563417851927 2.9029186628758898 8.956960601732133 14.669873241335152 99.781070990487933 20.613936508074403
leaf_count=857 922 99 108 112 33 88 23 63 78 21 83 107 822 175
internal_value=-0.00107067 -0.0031459 -0.00088477 -0.00375149 0.0138367 -0.00104393 -0.0261314 0.0159685 0.00538783 0.0181766 -0.00466025 0.0249644 -0.00633499 -0.00898598
internal_weight=238.453 228.901 218.474 183.489 34.9856 174.606 7.32557 40.9431 28.5239 22.5724 11.8599 27.66 133.663 120.395
internal_count=3591 2734 1812 1550 262 1442 56 333 245 182 104 206 1109 997
is_linear=0
shrinkage=0.05


Tree=81
num_leaves=15
num_cat=0
split_feature=22 1 21 20 17 11 17 20 17 16 20 17 20 20
split_gain=9.07104 7.52481 3.58263 4.13183 8.69886 6.55903 9.52445 7.267 5.81688 5.1088 15.1512 12.3623 6.71717 7.36314
threshold=1.4321613000000002 0.52222222000000007 0.67731855500000016 0.076390651000000018 0.0032561661500000003 0.10888515500000001 0.0029143062500000005 0.065730215500000008 0.0021042058000000003 30.126313000000003 0.10128679500000001 0.005836314950000001 0.095841136500000021 0.077591062500000016
decision_type=2 2 2 2 2 2 2 2 2 2 2 2 2 2
left_child=1 -1 3 5 -5 -3 7 8 -7 12 -11 -12 13 -6
right_child=-2 2 -4 4 9 6 -8 -9 -10 10 11 -13 -14 -15
leaf_value=0.045166900343507316 -0.046661361869864339 -0.039279121826874375 0.016959847040114648 -0.06616911374717091 0.010319012040987577 -0.017216464863504952 0.043714129818802377 -0.021617838280861053 0.027132595131892607 0.030357411227378367 -0.074243408389533846 -0.0039685417993596175 -0.00081042038890175516 -0.061278074879075495
leaf_weight=8.449698790907858 9.222445344552396 6.2749047866091123 25.190438294783235 5.2421406842768183 4.5560789778828648 9.5460278419777733 15.697621978819368 21.435253981500864 24.978561121970415 28.328772669658065 6.543032579123973 37.513032665476203 21.043632738292217 12.367158902809022
leaf_count=844 806 72 232 39 21 218 127 176 173 262 39 302 198 108
internal_value=-0.000584368 0.00148256 -0.000402986 -0.0027386 -0.00870713 0.00611243 0.0105732 0.000672382 0.0147307 -0.00540774 0.00241855 -0.0158216 -0.0200079 -0.0425024
internal_weight=236.389 227.166 218.717 193.526 115.594 77.9324 71.6575 55.9598 34.5246 110.352 72.3848 44.0561 37.9669 16.9232
internal_count=3617 2811 1967 1735 969 766 694 567 391 930 603 341 327 129
is_linear=0
shrinkage=0.05


Tree=82
num_leaves=15
num_cat=0
split_feature=22 3 19 20 23 13 7 20 20 11 20 13 20 20
split_gain=8.80917 7.48326 3.99878 3.78546 2.75705 4.60719 2.87782 4.08425 5.49108 4.39534 3.84776 3.53959 3.42501 5.51629
threshold=1.4591642000000002 10.465913500000001 0.15600907500000002 0.11775318000000001 -0.8366108149999999 0.67963186500000006 0.96525184500000016 0.10060217 0.091536058000000017 0.13332413500000004 0.062769538500000013 0.064502223000000011 0.093111191000000024 0.076390651000000018
decision_type=2 2 2 2 2 2 2 2 2 2 2 2 2 2
left_child=1 -1 -3 4 5 -4 11 8 9 10 -8 -6 13 -13
right_child=-2 2 3 -5 6 -7 7 -9 -10 -11 -12 12 -14 -15
leaf_value=0.044727667786735731 -0.046513433024530065 -0.05291820800448141 0.025870545476660262 -0.041600696273850518 0.028274335849489636 -0.020087877474557869 0.024135519484879783 -0.027964937276258175 0.044844086599530521 0.027843155403896674 -0.026924661466758221 0.0042211550103982793 0.010707079003547611 -0.026640720760504645
leaf_weight=8.9179904721677286 8.6535104261711222 2.4739681184291831 23.661166280508045 4.0523435901850453 12.353550306521354 6.1957576051354399 3.6989556616172257 18.762666791677475 4.8692564517259589 5.7602681405842295 19.099158067256212 40.035415513440967 49.391966193914413 21.488188810646534
leaf_count=873 799 15 202 123 120 39 72 143 46 51 147 414 371 187
internal_value=0.000244205 0.00227852 0.00028978 0.00116706 0.00220872 0.0159916 -0.000213962 -0.00994513 0.000687743 -0.00810342 -0.0179742 0.00395294 0.00101564 -0.00681158
internal_weight=229.414 220.761 211.843 209.369 205.316 29.8569 175.459 52.1903 33.4276 28.5584 22.7981 123.269 110.916 61.5236
internal_count=3602 2803 1930 1915 1792 241 1551 459 316 270 219 1092 972 601
is_linear=0
shrinkage=0.05


Tree=83
num_leaves=15
num_cat=0
split_feature=22 2 20 21 17 20 20 17 17 20 9 16 20 13
split_gain=8.3204 6.76341 3.73148 5.46807 2.57653 8.19831 2.45235 7.16951 5.48469 6.76975 6.26645 3.94827 9.77259 5.16993
threshold=1.4591642000000002 1.0000000180025095e-35 0.11775318000000001 0.67731855500000016 0.0069129126000000004 0.10915670500000001 0.10869161000000001 0.0068466236000000007 0.0059791553500000002 0.10177639500000001 7.1250000000000009 30.001139000000006 0.078237381500000022 0.82131460500000009
decision_type=2 2 2 2 2 2 2 2 2 2 2 2 2 2
left_child=1 2 3 6 5 -5 8 -8 9 11 -10 12 13 -1
right_child=-2 -3 -4 4 -6 -7 7 -9 10 -11 -12 -13 -14 -15
leaf_value=0.0057436347467082934 -0.046373577085596557 0.044713497313296366 -0.041871055151049733 0.032059419208719755 0.043668279659041347 -0.049344764960345747 -0.047641549252899124 0.0074424604217594101 -0.007037053389051192 -0.036625162805505394 0.046206176180605463 0.0084124449311422569 -0.047937670766651196 -0.049246068749283334
leaf_weight=47.87339816428721 8.3914641439914686 7.7672121189534655 4.2150097060948601 9.5759904719889182 8.7481900416314584 3.3929114490747443 9.5333618782460707 12.931195512413977 9.3038059957325476 12.736600652337073 11.8206794783473 69.524090950377285 11.737743910402058 3.6842577597126356
leaf_count=436 803 845 132 76 57 29 111 82 62 74 81 677 112 27
internal_value=-0.000269346 0.00166617 -8.81574e-05 0.000940749 0.0241219 0.00875466 -0.00183371 -0.0169679 0.000295042 -0.00320978 0.0234982 0.000244299 -0.00871895 0.000951901
internal_weight=231.236 222.844 215.077 210.862 21.7171 12.9689 189.145 22.4646 166.681 145.556 21.1245 132.819 63.2954 51.5577
internal_count=3604 2801 1956 1824 162 105 1662 193 1469 1326 143 1252 575 463
is_linear=0
shrinkage=0.05


Tree=84
num_leaves=15
num_cat=0
split_feature=22 1 20 21 15 14 15 0 22 23 20 23 22 21
split_gain=7.30678 6.92236 3.65596 4.36931 4.34448 3.08712 3.06348 4.08199 3.69736 3.53848 3.75813 3.3364 4.2671 3.49256
threshold=1.4591642000000002 0.95628285000000013 0.11702090500000002 0.67731855500000016 0.0080972987000000017 0.14051282000000004 0.040202020000000012 0.018355128000000002 1.0428615000000001 0.31650016000000009 0.10687178000000001 0.9750253550000002 1.1660804000000002 0.55502811000000007
decision_type=2 2 2 2 2 2 2 2 2 2 2 2 2 2
left_child=1 -1 3 5 -5 -3 7 8 9 10 -7 12 -10 -13
right_child=-2 2 -4 4 -6 6 -8 -9 11 -11 -12 13 -14 -15
leaf_value=0.040420713113889839 -0.044882209199241102 -0.041618736750866137 -0.037859033218063658 -0.01635488136205436 0.034259457821185668 0.0059674756894523354 -0.020557980846152069 0.014651954663068047 -0.032447557509343486 0.043897677462407969 -0.030594154857863754 -0.028265540948595548 0.024136013389488627 0.0094821034482402335
leaf_weight=10.245276024565099 7.5600342098623505 3.6058862619101992 5.1392457317560902 4.9482483342289951 16.274011556059122 57.594381926581264 15.775945296511052 44.53051698114723 22.916670545004312 4.3643069826066485 6.9889114871621123 7.3647626768797663 3.1278967047110191 21.917634198442101
leaf_count=882 793 28 142 37 126 474 148 358 185 36 51 144 29 189
internal_value=0.000463554 0.0021806 0.000175474 0.0012844 0.0222532 -0.00118542 -0.00017553 0.00183919 -0.00283223 0.00487118 0.00160478 -0.0123481 -0.0250108 -0.000631626
internal_weight=232.354 224.794 214.548 209.409 21.2223 188.187 184.581 168.805 124.275 68.9476 64.5833 55.327 26.0446 29.2824
internal_count=3622 2829 1947 1805 163 1642 1614 1466 1108 561 525 547 214 333
is_linear=0
shrinkage=0.05


Tree=85
num_leaves=15
num_cat=0
split_feature=1 19 20 17 17 17 20 16 18 10 12 16 20 17
split_gain=7.16434 7.57934 5.35896 8.29228 8.1271 10.0625 7.36378 9.34932 6.09862 5.51326 4.12483 3.90474 15.2441 6.60671
threshold=0.95628285000000013 0.7972222200000002 0.10322841500000002 0.0061305935500000014 0.0045417656500000006 0.0037421708500000005 0.10869161000000001 50.62977200000001 0.00018761978500000001 0.43079173500000006 0.53755711000000017 59.776466000000006 0.07708854100000001 0.0032561661500000003
decision_type=2 2 2 2 2 2 2 2 2 2 2 2 2 2
left_child=-1 2 4 -4 5 11 8 -8 -5 -9 -6 12 -2 -13
right_child=1 -3 3 6 10 -7 7 9 -10 -11 -12 13 -14 -15
leaf_value=0.039134745068478222 0.0091154525204448448 -0.045329693272747835 -0.042292591890525366 0.054464905963098581 0.01369586743489512 -0.048172719495022776 -0.048113400661230966 0.029289388745116291 -0.015660216940149782 -0.01789913589217813 0.050207586912086877 -0.0011868196690295245 -0.043683532219539911 0.052875891240216147
leaf_weight=10.011291943490503 60.915125243365765 8.7327359542250615 15.979950629174708 7.8558505363762361 29.470078479498625 9.71513191051781 11.462187485769389 11.205845791846516 4.2052583023905754 11.612698970362542 10.142379101365803 13.870602969080212 16.54834783449769 8.486985892057417
leaf_count=899 484 947 104 50 239 132 166 105 27 108 97 111 120 67
internal_value=-0.000229464 -0.00218794 -0.000201429 -0.0123995 0.00494419 -0.00212041 -0.00141598 -0.0132609 0.0306879 0.00553121 0.0240504 0.002795 -0.00257686 0.0207206
internal_weight=230.214 220.203 211.47 62.3218 149.149 109.536 46.3418 34.2807 12.0611 22.8185 39.6125 99.8211 77.4635 22.3576
internal_count=3656 2757 1810 560 1250 914 456 379 77 213 336 782 604 178
is_linear=0
shrinkage=0.05


Tree=86
num_leaves=15
num_cat=0
split_feature=0 19 21 19 18 18 21 16 7 23 17 16 9 7
split_gain=6.93534 6.49965 3.67672 3.3616 4.08779 6.38322 4.00886 3.59455 4.05588 3.45235 3.32026 3.4618 5.75312 4.68334
threshold=1.0000000180025095e-35 0.7972222200000002 0.48391779500000004 0.21568935000000003 0.00036959283500000005 0.00028335031500000002 0.64484857000000007 25.130637500000002 0.90327121500000007 0.019651520500000002 0.0024262726000000004 29.954358000000003 11.416666500000002 0.53263206000000007
decision_type=2 2 2 2 2 2 2 2 2 2 2 2 2 2
left_child=-1 2 -2 10 5 7 -7 8 -5 -10 -4 12 -12 -13
right_child=1 -3 3 4 -6 6 -8 -9 9 -11 11 13 -14 -15
leaf_value=0.043975267535610672 0.04140527838026254 -0.045089779142475861 0.011684062339541973 0.020405607851306799 0.031965813810698816 -0.057599767594588153 0.0030397223391666565 0.0076455488134450095 -0.0006958797635722774 -0.052739142093557248 -0.051833884225108699 0.028431752271528006 0.016720093843805094 -0.014328261992518958
leaf_weight=6.8248627008870235 3.7476770766079417 8.1945218318141979 13.081573385745285 4.4915232285857227 9.5457560233771783 6.4713477455079538 4.1396401133388281 84.127121983096004 5.4366558529436571 6.7932294979691505 11.445288144052027 6.4041784089058629 3.5190607421100131 48.847714817151427
leaf_count=838 30 914 108 38 83 56 43 741 45 58 95 57 25 425
internal_value=-0.00228867 -0.0039445 -0.00211596 -0.0031121 0.00221132 -0.000598533 -0.0357183 0.00341109 -0.0171222 -0.0314052 -0.0107798 -0.0150702 -0.035675 -0.00895467
internal_weight=223.07 216.245 208.051 204.303 121.005 111.46 10.611 100.849 16.7214 12.2299 83.2978 70.2162 14.9643 55.2519
internal_count=3556 2718 1804 1774 1064 981 99 882 141 103 710 602 120 482
is_linear=0
shrinkage=0.05


Tree=87
num_leaves=15
num_cat=0
split_feature=23 0 14 19 21 18 21 7 20 15 20 20 20 20
split_gain=6.69122 6.17525 4.24539 3.44918 3.0783 3.98648 4.48658 4.74043 3.9381 3.64106 4.45323 3.63742 4.98703 6.61183
threshold=2.1356292500000005 0.011635519000000002 0.14839840000000001 0.15600907500000002 0.6745911750000001 0.00024415867500000003 0.63021193000000009 0.96782584000000005 0.10060217 0.0080972987000000017 0.11605438500000002 0.10915670500000001 0.091536058000000017 0.080923837500000012
decision_type=2 2 2 2 2 2 2 2 2 2 2 2 2 2
left_child=1 -1 -3 -4 5 11 8 -8 -7 -6 -11 12 13 -5
right_child=-2 2 3 4 9 6 7 -9 -10 10 -12 -13 -14 -15
leaf_value=0.032913064863731092 -0.034892760333534355 -0.041903615283289293 -0.046532628183915417 0.0015704004245496177 -0.018067431256621767 -0.0057654011665086886 0.015129383926665225 -0.046626430162122118 -0.057770914658659092 0.034297646434681354 -0.025773460864819887 -0.027477107087580513 0.020246904677988543 -0.049606685814050651
leaf_weight=12.729798156768082 13.270676052197812 5.3703959644772103 2.9767072238028041 90.691796451341361 5.4481488931924131 6.3738693110644844 12.419410498812793 3.0441556125879279 8.3185330983251315 18.198507096618417 2.9176119286566964 8.9977150969207269 33.135181810706854 5.7793845776468507
leaf_count=939 711 40 17 984 49 68 106 29 65 138 61 103 268 100
internal_value=-0.00173115 0.000453609 -0.00172606 -0.000433174 0.000502814 -0.00201624 -0.0181792 0.000878478 -0.037015 0.0159987 0.0252076 0.00160535 0.00381928 -0.00197299
internal_weight=229.672 216.401 203.671 198.301 195.324 168.76 30.156 15.4636 14.6924 26.5643 21.1161 138.604 129.606 96.4712
internal_count=3678 2967 2028 1988 1971 1723 268 135 133 248 199 1455 1352 1084
is_linear=0
shrinkage=0.05


Tree=88
num_leaves=15
num_cat=0
split_feature=22 0 16 20 16 20 17 16 16 20 22 23 20 13
split_gain=6.98404 7.00254 4.03869 4.85952 8.80344 18.7523 7.94842 6.75922 5.69811 12.7685 7.10275 6.29341 5.60908 4.62423
threshold=1.4175162500000003 0.012223517500000001 25.003632000000003 0.076390651000000018 49.482849000000009 0.067954421000000001 0.0032064466000000006 29.852614500000005 30.280040000000003 0.082444111500000014 0.96425209500000009 0.9750253550000002 0.063898661000000009 0.56522137500000014
decision_type=2 2 2 2 2 2 2 2 2 2 2 2 2 2
left_child=1 -1 -3 4 7 -6 -5 12 11 -10 -11 -8 -4 -12
right_child=-2 2 3 6 5 -7 8 -9 9 10 13 -13 -14 -15
leaf_value=0.032401505850617136 -0.045571302968916309 -0.021736648979986114 0.035368835239128295 -0.065142745868947943 0.041642360730592354 -0.054419121082540448 -0.026060130171791873 0.055957433096221344 0.055223844757002906 0.023643653805598502 0.0074161966296692351 0.017153815792242795 -0.020575278739941295 -0.022968732881945952
leaf_weight=15.565784609876571 7.300441857893019 20.81241359282285 8.1016001310199552 4.1079387553036204 8.2137875044718403 10.399611316621302 33.728104460984468 13.429542190395294 10.501904405653475 19.162653360515833 19.78141556866467 10.351700719445942 7.9027868062257758 31.378461714833975
leaf_count=972 809 186 85 31 116 70 284 165 77 158 184 111 58 281
internal_value=-0.000572051 0.00117244 -0.00143479 0.00106026 0.0144657 -0.0120669 -0.00400512 0.0310895 -0.00149295 0.00638348 -0.00158231 -0.0157564 0.00815882 -0.0113032
internal_weight=220.738 213.438 197.872 177.06 48.0473 18.6134 129.012 29.4339 124.904 80.8244 70.3225 44.0798 16.0044 51.1599
internal_count=3587 2778 1806 1620 494 186 1126 308 1095 700 623 395 143 465
is_linear=0
shrinkage=0.05


Tree=89
num_leaves=15
num_cat=0
split_feature=23 3 22 15 11 7 22 14 16 10 7 20 23 7
split_gain=8.18802 5.25172 4.12704 2.97808 3.82926 3.31853 3.09633 2.93 5.37778 3.93579 5.1574 4.78797 3.49888 3.32563
threshold=1.7290762500000001 10.465913500000001 1.2036090000000004 0.051503094500000006 0.15841659000000002 0.51837760500000007 0.96425209500000009 0.35097051000000007 25.003632000000003 0.42646494500000004 0.96958861000000007 0.11216084000000001 0.11031790000000001 0.92644990000000005
decision_type=2 2 2 2 2 2 2 2 2 2 2 2 2 2
left_child=1 -1 3 4 5 -3 -6 8 -7 10 11 -9 13 -10
right_child=-2 2 -4 -5 6 7 -8 9 12 -11 -12 -13 -14 -15
leaf_value=0.044567801307344529 -0.026802856631431046 0.025438115278430179 0.026482853906558315 -0.034396719324493806 0.0088084191825877189 -0.041121623435579908 -0.043059163423225161 0.03728679003723636 -0.018979795336897434 -0.011129426245428146 -0.0055736048320362639 -0.023739239296069487 -0.013202637630681939 0.014545971322047803
leaf_weight=6.56767548713833 23.732836832292378 14.128980122506617 14.879006501752881 5.1239081285893908 3.933665879070757 8.245231372304259 7.3832861743867397 24.161016727797691 8.2781453430652601 16.305688995867968 15.599990255199371 2.993898205459117 31.922644446603954 36.927573760040104
leaf_count=850 1002 112 222 49 36 68 72 230 63 139 149 32 286 308
internal_value=0.000319034 0.00371473 0.00207562 -0.000138181 0.00109037 0.00315763 -0.0257791 0.000818162 -0.00508545 0.00929457 0.0171601 0.0299543 -0.000756059 0.00812878
internal_weight=220.184 196.451 189.883 175.004 169.88 158.563 11.317 144.434 85.3736 59.0606 42.7549 27.1549 77.1284 45.2057
internal_count=3618 2616 1766 1544 1495 1387 108 1275 725 550 411 262 657 371
is_linear=0
shrinkage=0.05


Tree=90
num_leaves=15
num_cat=0
split_feature=3 19 20 17 20 12 0 17 15 3 7 8 17 20
split_gain=6.07273 6.44577 5.03608 6.33557 4.23524 3.45835 4.67906 5.50032 5.36674 6.07709 5.29005 4.5265 3.37666 3.16002
threshold=10.465913500000001 0.7972222200000002 0.061286753000000006 0.0021042058000000003 0.11702090500000002 0.31471300500000005 0.015501901000000002 0.0028839208500000004 0.026432231000000004 18.627838500000006 0.96488968500000005 0.43153226000000006 0.0070015666000000009 0.10376621000000001
decision_type=2 2 2 2 2 2 2 2 2 2 2 2 2 2
left_child=-1 2 -2 -4 5 12 7 -7 10 -10 -8 -12 -5 -9
right_child=1 -3 3 4 -6 6 8 13 9 -11 11 -13 -14 -15
leaf_value=0.043415959808399213 0.040576779191697304 -0.044558498001077772 -0.061765647816740182 -0.021391848289960984 -0.043285764889351867 -0.038673373213029272 0.025896913094685593 0.0093103866146490317 0.020080351853657818 -0.02132846420664546 0.011928629447671325 -0.032851154052699373 0.026040196250412956 -0.021211905252735048
leaf_weight=6.7339821853674939 6.4009732641279689 7.4208695995621374 3.2575701214373103 24.564281577244405 4.5196693670004597 10.752344865351914 51.992283582687378 27.86845638230443 13.099045433104036 23.003052052110434 16.960119258612398 7.2341707684099665 3.5265509486198416 11.007264377549289
leaf_count=897 91 918 18 192 148 95 436 231 121 193 133 49 21 85
internal_value=-0.000105811 -0.0016885 7.91207e-05 -0.00142905 -0.000107922 0.00114038 0.00397023 -0.00869919 0.00959707 -0.0061677 0.0170506 -0.00223314 -0.0147467 0.000353085
internal_weight=218.341 211.607 204.186 197.785 194.527 190.008 161.917 49.6281 112.289 36.1021 76.1866 24.1943 28.0908 38.8757
internal_count=3628 2731 1813 1722 1704 1556 1343 411 932 314 618 182 213 316
is_linear=0
shrinkage=0.05


Tree=91
num_leaves=15
num_cat=0
split_feature=22 3 19 14 9 11 7 16 19 9 3 7 18 10
split_gain=6.25758 6.47782 4.07884 3.14783 3.49392 3.22166 3.2804 3.24244 3.09383 3.05264 3.47097 3.54929 2.9714 3.04359
threshold=1.4591642000000002 16.898298000000004 0.15600907500000002 0.14051282000000004 15.583333500000002 0.12972824000000002 0.56746430500000011 30.038999000000004 0.21922798000000002 3.4500000000000006 15.385447500000003 0.94118182000000006 0.00014382394000000002 0.42314824000000006
decision_type=2 2 2 2 2 2 2 2 2 2 2 2 2 2
left_child=1 9 -3 -4 5 6 12 -8 -9 -1 11 -11 13 -5
right_child=-2 2 3 4 -6 -7 7 8 -10 10 -12 -13 -14 -15
leaf_value=0.044352257992433974 -0.044693911291111409 -0.05641680745690815 -0.047033633592525333 0.029263926657544737 0.025856622048603846 0.0054940311351708597 -0.027884770838855391 -0.0222990171729949 0.0064051695578795226 -0.030870006498414756 0.025285981435440353 0.012839689873285046 0.033047032929728284 -0.028797726682978905
leaf_weight=8.4208355159498733 6.2906639692373565 2.4085108563303939 2.6522993789985767 2.5236181803047639 11.013240398839114 70.86398946121335 24.705997893586755 14.26330980286002 23.563066160306334 6.5981999700889018 20.901129722595215 11.008262215647845 6.9749377947300673 5.4585169134661555
leaf_count=782 801 13 24 23 102 655 230 131 222 62 223 235 51 62
internal_value=0.000858058 0.00241792 -0.00228374 -0.00113788 -8.55223e-05 -0.00217161 -0.0091625 -0.0141634 -0.00471397 0.0185955 0.0119829 -0.00431969 0.0113224 -0.00922673
internal_weight=217.647 211.356 164.427 162.019 159.367 148.353 77.4894 62.5324 37.8264 46.9284 38.5076 17.6065 14.9571 7.98214
internal_count=3616 2815 1513 1500 1476 1374 719 583 353 1302 520 297 136 85
is_linear=0
shrinkage=0.05


Tree=92
num_leaves=15
num_cat=0
split_feature=23 1 18 16 9 12 21 16 13 10 1 12 0 22
split_gain=6.04066 4.9437 3.11562 2.81461 5.31714 5.65257 5.78101 3.17046 5.00273 2.67018 3.64291 3.23152 3.7021 2.3269
threshold=1.9685702500000002 0.9543369450000001 0.00028335031500000002 29.867371500000001 6.1666666500000007 0.46232215000000004 0.54980675500000009 25.096580000000003 0.57801099500000019 0.42646494500000004 0.99156103000000007 0.48074987500000005 0.015300441000000003 0.99376083000000015
decision_type=2 2 2 2 2 2 2 2 2 2 2 2 2 2
left_child=1 -1 3 4 5 -3 -7 8 -6 13 -11 -12 -13 -5
right_child=-2 2 -4 9 7 6 -8 -9 -10 10 11 12 -14 -15
leaf_value=0.038834251921203454 -0.032538904800969694 0.027499423951007514 -0.016151932537605995 0.020669182739195217 0.0057902986651342872 0.023036968580756219 -0.062112139846610695 -0.0023272620260783453 -0.056324044440614444 0.012749733483271772 -0.034565272150322221 0.0368254516406804 -0.018579427069913789 0.0036982557683922033
leaf_weight=7.0948814167641094 13.80444946233183 13.593145369552078 28.065373685210943 32.578304257243872 4.3346044840291169 2.8237977530807248 3.5509379208087921 10.198675399646161 10.094073166605083 15.69460413046181 12.012641293462368 3.7941311863251013 7.134492227807641 52.08815680583939
leaf_count=847 801 107 257 298 62 33 30 79 88 176 106 36 75 586
internal_value=-0.00170424 0.000541177 -0.00103536 0.00157216 -0.00906483 0.00985905 -0.0263846 -0.0241943 -0.0384981 0.00546126 -0.00533663 -0.0177256 0.00213032 0.0103934
internal_weight=216.862 203.058 195.963 167.898 44.5952 19.9679 6.37474 24.6274 14.4287 123.302 38.6359 22.9413 10.9286 84.6665
internal_count=3581 2780 1933 1676 399 170 63 229 150 1277 393 217 111 884
is_linear=0
shrinkage=0.05


Tree=93
num_leaves=15
num_cat=0
split_feature=22 1 7 18 20 17 20 20 17 17 1 17 20 20
split_gain=5.64468 4.93344 3.70348 5.51381 3.54466 7.76632 7.19236 6.89217 7.0763 6.08673 4.28663 5.04919 8.44713 7.01274
threshold=1.4321613000000002 0.95628285000000013 0.53263206000000007 5.5272957500000011e-05 0.10607253000000001 0.0059791553500000002 0.10193072000000002 0.093111191000000024 0.0038084395000000004 0.0067224302500000005 0.97350877000000013 0.0031207643500000006 0.07435968200000001 0.078078921000000009
decision_type=2 2 2 2 2 2 2 2 2 2 2 2 2 2
left_child=1 -1 3 -3 5 6 7 8 10 -6 -4 12 -12 -13
right_child=-2 2 4 -5 9 -7 -8 -9 -10 -11 11 13 -14 -15
leaf_value=0.038640620510194228 -0.044117680190360983 -0.029900725920780965 -0.036725628591467802 0.028652197376144453 -0.046427802516804 0.029491199771062956 -0.040315586389846753 0.025242404296044699 -0.048883243093554143 -0.002395127146968865 -0.00072142364133748801 0.04478238088405101 -0.067931902644872186 -0.0045823541852122746
leaf_weight=7.4373045205138615 6.1096840142272404 4.1237186435610083 6.8997361287474623 19.744994271546602 10.756636366248129 19.119417909532785 11.274484314024447 20.917947549372911 7.6796992532908908 23.96314715500921 49.864525906741619 12.649208232760431 4.1611574552953234 14.85989475995302
leaf_count=863 808 51 61 163 129 136 65 205 84 254 536 95 34 130
internal_value=-0.000287774 0.00116665 -0.000366312 0.0177406 -0.00282299 0.000596971 -0.00390343 -8.37624e-05 -0.00579882 -0.0169549 -0.00155261 0.00183276 -0.00703857 0.0188911
internal_weight=219.562 213.452 206.015 23.8687 182.146 147.426 128.307 117.032 96.1142 34.7198 88.4345 81.5348 54.0257 27.5091
internal_count=3614 2806 1943 214 1729 1346 1210 1145 940 383 856 795 570 225
is_linear=0
shrinkage=0.05


Tree=94
num_leaves=15
num_cat=0
split_feature=22 3 20 16 16 20 20 20 18 20 14 22 22 0
split_gain=5.67412 4.92586 4.29172 5.40171 5.54243 6.26483 9.44695 12.1132 4.85685 5.94977 6.12276 4.83597 4.64935 4.43207
threshold=1.4591642000000002 17.510434500000006 0.10607253000000001 30.011853500000004 50.62977200000001 0.10086051500000003 0.076172401500000014 0.066834719000000015 5.1513116500000008e-05 0.060923370000000011 0.96178189000000003 1.0173297500000003 0.87295995500000012 0.017397501000000003
decision_type=2 2 2 2 2 2 2 2 2 2 2 2 2 2
left_child=1 -1 3 8 12 6 7 -6 -3 -10 13 -7 -5 -11
right_child=-2 2 -4 4 5 11 -8 -9 9 10 -12 -13 -14 -15
leaf_value=0.015566249430923565 -0.04387251937528891 0.024703069462532673 -0.017884610589132609 -0.024064073429992464 0.039496674988077296 0.009811343197046303 0.033524547722288876 -0.052668995728595229 0.041716097426218457 -0.043050489114951351 0.030291035552584035 -0.051369023369508521 0.039235302136821089 -0.0074104643061702492
leaf_weight=57.389470903668553 5.5955221187323323 7.848729101009666 30.7464844211936 2.6708307145163444 4.7899895571172229 4.8588964715599996 20.295941900461912 8.5551469996571523 3.172373440116643 20.392345428466797 4.2525319065898648 7.2356267124414444 20.461504061706364 15.560875145718454
leaf_count=1412 777 92 337 20 82 35 186 60 43 165 41 40 188 112
internal_value=0.00180308 0.00323428 -0.00152919 0.00277121 0.0118438 0.00157888 0.0126833 -0.0191406 -0.00941899 -0.0160105 -0.0214672 -0.027918 0.0312325 -0.0282431
internal_weight=213.826 208.231 150.841 120.095 68.8679 45.7356 33.6411 13.3451 51.2269 43.3781 40.2058 12.0945 23.1323 35.9532
internal_count=3590 2813 1401 1064 611 403 328 142 453 361 318 75 208 277
is_linear=0
shrinkage=0.05


Tree=95
num_leaves=15
num_cat=0
split_feature=23 0 9 15 17 17 19 0 19 0 19 21 17 17
split_gain=5.33594 4.99898 4.218 2.73874 2.6694 4.4489 3.22845 3.12506 2.67701 2.8897 3.49628 5.1765 4.96585 4.3687
threshold=2.4978355500000005 0.011635519000000002 11.166666500000002 0.04702240550000001 0.0067224302500000005 0.0064359169000000006 0.20538873000000005 0.013262576500000003 0.26139667500000002 0.019424092500000004 0.23055315500000004 0.61838401000000009 0.0054816919000000011 0.0024262726000000004
decision_type=2 2 2 2 2 2 2 2 2 2 2 2 2 2
left_child=1 -1 3 4 5 7 -6 -3 9 10 13 12 -12 -9
right_child=-2 2 -4 -5 6 -7 -8 8 -10 -11 11 -13 -14 -15
leaf_value=0.03416203301245762 -0.040536880228976967 -0.029536861374366671 0.01396413674320076 -0.031364352918982201 -0.017020203289577495 -0.046345769049528467 0.027335517831362108 0.018885809904481587 -0.022742025925712034 0.020543816356000111 0.0088378545876872227 0.042422378726813564 -0.051796626043862121 -0.01625389469929887
leaf_weight=10.77107074530795 6.4560907431878141 8.6919172774068993 44.449221740942448 7.2820163951255372 4.9077998790890005 5.0325699578970662 13.732733499258755 10.244835831224917 10.548901111353187 17.484711473807693 19.085247797891505 8.6379596926271898 3.0598871745169154 41.939932050183415
leaf_count=965 427 156 484 95 50 50 154 88 336 151 169 72 20 364
internal_value=0.00102526 0.00251831 0.000606005 -0.00340144 -0.0017737 -0.00444012 0.0153853 -0.00230877 6.79904e-05 0.00266391 -0.0013039 0.0118329 -0.00141619 -0.00912993
internal_weight=212.325 205.869 195.098 150.649 143.366 124.726 18.6405 119.693 111.001 100.453 82.9679 30.7831 22.1451 52.1848
internal_count=3581 3154 2189 1705 1610 1406 204 1356 1200 864 713 261 189 452
is_linear=0
shrinkage=0.05


Tree=96
num_leaves=15
num_cat=0
split_feature=23 3 16 21 18 17 7 17 11 17 21 15 14 14
split_gain=6.59973 3.93831 3.00775 5.2903 3.2476 3.45744 4.08858 2.86085 3.49223 2.70456 2.77335 2.53931 3.61569 3.11592
threshold=1.90380185 10.465913500000001 25.130637500000002 0.52930046000000008 3.9454942000000002e-05 0.0032561661500000003 0.92644990000000005 0.0022912078000000007 0.13697636500000002 0.0026840837000000005 0.56442791000000014 0.0076046727000000014 0.3216338250000001 0.25949976000000002
decision_type=2 2 2 2 2 2 2 2 2 2 2 2 2 2
left_child=1 -1 3 -3 5 -4 -7 8 -5 10 -6 13 -13 -11
right_child=-2 2 4 7 9 6 -8 -9 -10 11 -12 12 -14 -15
leaf_value=0.041567251903740193 -0.02997245450350321 0.012980475706515485 -0.0396479310218429 -0.030515607677293249 0.050031048061503575 -0.039411373201595337 0.021858015485806136 -0.051827532998688502 0.017620165651957852 0.0053155789029177307 -0.0058759259714419101 0.020127826121798365 0.0009422524065785462 -0.027518298193838626
leaf_weight=5.2295896196737877 16.061421110294759 12.388118675909935 7.2898425436578718 8.9230369105935115 5.7287022839300317 2.9519437141716462 7.7790911085903645 6.7581833265721789 5.246343169361352 16.850477812811736 3.021961122751236 39.066838633269072 63.710879267193377 11.318158350884913
leaf_count=844 864 151 218 68 69 30 72 68 38 140 26 337 592 95
internal_value=-0.000139007 0.00244201 0.00116007 -0.0122699 0.00405639 -0.0153796 0.00308089 -0.0271272 -0.0127062 0.00665511 0.0321015 0.00472422 0.00835856 -0.00836821
internal_weight=212.325 196.263 191.034 33.3157 157.718 18.0209 10.731 20.9276 14.1694 139.697 8.75066 130.946 102.778 28.1686
internal_count=3612 2748 1904 325 1579 320 102 174 106 1259 95 1164 929 235
is_linear=0
shrinkage=0.05


Tree=97
num_leaves=15
num_cat=0
split_feature=1 20 20 16 21 20 16 20 3 23 22 7 19 7
split_gain=4.985 4.86525 3.18015 3.84317 5.26408 4.3352 3.57638 6.47612 3.48978 2.94729 5.42057 3.69375 3.15182 2.99926
threshold=0.95628285000000013 0.042721384000000008 0.059892830000000001 24.997888500000006 0.51396799500000012 0.064133348000000021 25.253168500000005 0.067954421000000001 22.684172500000006 1.7484259000000002 1.1707061000000001 0.51498846000000009 0.22184936500000002 0.92716860500000009
decision_type=2 2 2 2 2 2 2 2 2 2 2 2 2 2
left_child=-1 -2 -3 4 -4 -5 -7 -8 9 10 11 -9 -12 -13
right_child=1 2 3 5 -6 6 7 8 -10 -11 12 13 -14 -15
leaf_value=0.036830470112121115 -0.043505813970637484 0.040571887258474409 0.017043270633455201 0.031584363588786843 -0.04116375194415909 -0.033993960068221758 0.044915355619387712 0.026986270544692038 -0.018159134622071704 -0.023624620168029159 -0.0027441416682336072 -0.017979499722630587 0.049636781529834487 0.0016379727879419813
leaf_weight=7.07774939155206 6.2315594046376637 3.3472583331167689 4.8421155773103264 8.977571811527012 12.246211877092717 7.4714619498699895 6.4424607194960108 9.8660961259156448 29.020644661970437 10.319823211990295 4.0449350122362366 25.837289843708277 8.120497412979601 70.58879429101944
leaf_count=863 931 53 38 76 100 66 65 81 260 122 35 233 63 636
internal_value=-0.00172081 -0.00320714 -0.00174948 -0.00266624 -0.0246399 -0.000463951 -0.0023127 -0.000674482 -0.00280691 0.000766053 0.00307091 -0.000671299 0.0333349 -0.0037491
internal_weight=214.434 207.357 201.125 197.778 17.0883 180.69 171.712 164.241 157.798 128.777 118.458 106.292 12.1654 96.4261
internal_count=3622 2759 1828 1775 138 1637 1561 1495 1430 1170 1048 950 98 869
is_linear=0
shrinkage=0.05


Tree=98
num_leaves=15
num_cat=0
split_feature=0 21 20 16 20 15 17 20 23 11 7 21 21 20
split_gain=3.65388 5.52715 5.20434 6.44828 7.61965 5.13666 3.50671 3.52981 2.7151 3.12574 3.04923 4.15144 4.04391 3.72236
threshold=1.0000000180025095e-35 0.11479071000000002 0.063445956000000012 25.253168500000005 0.067954421000000001 0.010152546000000002 0.0027969301000000005 0.11775318000000001 -0.57420934999999984 0.14484218000000001 0.96140225000000012 0.63512383500000014 0.67871144000000017 0.075620500500000007
decision_type=2 2 2 2 2 2 2 2 2 2 2 2 2 2
left_child=-1 -2 -3 5 -5 -4 -6 8 -8 10 13 -12 -13 -10
right_child=1 2 3 4 6 -7 7 -9 9 -11 11 12 -14 -15
leaf_value=0.041247982088129576 -0.043389309488613033 0.028793415815878399 0.0080744245013918796 0.050892306604160602 -0.03124934798287031 -0.045860608921490104 0.015650895690111948 -0.04067996521623294 0.03856717071912151 -0.018010003911071593 0.0044346963827795616 -0.046541057496919662 0.012334952998180028 0.0047171166037996799
leaf_weight=4.5704357656650236 6.0251244460232547 15.324451788328586 6.262783573940399 6.7574792951345435 7.4285871069878331 12.084951104596255 32.898462805896997 3.7305741719901553 8.716641787439583 19.819772012531757 23.849698485806584 9.0077659636735898 3.6152009423822156 51.934523053467274
leaf_count=863 920 148 48 75 61 116 280 139 69 171 193 75 33 449
internal_value=0.00128573 0.000211675 0.00172375 -0.000647206 0.0024908 -0.0279847 0.000157706 0.00186926 0.00319126 -0.000416855 0.00332028 -0.00796962 -0.0300114 0.0101286
internal_weight=212.026 207.456 201.431 186.106 167.759 18.3477 161.001 153.573 149.842 116.944 97.1238 36.4727 12.623 60.6512
internal_count=3640 2777 1857 1709 1545 164 1470 1409 1270 990 819 301 108 518
is_linear=0
shrinkage=0.05


Tree=99
num_leaves=15
num_cat=0
split_feature=22 20 16 20 9 17 20 16 17 20 16 20 20 20
split_gain=5.16761 3.99243 4.9214 8.03238 4.79635 4.37063 6.05713 11.7534 6.80839 5.49503 4.9144 9.03797 8.81133 8.63995
threshold=1.3911645500000003 0.062769538500000013 25.253168500000005 0.067954421000000001 5.7083333500000011 0.0028839208500000004 0.076616847000000016 50.62977200000001 0.0033074430000000006 0.078078921000000009 30.226438000000005 0.093824328000000026 0.081653083000000015 0.10869161000000001
decision_type=2 2 2 2 2 2 2 2 2 2 2 2 2 2
left_child=1 -1 4 -4 -3 -5 7 -7 -8 -10 11 -11 -12 -13
right_child=-2 2 3 5 -6 6 8 -9 9 10 12 13 -14 -15
leaf_value=0.023698392971517102 -0.043765268999281827 0.002732843937198825 0.050585018724186408 -0.032358664006329523 -0.044182685339242994 0.048622347169553423 -0.049794332517459738 -0.04138024384165228 0.043868508694875324 -0.053163513924560091 0.053989538441568188 0.014357398234120076 -0.00046052912413427826 -0.048099823406181658
leaf_weight=16.982183685991913 5.5960831814445546 9.6667808215133864 7.0829289131797841 9.093744805082677 11.164580747485159 14.166413380298765 6.1067755818366996 3.9271660861559203 5.9097273885272434 10.7544212276116 7.2754386900924137 21.714001821819696 72.561459593009204 6.3224567826837292
leaf_count=781 829 92 116 77 93 175 41 32 50 113 69 241 782 106
internal_value=-0.000209715 0.00120151 -0.000971202 0.00197056 -0.0232836 -0.000515828 0.00163412 0.0279434 -0.00219416 0.000517997 -0.00199027 -0.0163606 0.00510794 -0.000898695
internal_weight=208.324 202.728 185.746 164.915 20.8314 157.832 148.738 18.0936 130.644 124.538 118.628 38.7909 79.8369 28.0365
internal_count=3597 2768 1987 1802 185 1686 1609 207 1402 1361 1311 460 851 347
is_linear=0
shrinkage=0.05


Tree=100
num_leaves=15
num_cat=0
split_feature=22 3 22 17 1 12 3 7 16 21 20 17 15 17
split_gain=3.87707 4.40373 3.75558 3.52307 3.34544 2.91429 3.79203 4.68414 2.92694 4.18076 3.07031 7.17569 4.02465 3.96303
threshold=1.4591642000000002 16.732150000000004 0.78283861500000007 0.0066714933500000009 0.97806208500000003 0.37642211500000006 22.551802000000006 0.97178451500000007 24.930298000000004 0.54254636500000009 0.11103884500000001 0.0070893495000000006 0.037268518500000007 0.0077101201500000003
decision_type=2 2 2 2 2 2 2 2 2 2 2 2 2 2
left_child=1 3 -3 4 -1 6 7 -4 -7 -10 12 -12 -11 -13
right_child=-2 2 5 -5 -6 8 -8 -9 9 10 11 13 -14 -15
leaf_value=0.035433798054013109 -0.041916275170529864 -0.030315218717961015 0.0076387164111346734 0.047769879207848136 -0.00011612896926514065 0.04131264020573331 -0.037466131608651462 -0.031463067610976649 -0.02291284982070281 0.015430790027430464 -0.051217965749320617 0.033052509310626067 -0.015164517747313911 -0.033590651990521615
leaf_weight=7.7992222281172863 4.3846691478975108 10.394920364022253 26.794452490285039 6.1142070088535538 26.668681432958692 4.0088998507708302 9.4850027896463853 9.5851060943678004 13.395696393214164 62.055171031504869 6.1933219619095317 6.6947729103267175 12.120377587154506 2.229844774119556
leaf_count=821 774 78 245 108 316 36 81 87 202 525 83 54 108 52
internal_value=-3.71364e-05 0.00106555 -0.00262553 0.0155938 0.00870017 -0.000553751 -0.0109584 -0.00322973 0.00397893 0.00213708 0.00610718 -0.01381 0.0102963 0.0146947
internal_weight=207.924 203.54 162.958 40.5821 34.4679 152.563 45.8646 36.3796 106.698 102.689 89.2935 15.1179 74.1755 8.92462
internal_count=3570 2796 1551 1245 1137 1473 413 332 1060 1024 822 189 633 106
is_linear=0
shrinkage=0.05


Tree=101
num_leaves=15
num_cat=0
split_feature=1 20 14 21 19 20 16 20 18 9 7 19 16 1
split_gain=3.8778 4.30778 3.32495 3.94637 4.54638 3.12548 9.74063 4.80585 4.01766 3.01152 3.18283 3.12773 3.12123 2.35031
threshold=0.52222222000000007 0.042721384000000008 0.14051282000000004 0.5057970650000001 0.15600907500000002 0.063445956000000012 25.253168500000005 0.067954421000000001 0.00013493187000000002 11.416666500000002 0.51498846000000009 0.23191614000000002 59.826603000000006 0.97350877000000013
decision_type=2 2 2 2 2 2 2 2 2 2 2 2 2 2
left_child=-1 -2 -3 -4 -5 8 -7 -8 -6 10 12 -11 -9 -12
right_child=1 2 3 4 5 6 7 9 -10 11 13 -13 -14 -15
leaf_value=0.040608495782749644 -0.042919336467229195 -0.039587335797352713 0.031876376358917928 -0.059034743412469906 0.036213321085186954 -0.043423656103860703 0.040636202990363079 0.035536965605824394 -0.020631918983064625 -0.00022272425638686632 -0.035809619076207437 0.029065329681070763 -0.01321863694595816 -0.0062038267101892416
leaf_weight=4.2122056712396434 5.567624505609273 4.6434806343168011 7.9045721348375073 2.4531014226377001 10.129652321338652 12.717656899243591 6.1234703734517089 7.6964446911588293 3.5633440576493731 24.553442738950253 6.2940429951995602 13.484164413064716 4.5959642566740513 95.739413606002927
leaf_count=874 921 31 68 15 95 126 69 65 25 207 54 133 42 913
internal_value=-0.0020027 -0.00306871 -0.00175067 -0.00065373 -0.00218817 -0.00112046 -0.0030033 0.000492136 0.021023 -0.0013757 -0.0054305 0.0106383 0.0176848 -0.00835992
internal_weight=209.679 205.466 199.899 195.255 187.351 184.898 171.205 158.487 13.693 152.363 114.326 38.0376 12.2924 102.033
internal_count=3638 2764 1843 1812 1744 1729 1609 1483 120 1414 1074 340 107 967
is_linear=0
shrinkage=0.05


Tree=102
num_leaves=15
num_cat=0
split_feature=22 3 10 9 17 16 21 20 3 15 21 23 10 23
split_gain=3.79476 3.95056 5.08716 3.63078 5.81001 3.53805 3.91044 4.39599 3.55032 3.6076 3.53401 3.48914 4.20647 3.13242
threshold=1.4175162500000003 14.601729500000003 0.26324152500000003 3.9000000000000004 0.0025475561500000006 29.961235500000004 0.53784159500000006 0.10111503500000001 22.356345500000003 0.028235450500000005 0.64175574000000013 0.78353581500000014 0.33681580000000005 1.8180239500000002
decision_type=2 2 2 2 2 2 2 2 2 2 2 2 2 2
left_child=1 -1 -3 4 -4 6 -5 11 13 -10 -6 12 -8 -7
right_child=-2 2 3 5 10 8 7 -9 9 -11 -12 -13 -14 -15
leaf_value=0.02405451883352518 -0.041912591689689478 -0.031325512616632092 0.032604987547106355 0.013496284082609498 -0.059243504709685285 0.014591112267489909 -0.0018962577568780786 0.023391214011540713 0.0025202678017032915 -0.04019409422189138 0.0046315939862824548 0.0018841677555333531 -0.049926523410033195 -0.017680370408417422
leaf_weight=14.735254926607011 4.550227567087858 12.73039150610566 2.6330865137279025 13.211131753399966 6.8618492446839792 81.386465236544609 6.6152959764003816 4.7627365551888934 16.31859473511577 6.0258980309590688 2.7992139337584376 8.6014748401939851 14.265567068010567 7.4329411117359987
leaf_count=985 807 129 33 147 58 797 56 51 158 54 29 80 108 93
internal_value=-0.00113565 5.17117e-06 -0.00204432 0.000306191 -0.0248012 0.00239537 -0.00891344 -0.0176963 0.00725956 -0.0102273 -0.0420377 -0.0248835 -0.0354921 0.0117237
internal_weight=202.93 198.38 183.645 170.914 12.2941 158.62 47.4562 34.2451 111.164 22.3445 9.66106 29.4823 20.8809 88.8194
internal_count=3585 2778 1793 1664 120 1544 442 295 1102 212 87 244 164 890
is_linear=0
shrinkage=0.05


Tree=103
num_leaves=15
num_cat=0
split_feature=8 17 12 0 16 20 17 21 14 21 20 16 16 23
split_gain=4.83603 3.86645 3.13 3.68018 3.41753 3.59378 3.55274 4.28125 2.75703 2.58747 4.11201 6.11057 5.94559 4.71751
threshold=0.24310601500000004 0.00018579475000000002 0.31471300500000005 0.015582206500000003 59.984685500000005 0.061286753000000006 0.0021802653500000006 0.5057970650000001 0.97306366500000008 0.5959869000000001 0.10687178000000001 59.399861000000008 59.618608500000008 0.26998082000000007
decision_type=2 2 2 2 2 2 2 2 2 2 2 2 2 2
left_child=-1 -2 3 -3 5 -4 -7 -8 9 -9 12 -12 13 -11
right_child=1 2 4 -5 -6 6 7 8 -10 10 11 -13 -14 -15
leaf_value=0.032172418058964786 -0.042081795737276356 0.010316069650944212 0.035351308170253698 -0.029140042744861844 0.01454213056566378 -0.039977691731519188 0.042109965209355588 -0.015763447591746891 0.025658736231445264 -0.00013208135662153678 -0.045744157851815327 0.0114334222046166 -0.026431985302984441 0.03619318723623588
leaf_weight=9.5212404769845289 5.0205776104703537 7.9598589371889856 4.930008996743708 18.027440333738923 36.364639246836305 5.6828278526663771 4.1618878506124011 42.821807668544352 6.1390482019633046 18.250722896307707 9.1628311369568127 8.0493859229609352 8.7898690253496152 16.502303885295987
leaf_count=926 917 66 84 145 330 33 31 407 69 151 143 84 68 140
internal_value=-0.00084279 -0.00263949 -0.00136127 -0.0171203 0.00127475 -0.00268575 -0.0045344 -0.00243307 -0.00448781 -0.00650288 0.000173769 -0.0198452 0.008355 0.0176467
internal_weight=201.384 191.863 186.843 25.9873 160.855 124.491 119.561 113.878 109.716 103.577 60.7551 17.2122 43.5429 34.753
internal_count=3594 2668 1751 211 1540 1210 1126 1093 1062 993 586 227 359 291
is_linear=0
shrinkage=0.05


Tree=104
num_leaves=15
num_cat=0
split_feature=0 20 20 23 22 1 16 22 11 20 16 13 18 13
split_gain=3.30178 3.92206 3.00268 2.65198 2.95716 2.36808 3.75025 3.52508 3.46826 4.16783 7.52865 3.27082 3.17767 6.10646
threshold=1.0000000180025095e-35 0.042721384000000008 0.11640078500000002 -1.8959242499999998 0.78283861500000007 0.99735449500000006 60.01565750000001 0.96425209500000009 0.11013165500000001 0.063445956000000012 29.789258000000004 0.5260993100000001 0.00026020433500000001 0.63501050500000011
decision_type=2 2 2 2 2 2 2 2 2 2 2 2 2 2
left_child=-1 -2 3 -3 -5 8 -7 -8 -6 -10 -11 -9 -12 -14
right_child=1 2 -4 4 5 6 7 11 9 10 12 -13 13 -15
leaf_value=0.039621501692396324 -0.04222945856109192 0.039938757590093882 -0.033902922888383209 -0.023434426004500804 -0.032895809945380924 -0.0095594934345754525 0.047513706890394636 0.040119223915881366 0.049231967180467143 -0.039227787164923866 0.018027901690152302 -0.01057363438642068 -0.03367229464804064 0.033982203922623022
leaf_weight=3.7361234650015822 5.0628262069076291 3.0290866009891024 5.8477445067837825 12.686633132398127 4.0820209663361302 76.171744836494327 4.7777976505458382 3.1831833086907855 5.2022480471059671 7.0920919626951209 47.190939320251346 12.312855392694471 8.2037056097760779 4.277998322620987
leaf_count=854 921 30 160 89 35 665 44 28 65 71 442 94 72 34
internal_value=-0.00165571 -0.00262432 -0.00137985 -0.000195511 -0.00106299 0.000707971 -0.0044757 0.0141764 0.00725469 0.00995167 0.00620964 0.00164044 0.0121674 -0.00968363
internal_weight=202.857 199.121 194.058 188.21 185.181 172.495 96.4456 20.2738 76.049 71.967 66.7647 15.496 59.6726 12.4817
internal_count=3604 2750 1829 1669 1639 1550 831 166 719 684 619 122 548 106
is_linear=0
shrinkage=0.05


Tree=105
num_leaves=15
num_cat=0
split_feature=22 20 21 20 16 22 21 10 23 16 20 16 9 23
split_gain=3.34377 3.28836 3.48859 3.76896 3.18827 4.95646 3.872 3.02777 2.89657 3.88293 4.17599 9.38547 5.87099 2.87308
threshold=1.4591642000000002 0.10503381000000002 0.59726204500000013 0.079303607500000012 24.997888500000006 1.1932324000000001 0.53095697000000019 0.30180301500000006 0.9750253550000002 29.956546500000005 0.10086051500000003 59.455620500000009 9.833333350000002 2.1356292500000005
decision_type=2 2 2 2 2 2 2 2 2 2 2 2 2 2
left_child=1 2 3 4 5 6 -1 -5 9 -4 -11 -12 -13 -10
right_child=-2 -3 8 7 -6 -7 -8 -9 13 10 11 12 -14 -15
leaf_value=0.0027018578534715042 -0.040888668676958867 -0.010558278643551232 -0.017833217387942215 0.025528048229708517 0.0090164825862668902 0.035219160757595201 -0.049223057919071653 -0.028742702638228979 0.041866944255738947 0.032636533148355892 0.034253074229423579 -0.054592463805070129 0.018588140889469855 -0.010488931688345525
leaf_weight=5.9408181156031805 3.816428458550944 44.667175909969956 10.877623427659271 2.2272459031082716 58.930799885652959 3.0244584199972442 7.7064682873897254 16.087802900932729 12.333524490706621 16.81235269177705 9.293516839854421 7.2265619207173568 3.497750885784626 2.8268501413986078
leaf_count=110 786 520 108 60 1170 38 83 182 112 223 110 61 28 22
internal_value=0.000286622 0.00126478 0.00467866 -0.00143774 0.00355468 -0.0151693 -0.0279783 -0.021163 0.0136953 0.00732117 0.0150254 -0.000614662 -0.0311748 0.0320596
internal_weight=205.269 201.453 156.786 93.9176 75.6025 16.6717 13.6473 18.315 62.8682 47.7078 36.8302 20.0178 10.7243 15.1604
internal_count=3613 2827 2307 1643 1401 231 193 242 664 530 422 199 89 134
is_linear=0
shrinkage=0.05


Tree=106
num_leaves=15
num_cat=0
split_feature=22 20 3 12 22 23 23 12 12 21 20 20 17 20
split_gain=3.49329 3.26333 3.1634 3.90281 3.14493 4.48144 3.58691 2.75009 3.81673 2.39916 3.4481 2.19216 3.04154 2.40104
threshold=1.4321613000000002 0.11775318000000001 16.732150000000004 0.52528847000000012 0.78283861500000007 0.085436774000000007 0.9750253550000002 0.45988373000000005 0.41469779500000004 0.66714081000000014 0.07484193900000001 0.11073135500000002 0.0030039902500000001 0.079032316000000005
decision_type=2 2 2 2 2 2 2 2 2 2 2 2 2 2
left_child=1 2 3 -1 -4 -6 7 8 -7 10 -9 12 -8 -14
right_child=-2 -3 4 -5 5 6 11 9 -10 -11 -12 -13 13 -15
leaf_value=0.0043254577595664354 -0.040646862790318566 -0.039973269982797294 -0.024454896270183261 0.037659643196230393 0.012905114847301877 -0.014091967500931469 -0.010199885351324607 -0.0020399188518047942 0.025393021677677326 0.010823298978191622 -0.047790649056346696 -0.023915630805107391 0.048088137975416195 0.010898928636536456
leaf_weight=25.975414352491498 3.8650883124209932 3.481477095745503 11.137508081272243 12.508582497714086 56.609738200902939 21.153758351691071 11.134166962001471 6.1126183066517177 7.4691551104187957 3.1416761986911288 12.235296383500097 4.2943024411797515 5.1052757352590588 18.274203937500715
leaf_count=294 782 141 79 946 490 191 165 60 67 26 98 53 34 172
internal_value=0.00122407 0.00223834 0.00319133 0.0158396 3.65348e-06 0.0020296 -0.00496064 -0.0136823 -0.00327897 -0.0267771 -0.033442 0.00636244 0.0106971 0.0206592
internal_weight=202.498 198.633 195.152 38.484 156.668 145.53 88.9205 50.1125 28.6229 21.4896 18.3479 38.8079 34.5136 23.3795
internal_count=3598 2816 2675 1240 1435 1356 866 442 258 184 158 424 371 206
is_linear=0
shrinkage=0.05


Tree=107
num_leaves=15
num_cat=0
split_feature=23 12 12 12 11 14 22 12 21 14 0 14 0 12
split_gain=3.2838 2.68807 4.41278 2.96301 2.91472 4.40542 4.25759 2.95729 2.81868 2.68975 3.95067 3.71058 3.03388 4.30747
threshold=2.1165090000000006 0.31471300500000005 0.27074441000000005 0.35132102000000004 0.11891826000000001 0.28271849000000004 0.98214381500000014 0.57236142000000012 0.54254636500000009 0.3216338250000001 0.015088068000000001 0.36913919500000009 0.015815102500000001 1.8344520000000002
decision_type=2 2 2 2 2 2 2 2 2 2 2 2 2 2
left_child=1 2 -1 -3 5 6 -5 -7 -4 10 -6 -11 -13 -14
right_child=-2 3 8 4 9 7 -8 -9 -10 11 -12 12 13 -15
leaf_value=0.0045051084043230124 -0.028321845526992635 0.023560696815074469 0.014735173237899338 -0.074865384204971047 -0.011306488080664971 0.010669286746787104 -0.0051680164032386414 -0.021506293042005936 -0.041766164488929343 -0.019306342451170168 0.024138981406964872 0.020287745477160259 0.01663702698516166 -0.020127200318288893
leaf_weight=16.795739115448672 9.4087388012558204 14.970556709682567 2.1413163787219665 3.6632664464414102 9.9014013072010112 18.056537237716842 4.4354417365975678 10.426501835696397 11.747205898165701 18.924726272001863 29.641962769441307 20.83690198790282 13.271789140533658 17.096100978087634
leaf_count=177 706 166 43 26 139 192 49 127 95 215 285 1075 137 209
internal_value=-0.000969344 0.000511529 -0.0128121 0.00311062 0.000871577 -0.0111658 -0.0414573 -0.00143886 -0.0326503 0.00495129 0.0152037 -0.000962129 0.00605764 -0.00404183
internal_weight=201.318 191.909 30.6843 161.225 146.255 36.5817 8.09871 28.483 13.8885 109.673 39.5434 70.1295 51.2048 30.3679
internal_count=3641 2935 315 2620 2454 394 75 319 138 2060 424 1636 1421 346
is_linear=0
shrinkage=0.05


Tree=108
num_leaves=15
num_cat=0
split_feature=22 12 17 21 3 3 11 23 23 11 17 17 17 17
split_gain=3.30566 2.74583 2.99198 3.08506 2.82214 4.949 4.24744 3.82181 3.53778 2.83503 2.7998 2.61052 2.47432 2.4017
threshold=1.4591642000000002 0.37642211500000006 0.0024262726000000004 0.55074044000000011 20.465008000000005 19.176086000000002 0.11748803000000001 0.81407638500000012 1.4867400500000003 0.13189322500000003 0.0061592559000000014 0.0077101201500000003 0.0035871455500000003 0.0071896901500000006
decision_type=2 2 2 2 2 2 2 2 2 2 2 2 2 2
left_child=1 4 -3 12 5 7 -6 10 -9 -8 -1 13 -4 -5
right_child=-2 2 3 11 6 -7 9 8 -10 -11 -12 -13 -14 -15
leaf_value=-0.026249942937475481 -0.040157751142932976 0.024110323869848151 -0.0044579239014895279 0.0058522608514703055 0.016500816836195288 0.033001565307179383 -0.050867791043498284 0.04532633474664758 -0.014995475081357011 -0.0045649310620740477 0.013819213629937144 -0.030680309561121413 -0.052118163009377695 0.034330077016572653
leaf_weight=18.757250182330615 3.5464599975384763 20.443244192982092 9.3701249214354885 88.640766705619171 4.8705987390130785 8.6998791461810452 8.6617134064435941 4.6182539083529246 3.6060008658096194 5.3495095595717421 4.9071391113102427 3.5220952618401489 2.9695266981143495 7.1705834367312482
leaf_count=174 789 823 141 1038 51 88 78 46 56 60 52 75 50 78
internal_value=0.00200267 0.00298757 0.00698824 0.00366765 -0.00586871 0.00165195 -0.0213052 -0.00764425 0.0201193 -0.0346711 -0.0177176 0.00664144 -0.0189745 0.00831615
internal_weight=195.133 191.587 132.116 111.673 59.4703 40.5885 18.8818 31.8886 8.22425 14.0112 23.6644 99.3334 12.3397 95.8114
internal_count=3599 2810 2205 1382 605 416 189 328 102 138 226 1191 191 1116
is_linear=0
shrinkage=0.05


Tree=109
num_leaves=15
num_cat=0
split_feature=23 22 22 23 7 20 17 18 23 23 20 17 17 13
split_gain=3.52441 2.98378 3.38167 2.66004 2.57185 3.07389 4.13168 2.61563 3.2886 3.28359 2.94489 8.08162 4.08519 4.14309
threshold=1.7484259000000002 1.1510685000000003 1.0519562500000001 1.6205086000000002 0.51837760500000007 0.061286753000000006 0.0022062351500000007 3.9454942000000002e-05 -0.24474810499999997 -0.71420182999999993 0.10060217 0.0058598260000000011 0.0045417656500000006 0.61865493500000013
decision_type=2 2 2 2 2 2 2 2 2 2 2 2 2 2
left_child=1 2 4 -4 -1 -6 -7 8 -8 -9 12 -12 13 -11
right_child=-2 -3 3 -5 5 6 7 9 -10 10 11 -13 -14 -15
leaf_value=0.025194007843655605 -0.021644960500024877 0.017366351733339853 -0.016566708354589867 0.030789079300885636 0.035898024312553914 -0.038737287094782587 -0.043857330996917104 0.019135864211218948 0.011338298385756231 -0.017032183262521271 -0.064840927469086457 9.3679138751250556e-05 0.041660447423506636 0.0204005437477646
leaf_weight=10.852575887925921 17.52070072083734 23.815480298595503 39.47142443805933 2.289927873061969 4.8427214697003356 5.9068084184546015 5.6474867383949459 24.738781900377937 3.975419116439296 16.174685995327319 5.1502360024023828 21.678669863380492 6.0157489846460512 11.979468658566473
leaf_count=89 970 388 535 30 442 44 85 299 64 185 35 239 104 97
internal_value=-0.000860522 0.00124149 -0.00127151 -0.0133107 0.00310347 0.00063 -0.00139109 0.0013002 -0.0221341 0.00415525 -0.00213097 -0.0142536 0.00752192 -0.000951294
internal_weight=200.06 182.539 158.724 41.7614 116.963 106.11 101.267 95.3605 9.62291 85.7376 60.9988 26.8289 34.1699 28.1542
internal_count=3606 2636 2248 565 1683 1594 1152 1108 149 959 660 274 386 282
is_linear=0
shrinkage=0.05


Tree=110
num_leaves=15
num_cat=0
split_feature=1 21 0 3 22 13 16 7 8 10 1 7 16 9
split_gain=3.38622 2.68212 2.67426 3.14566 2.51169 2.33154 2.47608 2.13683 3.77852 3.93977 2.41955 2.3282 3.28411 2.81555
threshold=0.97837774500000008 0.11479071000000002 0.021001006000000006 22.880871000000003 0.75672024000000004 0.078081177000000015 60.225696000000006 0.93075184000000011 0.85854566500000018 0.35617298000000003 0.99735449500000006 0.9612286750000002 25.096580000000003 8.833333350000002
decision_type=2 2 2 2 2 2 2 2 2 2 2 2 2 2
left_child=2 -2 3 4 -1 6 -3 8 10 -10 -7 12 13 -9
right_child=1 5 -4 -5 -6 7 -8 11 9 -11 -12 -13 -14 -15
leaf_value=-0.031701735395797015 -0.040103296130272525 0.017784595501728329 -0.031587201876825531 -0.023204209859679595 0.030806449892958276 -0.0024183045439386121 -0.029168284219895702 0.0094671921331544711 0.03877096107882156 -0.010093944254047546 -0.046402631666717022 -0.0074303530427024742 0.013775257601586389 -0.051913003813790298
leaf_weight=0.94389037718066049 3.8868725334759793 20.558063620701436 1.8765757270157326 2.8790015147533259 20.470165873179212 4.5301123308017823 2.3117527812719336 3.0654226914048186 3.7388720996677867 31.21938047464937 9.9886804390698671 52.565910778008401 36.811425350606441 2.9302205555140972
leaf_count=18 828 234 19 37 1106 46 24 31 31 281 80 478 367 22
internal_value=-0.000994654 -0.00357249 0.0154188 0.0201552 0.0267598 -0.00249323 0.0120153 -0.0048506 -0.0131697 -0.00393484 -0.0337189 -0.000442997 0.00811104 -0.0236635
internal_weight=197.776 171.607 26.1696 24.2931 21.4141 167.72 22.8698 144.85 49.477 34.9583 14.5188 95.373 42.8071 5.99564
internal_count=3602 2422 1180 1161 1124 1594 258 1336 438 312 126 898 420 53
is_linear=0
shrinkage=0.05


Tree=111
num_leaves=15
num_cat=0
split_feature=17 20 20 16 17 14 13 3 0 13 12 9 0 17
split_gain=3.79182 8.21203 5.26997 5.07222 4.17224 2.96734 3.16386 4.33489 3.25711 3.21195 3.63615 2.88402 4.52774 2.90662
threshold=0.007051918600000001 0.11073135500000002 0.11775318000000001 50.62977200000001 0.0067224302500000005 0.14839840000000001 0.6840132000000001 14.601729500000003 0.016317835000000006 0.72172699500000015 0.22310569000000005 4.2916666500000007 0.014779904000000002 0.0023391907000000003
decision_type=2 2 2 2 2 2 2 2 2 2 2 2 2 2
left_child=1 4 3 -2 5 -1 7 -7 9 -8 -11 12 -9 -14
right_child=2 -3 -4 -5 -6 6 8 11 -10 10 -12 -13 13 -15
leaf_value=-0.037787944643139171 -0.01859914537077734 -0.045027021761861609 -0.036768640542044678 0.045101710756045091 0.042220982818653288 0.025538303776206073 0.030462625609304701 0.013629102218244763 0.034468785886362048 0.026915036239937032 -0.045332737086319602 -0.0023182569793107348 0.003492514115091177 -0.050286685746726546
leaf_weight=4.3849560613743952 3.4371534246020081 9.6815167339518649 2.5409833579324177 12.7127796751447 4.7013758043758562 11.364735221955923 3.335688652936371 5.3911769716069129 11.440582602052016 1.7672004445921627 4.4777666609734297 111.41642686491832 3.0947474811691782 10.007447239011524
leaf_count=50 45 143 109 119 35 989 54 98 106 50 58 1627 53 82
internal_value=-0.000238558 -0.00249164 0.0206057 0.0312504 0.000158484 -0.00127264 -6.06966e-05 -0.00279008 0.017576 -0.00394743 -0.023995 -0.00544445 -0.0231936 -0.0382371
internal_weight=199.755 181.064 18.6909 16.1499 171.382 166.681 162.296 141.275 21.0212 9.58066 6.24497 129.91 18.4934 13.1022
internal_count=3618 3345 273 164 3202 3167 3117 2849 268 162 108 1860 233 135
is_linear=0
shrinkage=0.05


Tree=112
num_leaves=15
num_cat=0
split_feature=20 17 20 17 18 20 17 20 20 19 13 11 17 15
split_gain=2.69479 3.04627 9.61044 5.66703 7.2834 6.84261 3.79115 5.48627 4.09466 5.17197 3.65675 3.37562 4.3889 3.35021
threshold=0.11605438500000002 0.0067224302500000005 0.10687178000000001 0.0059791553500000002 0.00026959658500000003 0.10193072000000002 0.0048566131500000003 0.081653083000000015 0.10060217 0.23268876500000005 0.64679805000000012 0.13607421500000003 0.0022062351500000007 0.029055860500000006
decision_type=2 2 2 2 2 2 2 2 2 2 2 2 2 2
left_child=1 2 3 5 -5 6 7 11 10 -10 -8 12 -1 -14
right_child=-2 -3 -4 4 -6 -7 8 -9 9 -11 -12 -13 13 -15
leaf_value=-0.031093581332378356 -0.030528363650716036 0.01673544211780513 -0.048542387015885945 0.040856386267801831 -0.028456891813157331 -0.037306896624455015 0.050979932032850797 -0.038928828947657548 0.024350435645572582 -0.048696775821155835 -0.012403829566771416 0.014615203871890484 0.0066697556032522878 -0.02355976819097972
leaf_weight=12.402387515408916 6.3051052284426978 23.893393203383312 9.4078782091382873 15.454704697243871 4.1448486319277427 11.868105283007024 9.4438507896848041 8.591247668489812 4.8095712063368401 3.1809354410506785 2.4742526724003246 29.287395094055682 45.654767209896818 10.407027680659665
leaf_count=777 172 225 120 157 43 82 178 153 54 30 27 985 379 233
internal_value=-0.000724307 0.000413313 -0.00200585 0.00105838 0.0255284 -0.00257252 0.000960158 -0.00284154 0.0204318 -0.0069109 0.0378796 0.000692214 -0.00538838 0.000743562
internal_weight=197.325 191.02 167.127 157.719 19.5996 138.12 126.251 106.343 19.9086 7.99051 11.9181 97.7516 68.4642 56.0618
internal_count=3615 3443 3218 3098 200 2898 2816 2527 289 84 205 2374 1389 612
is_linear=0
shrinkage=0.05


Tree=113
num_leaves=15
num_cat=0
split_feature=14 22 3 7 13 13 18 23 10 3 18 22 21 22
split_gain=3.27592 3.04365 3.08039 3.97765 2.55131 3.16671 2.80642 2.98437 2.18042 2.17788 2.97653 3.0713 2.48893 3.3477
threshold=0.14051282000000004 1.4591642000000002 16.898298000000004 0.9612286750000002 0.66504655000000013 0.64341861500000008 0.00024786282000000009 0.085436774000000007 0.41208654000000006 19.940508000000005 6.9811335500000014e-05 1.1424186500000002 0.55868367500000005 1.0309075000000003
decision_type=2 2 2 2 2 2 2 2 2 2 2 2 2 2
left_child=-1 2 -2 4 5 6 9 -8 -7 12 11 -11 13 -4
right_child=1 -3 3 -5 -6 8 7 -9 -10 10 -12 -13 -14 -15
leaf_value=-0.036959842481107417 0.016369959795566005 -0.039279234723255278 0.033359280643387251 -0.010005456361253384 0.023004367840997113 -0.045475990834042385 0.0086535624755991122 -0.033092400136592912 0.0061590302298307449 -0.032438049380670957 0.013182027137572045 0.024138529451893782 0.034769184844351382 -0.02967894727450264
leaf_weight=4.3167135375551871 37.535282387398183 3.2041574046015731 2.794943691231313 55.500308841932565 18.24420364620164 4.4114554328843942 8.0311768073588592 7.4362788703292599 2.9421323370188475 7.8621652014553529 22.733357416465878 2.4662563195452094 14.224124146625398 3.7364136097021401
leaf_count=44 1267 779 30 542 186 37 66 89 37 79 223 33 138 56
internal_value=0.00177226 0.00283489 0.00375709 0.000521597 0.00671939 0.00259629 0.00602383 -0.0122074 -0.0265529 0.0113907 0.00320162 -0.0179902 0.0236885 -0.0018556
internal_weight=195.439 191.122 187.918 150.383 94.8825 76.6383 69.2847 15.4675 7.35359 53.8173 33.0618 10.3284 20.7555 6.53136
internal_count=3606 3562 2783 1516 974 788 714 155 74 559 335 112 224 86
is_linear=0
shrinkage=0.05


Tree=114
num_leaves=15
num_cat=0
split_feature=3 0 15 14 13 20 0 9 7 0 8 8 14 9
split_gain=2.88836 3.16411 3.09495 2.92029 2.96143 3.71536 3.47707 2.93796 2.77009 3.60384 3.24455 3.48404 3.4088 2.63496
threshold=25.867864500000003 0.011342333000000001 0.029055860500000006 0.14051282000000004 0.6910889600000002 0.075371021000000024 0.016578934500000003 15.583333500000002 0.96555148000000013 0.021439053500000003 0.42855274000000004 0.38825738000000004 0.46572770000000002 20.750000000000004
decision_type=2 2 2 2 2 2 2 2 2 2 2 2 2 2
left_child=1 -1 -2 -3 7 -6 -7 8 9 -5 11 -10 -13 -9
right_child=2 3 -4 4 5 6 -8 13 10 -11 -12 12 -14 -15
leaf_value=0.029964828460784007 -0.0057602248010705593 -0.03732171619687611 -0.067473260490715378 0.0017955602734637177 0.045343705706904811 -0.019900416638849446 0.024223095763482607 0.035927223218590154 -0.016195292058797228 -0.041031520401230016 -0.038580857820308567 0.03788083671732892 -0.026457145256622922 -0.021233803328155568
leaf_weight=7.2316110359970471 5.6902882438153011 4.5858152785804114 2.3548198314383626 98.395057483110577 6.3892080266959992 7.9437474752776307 7.9258966073393822 7.2301086955703777 25.355278207222 4.1675560560543081 10.227092377841471 5.913422145880757 2.1097555158194155 1.9341563014313576
leaf_count=983 67 43 26 1449 123 69 72 101 375 58 120 86 31 25
internal_value=-0.00168292 -0.000362816 -0.0292863 -0.0017237 -0.000600645 0.0160491 0.00226611 -0.00307391 -0.00485115 -0.000324083 -0.0152531 -0.00719115 0.0199055 0.022961
internal_weight=197.454 189.409 8.04511 182.177 177.591 22.2589 15.8696 155.332 146.168 102.563 43.6055 33.3785 8.02318 9.16426
internal_count=3628 3535 93 2552 2509 264 141 2245 2119 1507 612 492 117 126
is_linear=0
shrinkage=0.05


Tree=115
num_leaves=15
num_cat=0
split_feature=1 19 20 21 20 16 20 11 9 17 20 16 17 20
split_gain=2.83078 3.16153 2.41172 3.29248 2.8974 5.91186 5.58959 3.64979 3.19889 3.78341 6.12091 8.28867 8.22483 3.98404
threshold=0.9543369450000001 0.7972222200000002 0.11775318000000001 0.67731855500000016 0.064133348000000021 25.253168500000005 0.067954421000000001 0.13292265500000003 4.2916666500000007 0.0028465939500000007 0.075371021000000024 30.187514500000002 0.0031913429500000003 0.077302537000000018
decision_type=2 2 2 2 2 2 2 2 2 2 2 2 2 2
left_child=-1 2 3 4 7 -6 -7 -2 -8 -10 11 -11 -12 -14
right_child=1 -3 -4 -5 5 6 8 -9 9 10 12 -13 13 -15
leaf_value=0.035718192265628085 -0.0029194112913840204 -0.040364519288204309 -0.038524645357267621 0.01953118831165139 -0.03579086456660302 0.04718654838755254 -0.024099630035589945 0.038945006153324059 -0.032311574289030635 0.055894048355990392 -0.061652819357061052 -0.035162985384428323 0.034438363214430147 -0.0017493259212425704
leaf_weight=4.3217158690094939 11.46826163493097 4.0308534048963329 3.0153753114864221 19.509278594516218 12.450933586806057 4.7658888548612586 14.93507159128785 8.3432964235544187 7.4555424042046061 9.2050419040024263 4.4451559577137223 2.5531570948660365 7.3967408910393706 79.976924251765013
leaf_count=876 100 937 139 174 136 57 119 77 63 95 31 18 53 734
internal_value=-0.000251207 -0.00125444 -0.000192835 0.000646974 -0.00171862 -0.00422599 -0.000970911 0.0157352 -0.0031502 -0.000142321 0.00246007 0.0349157 -0.00202754 0.00166922
internal_weight=193.873 189.552 185.521 182.505 162.996 143.184 130.734 19.8116 125.968 111.033 103.577 11.7582 91.8188 87.3737
internal_count=3609 2733 1796 1657 1483 1306 1170 177 1113 994 931 113 818 787
is_linear=0
shrinkage=0.05


Tree=116
num_leaves=15
num_cat=0
split_feature=23 20 21 16 20 17 18 14 13 20 23 16 17 20
split_gain=3.10903 2.33512 2.49088 3.13327 4.65775 3.5673 2.81787 3.15127 3.07917 4.41868 3.22092 3.47113 2.76795 5.95649
threshold=2.4978355500000005 0.11702090500000002 0.67575216500000013 49.866131000000003 0.10607253000000001 0.0069485367000000015 0.00024415867500000003 0.15438786500000004 0.6910889600000002 0.075371021000000024 -0.87402822499999988 24.987717500000002 0.0058598260000000011 0.10086051500000003
decision_type=2 2 2 2 2 2 2 2 2 2 2 2 2 2
left_child=1 2 6 4 -4 -5 7 -1 10 -10 11 -9 13 -12
right_child=-2 -3 3 5 -6 -7 -8 8 9 -11 12 -13 -14 -15
leaf_value=-0.03457689704542876 -0.037565133912302984 -0.034221140548916361 0.022911750029992434 0.0056518002480634797 -0.04491021925387384 0.057199434993332167 -0.014407798030842099 -0.036051050558998751 0.050365772304849787 -0.0015602706974122487 -0.0022653608933926863 0.028492594436768978 0.014511572668098561 -0.049322728469438165
leaf_weight=4.6043131367769083 4.5706044216640285 3.7729739295318714 4.9778161437716353 7.0489723577629757 3.416277130600065 5.8630041803698987 30.414185283239931 1.5282098196912581 7.0686703822575501 8.2049606724176538 76.267486203229055 14.871745093259959 18.427003694931045 6.3880673835519692
leaf_count=46 433 141 56 74 36 56 320 21 101 68 1733 274 204 43
internal_value=-0.000739454 0.000322588 0.00118829 0.0168868 -0.00653323 0.0314873 -0.000893534 0.00218128 0.00370512 0.0240894 0.000874058 0.0207519 -0.00252268 -0.00644833
internal_weight=197.424 192.854 189.081 21.3061 8.39409 12.912 167.775 137.36 132.756 15.2736 117.483 16.4 101.083 82.6556
internal_count=3606 3173 3032 222 92 130 2810 2490 2444 169 2275 295 1980 1776
is_linear=0
shrinkage=0.05


Tree=117
num_leaves=15
num_cat=0
split_feature=7 7 20 18 0 0 23 10 23 20 20 14 12 14
split_gain=2.7622 3.05475 3.13121 3.20732 2.57893 2.51294 2.50557 2.51844 2.44764 2.61991 2.69017 2.51471 4.21366 2.76207
threshold=0.51498846000000009 0.92823781500000002 0.076390651000000018 0.00011577659500000002 0.017065465000000005 0.014576554500000002 0.49051840500000005 0.49599376500000003 2.4487601000000008 0.062769538500000013 0.071614835500000015 0.3216338250000001 0.31042496500000005 0.31158186000000004
decision_type=2 2 2 2 2 2 2 2 2 2 2 2 2 2
left_child=6 2 3 4 -2 -4 -1 -8 9 -3 -11 13 -13 -12
right_child=1 8 5 -5 -6 -7 7 -9 -10 10 11 12 -14 -15
leaf_value=0.033432374630235781 -0.03353101793775419 0.022512502909407109 0.0078597818725650252 0.030899602098822788 0.017590409755303685 -0.028321030642653879 0.018881495498929958 -0.038990730757762944 -0.037533987288215442 -0.015706500169500065 0.0066072283824161323 -0.055737501166809506 -0.00045167923663696672 0.042287324191584999
leaf_weight=9.3757724426686746 5.1861984618008119 13.086366574512793 5.3450273722410193 5.9362785536795846 3.2923845315817744 26.810320950113237 3.4200818357057861 2.3072553025558591 3.0074733847286543 21.909234752180055 42.112679964397103 2.7303408610168836 45.51255458779633 5.3361025508493176
leaf_count=84 245 955 53 62 62 260 66 58 313 256 416 22 745 48
internal_value=-0.00113668 -0.00289411 -0.0137763 0.00534572 -0.0139182 -0.0222512 0.0187164 -0.00676264 0.000970658 0.00213505 -0.000303205 0.00334945 -0.00464897 0.0114098
internal_weight=195.368 180.265 46.5702 14.4149 8.47858 32.1553 15.1031 5.72734 133.695 130.687 117.601 95.6917 48.2429 47.4488
internal_count=3645 3437 682 369 307 313 208 124 2755 2442 1487 1231 767 464
is_linear=0
shrinkage=0.05


Tree=118
num_leaves=15
num_cat=0
split_feature=3 9 21 9 17 17 20 17 20 17 20 16 3 17
split_gain=2.61292 3.11985 2.28998 3.11488 2.99656 5.05604 2.39009 5.51558 6.03062 6.85442 4.95024 4.86904 4.26261 3.33539
threshold=14.601729500000003 4.2916666500000007 0.67575216500000013 4.2916666500000007 0.0023391907000000003 0.0021569054500000006 0.10869161000000001 0.005836314950000001 0.10111503500000001 0.0045417656500000006 0.081653083000000015 59.776466000000006 16.732150000000004 0.0030039902500000001
decision_type=2 2 2 2 2 2 2 2 2 2 2 2 2 2
left_child=1 -1 3 4 5 -2 7 8 9 10 13 -9 -8 -5
right_child=2 -3 -4 6 -6 -7 12 11 -10 -11 -12 -13 -14 -15
leaf_value=0.044737531654297308 -0.035254178565438749 -0.001748356388985526 0.012279603362380119 -0.01113891894433126 -0.032008429498831897 0.049068579203420573 0.036105710097361986 0.039457217323962991 -0.049138698898409071 0.036535743545130464 -0.046234508912607511 -0.0093272048056006994 -0.026634243192203061 0.0096777653568706126
leaf_weight=5.5937932524830085 2.4544410242233452 7.8156871881801635 21.425890490412712 43.103637140011415 16.411382051650435 2.7120423093438148 2.2910977229476002 14.05986092053354 5.9817823991179457 9.8119491394609195 5.9354066401720038 7.2518144883215419 17.066855753771961 33.167459698393941
leaf_count=912 109 196 241 1084 137 19 20 110 37 110 122 47 222 274
internal_value=-0.0011037 0.0194023 -0.0027152 -0.00478379 -0.0220105 0.00978859 -0.00196482 0.000730962 -0.00433646 -0.000927071 -0.00578389 0.0231831 -0.0177999 -0.00207843
internal_weight=195.083 13.4095 181.674 160.248 21.5779 5.16648 138.67 119.312 98.0002 92.0185 82.2065 21.3117 19.358 76.2711
internal_count=3640 1108 2532 2291 265 128 2026 1784 1627 1590 1480 157 242 1358
is_linear=0
shrinkage=0.05


Tree=119
num_leaves=15
num_cat=0
split_feature=1 17 11 19 12 14 8 12 10 9 12 13 14 19
split_gain=2.85573 3.31406 2.37224 2.28332 1.8534 1.84628 2.46697 1.85413 1.7883 2.20508 2.86921 1.80562 2.77398 1.9952
threshold=0.97989899000000003 0.0021042058000000003 0.10809372500000002 0.22917482000000003 0.18032542000000004 0.30040650500000005 0.26104632500000008 0.28028249500000008 0.26324152500000003 9.4166666500000016 0.35330171000000005 0.57017408500000011 0.3216338250000001 0.21532974000000002
decision_type=2 2 2 2 2 2 2 2 2 2 2 2 2 2
left_child=2 3 -1 -2 -3 7 -7 -4 9 10 -6 -10 13 -13
right_child=1 4 5 -5 8 6 -8 -9 11 -11 -12 12 -14 -15
leaf_value=-0.036891500424179942 0.002943393495955906 0.034678292495385066 -0.011192571377863704 -0.046516267809128958 0.028780913552762452 0.040532740385997516 -0.0031027715883676279 0.044298692304868624 0.0067150059817150214 -0.047251940973813231 -0.02474410798800411 -0.0096217592219495496 -0.01912339440476668 0.0081120070066976382
leaf_weight=1.2221617817413086 3.2952434811741096 2.4619680419564238 1.4085917118936793 6.1521975970827043 3.1273314300924522 3.2182767170015749 13.43762586917728 7.3402650866191834 51.328666881192476 3.7404910624027243 5.4000540776178241 26.621733191423118 23.954668881371617 36.25602691154927
leaf_count=18 39 20 38 836 27 851 223 95 560 34 46 225 222 366
internal_value=-0.000875109 -0.00338529 0.0139975 -0.0306344 -0.00151339 0.0177501 0.00714671 0.0351328 -0.00233081 -0.0198655 -0.00415384 -0.000642271 -0.00501827 0.000570644
internal_weight=188.965 162.338 26.6269 9.44744 152.891 25.4048 16.6559 8.74886 150.429 12.2679 8.52739 138.161 86.8324 62.8778
internal_count=3600 2375 1225 875 1500 1207 1074 133 1480 107 73 1373 813 591
is_linear=0
shrinkage=0.05


Tree=120
num_leaves=15
num_cat=0
split_feature=23 20 16 20 20 16 16 20 17 9 20 19 15 20
split_gain=2.40773 2.38847 1.98139 2.965 6.61036 12.0433 3.91227 6.71642 6.2021 7.9754 5.99915 3.94419 3.73873 4.52045
threshold=2.8591663500000002 0.11775318000000001 59.994050000000009 0.077302537000000018 0.091536058000000017 59.298369500000007 49.482849000000009 0.067954421000000001 0.0027161262000000006 10.166666500000002 0.065730215500000008 0.22659300500000004 0.029055860500000006 0.076390651000000018
decision_type=2 2 2 2 2 2 2 2 2 2 2 2 2 2
left_child=1 2 3 6 5 -5 8 -8 9 10 11 -1 13 -10
right_child=-2 -3 -4 4 -6 -7 7 -9 12 -11 -12 -13 -14 -15
leaf_value=0.046248927714861832 -0.040154586491165274 -0.037577425675628939 0.012433364949251907 -0.055079605736269965 0.0017019956774251316 0.024877905007111338 0.029666766405053582 -0.044270629761042055 0.05943333993657627 -0.042159929241420986 -0.041464480611330255 0.0042313894939167212 -0.0066888956130289048 0.0018255771382216278
leaf_weight=9.2416463487315976 2.4862525078933677 2.7838726383633903 39.023545894306153 13.943218137603255 64.285609649028629 6.1771788760088375 4.0087986779399198 7.3097587055526674 11.982375966152182 7.5604212472680947 3.3213801751844576 12.779574832180513 4.2293229221831998 4.704051216132938
leaf_count=104 268 136 677 153 729 70 373 58 124 172 58 609 99 25
internal_value=0.00103508 0.00177624 0.00255239 -9.15273e-05 -0.00624543 -0.0305162 0.00785666 -0.0178011 0.013479 -0.000239466 0.0133923 0.0231079 0.034086 0.0442146
internal_weight=193.837 191.351 188.567 149.543 84.406 20.1204 65.1373 11.3186 53.8188 32.903 25.3426 22.0212 20.9158 16.6864
internal_count=3655 3387 3251 2574 952 223 1622 431 1191 943 771 713 248 149
is_linear=0
shrinkage=0.05


Tree=121
num_leaves=15
num_cat=0
split_feature=22 3 20 17 20 17 20 17 20 17 16 17 0 16
split_gain=2.48656 2.23731 1.97201 3.78601 6.84525 4.85816 2.73504 2.96358 6.71702 6.11912 5.13271 4.79216 5.42762 4.53568
threshold=1.3911645500000003 10.465913500000001 0.11702090500000002 0.0070015666000000009 0.11103884500000001 0.0067224302500000005 0.10687178000000001 0.005836314950000001 0.10086051500000003 0.0048566131500000003 59.455620500000009 0.0038084395000000004 0.014945580000000002 59.399861000000008
decision_type=2 2 2 2 2 2 2 2 2 2 2 2 2 2
left_child=1 -1 3 4 5 6 7 8 9 11 -10 12 -3 -9
right_child=-2 2 -4 -5 -6 -7 -8 13 10 -11 -12 -13 -14 -15
leaf_value=0.037184615577624196 -0.036033325493596391 -0.019855911274784529 -0.03324603512244103 0.023436959776690719 -0.05094039429532702 0.046963228228914827 -0.031881202288945164 0.030169235071104663 0.0026026865881909719 0.031608668396139246 -0.066659438678903074 -0.03841471835680485 0.0073068304010928137 -0.010309614523226873
leaf_weight=2.9866136666387311 3.8787417830899349 24.878471499774605 3.5328958742320529 14.904810279607771 5.8771783653646699 4.3279263935983172 6.1129867769777766 16.550504513084892 4.2109821587800962 12.623236086219547 6.0010287314653397 8.2470335103571397 62.567231421824545 10.763370953500269
leaf_count=864 829 311 135 110 80 30 73 136 32 149 34 107 626 71
internal_value=-0.000802626 0.000132904 -0.000681224 0.000151586 -0.0021192 2.89793e-05 -0.00160609 -0.000128629 -0.0035732 0.000238067 -0.040414 -0.00418426 -0.000558146 0.0144173
internal_weight=187.463 183.584 180.598 177.065 162.16 156.283 151.955 145.842 118.528 108.316 10.212 95.6927 87.4457 27.3139
internal_count=3587 2758 1894 1759 1649 1569 1539 1466 1259 1193 66 1044 937 207
is_linear=0
shrinkage=0.05


Tree=122
num_leaves=15
num_cat=0
split_feature=22 20 17 20 17 20 9 17 20 17 20 20 17 0
split_gain=2.31324 2.34854 2.47907 7.02469 2.92048 3.82148 3.33192 2.73451 6.58147 3.39255 5.27391 4.91329 6.68944 3.31662
threshold=1.4591642000000002 0.11775318000000001 0.0070015666000000009 0.11103884500000001 0.0067224302500000005 0.10687178000000001 15.583333500000002 0.0061889249000000009 0.10473688500000002 0.0045417656500000006 0.081653083000000015 0.10177639500000001 0.0058945617500000009 0.020101828500000005
decision_type=2 2 2 2 2 2 2 2 2 2 2 2 2 2
left_child=1 2 3 4 5 6 7 8 9 10 -1 13 -13 -11
right_child=-2 -3 -4 -5 -6 -7 -8 -9 -10 11 -12 12 -14 -15
leaf_value=0.00013751951590596127 -0.037654961529336922 -0.037311918960915562 0.019910463985372471 -0.046107062190956727 0.03852776039122173 -0.034898873984529996 0.033226332431007664 0.030783331928961828 -0.057451730698375308 0.039292994562746229 -0.045834945710132247 -0.040163020985019726 0.019109997243965379 -0.015464813848534679
leaf_weight=84.70617715572007 2.7470521639334029 2.721640702802687 18.016837602946907 6.6066965584177515 4.6090755027253172 5.7980608108919105 7.8343287901952854 6.5592467933893195 3.8280975108500561 16.720739172305915 5.7339285816997281 6.8434702069498625 11.142197849461807 2.7216972112655631
leaf_count=1546 793 139 173 96 37 75 87 71 23 268 121 44 128 25
internal_value=0.00125043 0.00203234 0.00282518 0.000828068 0.00308966 0.00176931 0.00345198 0.00153831 -0.000139266 0.00200905 -0.00324653 0.0144625 -0.00437067 0.0312461
internal_weight=186.589 183.842 181.121 163.104 156.497 151.888 146.09 138.256 131.696 127.868 90.4401 37.4281 17.9857 19.4424
internal_count=3626 2833 2694 2521 2425 2388 2313 2226 2155 2132 1667 465 172 293
is_linear=0
shrinkage=0.05


Tree=123
num_leaves=15
num_cat=0
split_feature=13 0 19 21 16 12 21 14 19 22 14 14 8 18
split_gain=2.47547 2.22445 2.29866 3.39548 4.28194 2.48004 3.69098 3.21048 4.68843 2.20665 2.13673 2.42334 4.73453 3.61865
threshold=0.88742762500000005 0.011635519000000002 0.29531531500000002 0.52930046000000008 25.072104500000005 0.37504196000000006 0.67371475000000014 0.32824160500000005 0.21989011000000003 1.1014998000000003 0.3216338250000001 0.95366726000000013 1.0069857000000002 0.00014192148000000002
decision_type=2 2 2 2 2 2 2 2 2 2 2 2 2 2
left_child=1 9 3 -3 -5 7 10 8 -6 -1 -7 -12 13 -13
right_child=-2 2 -4 4 5 6 -8 -9 -10 -11 11 12 -14 -15
leaf_value=0.037251981245909123 0.030388820639454583 0.019531306205381793 -0.036952748992036558 -0.027375428488809878 -0.022871612814774511 0.009432954079750748 0.024931701509648789 -0.035098710573190701 0.016040954595586878 -0.017550729444787052 -0.014375385873384281 0.017910948287771664 0.046385361188884845 -0.027745416840985485
leaf_weight=5.9124147251714012 5.5667007360607377 16.897582015022635 3.5960635954979798 15.721416305750607 13.838033587671818 31.977605397813022 15.757105733733622 9.423161715269087 15.203236065804957 1.8260555732995269 35.136209364980459 7.1783934291452196 4.6265685800462952 8.3430766379460675
leaf_count=801 68 171 802 148 129 314 185 95 147 217 342 87 40 88
internal_value=0.000217523 -0.00084634 -0.00204641 -0.00111851 -0.00344754 -0.000615235 0.00343815 -0.0112834 -0.00264484 0.0237916 -0.000681496 -0.00659556 0.0070099 -0.00682414
internal_weight=191.004 185.437 177.698 174.102 157.205 141.483 103.019 38.4644 29.0413 7.73847 87.2619 55.2842 20.148 15.5215
internal_count=3634 3566 2548 1746 1575 1427 1056 371 276 1018 871 557 215 175
is_linear=0
shrinkage=0.05


Tree=124
num_leaves=15
num_cat=0
split_feature=20 16 21 20 20 16 20 16 10 16 9 20 11 16
split_gain=2.77395 3.02499 2.68387 2.49044 7.72338 4.37684 9.87642 5.82483 4.96855 4.27859 5.3857 5.62458 3.19336 3.07635
threshold=0.10607253000000001 50.074187000000009 0.67731855500000016 0.091536058000000017 0.080423944000000011 59.298369500000007 0.10161847000000002 59.738856000000006 0.44929539000000002 30.120584000000004 7.5833333500000011 0.10060217 0.13402524500000002 60.102914000000006
decision_type=2 2 2 2 2 2 2 2 2 2 2 2 2 2
left_child=3 -2 -3 4 12 9 7 -7 13 10 11 -5 -1 -8
right_child=1 2 -4 5 -6 6 8 -9 -10 -11 -12 -13 -14 -15
leaf_value=-0.0056420224867316524 -0.037536006003845747 -0.015871439593744867 0.017400577873717678 0.038534717373400279 -0.046721156864016539 -0.036457305311807395 -0.072389467416124703 0.045479314724413203 0.0090616891742235223 0.049174028404696445 0.035270409486688921 -0.039064110076821645 0.014040986623775099 -0.009530813361491329
leaf_weight=60.836275730398484 9.155572899617253 17.311090125702325 8.1085100308991951 2.4014134739991331 8.3797128587029857 1.9727444560267056 5.6816564730834198 8.8210218213498575 4.4235151931643477 9.2821124696638417 8.2980300951749069 6.9310844370629638 29.91061548399739 3.2274421276524663
leaf_count=1283 170 188 125 51 162 27 43 140 32 139 75 81 1036 26
internal_value=-0.00187448 -0.0144294 -0.00500121 0.00109259 -0.00352651 0.00995904 -0.00543458 0.0286825 -0.0331291 0.0234593 0.0080082 -0.0172996 0.000927921 -0.0528779
internal_weight=184.741 34.5752 25.4196 150.166 99.1266 51.039 24.1264 10.7938 13.3326 26.9126 17.6305 9.3325 90.7469 8.9091
internal_count=3578 483 313 3095 2481 614 268 167 101 346 207 132 2319 69
is_linear=0
shrinkage=0.05


Tree=125
num_leaves=15
num_cat=0
split_feature=7 19 20 7 12 18 8 12 12 19 10 20 20 14
split_gain=2.28987 2.33852 2.45176 2.34011 2.89186 3.83024 2.64347 3.40957 2.9564 2.57484 3.54389 2.87625 2.59998 2.5415
threshold=0.98283810000000005 0.7972222200000002 0.059892830000000001 0.9612286750000002 0.45758862500000003 0.00027673956000000006 0.44160695500000008 0.31042496500000005 0.37959214500000005 0.22986486500000003 0.5531701750000001 0.063123610000000011 0.064263047500000017 0.30330086500000003
decision_type=2 2 2 2 2 2 2 2 2 2 2 2 2 2
left_child=1 2 -1 9 5 6 7 -5 -8 11 13 -4 -13 -11
right_child=-2 -3 3 4 -6 -7 8 -9 -10 10 -12 12 -14 -15
leaf_value=0.038215865454815728 0.019922375959662744 -0.038925820891336824 -0.036904934754928363 -0.018146074213635035 -0.028966673959908259 -0.034674291755075928 -0.036564656317486163 0.021752241209227554 0.013488743226268828 0.033670999226071509 -0.025736845171724528 0.036935441715293553 -0.0035645447221489229 0.0063422771207013564
leaf_weight=2.7514609005302182 10.928184181801042 3.3507697548484421 5.1291452534496775 6.4115611296147135 14.881778033450244 7.2638348620384923 6.3421961758285743 19.381237342022359 4.2386612500995398 13.052498860284684 4.7186181955039492 3.2221543006598941 63.702355662826449 23.105851552449167
leaf_count=49 974 899 35 58 157 75 44 199 38 139 44 22 637 248
internal_value=-0.00129781 -0.00270815 -0.0017933 -0.00265326 -0.0106779 -0.00393162 0.00297121 0.0115272 -0.0170801 0.00156223 0.0114351 -0.00411866 -0.00109956 0.0168481
internal_weight=188.48 177.552 174.201 171.45 58.5193 43.6375 36.3737 25.7928 10.5809 112.931 40.877 72.0537 66.9245 36.1584
internal_count=3618 2644 1745 1696 571 414 339 257 82 1125 431 694 659 387
is_linear=0
shrinkage=0.05


Tree=126
num_leaves=15
num_cat=0
split_feature=9 22 20 10 20 16 8 9 11 11 21 21 15 11
split_gain=2.0721 2.06363 2.03502 2.24131 3.92165 2.70688 3.32446 2.50291 2.22426 2.21275 2.17253 4.51203 2.85121 2.52761
threshold=21.250000000000004 1.4591642000000002 0.11775318000000001 0.49297619000000009 0.074158984000000011 60.01565750000001 0.26104632500000008 15.583333500000002 0.12066370500000002 0.10737518500000001 0.53510995500000014 0.55868367500000005 0.010695493000000002 0.12823793500000003
decision_type=2 2 2 2 2 2 2 2 2 2 2 2 2 2
left_child=1 2 3 5 -5 6 -1 9 -9 -8 12 -12 -11 -13
right_child=-2 -3 -4 4 -6 -7 7 8 -10 10 11 13 -14 -15
leaf_value=0.025603192376540386 -0.035540756429265519 -0.036758707443765574 -0.036165589681540732 0.048759174052847409 0.0046314671579517457 0.013108885428122458 -0.042598285999277945 -0.0036040246285342554 0.048927805614958221 0.038709312812738435 -0.033261194205281036 -0.01380085001049057 -0.0035509606268969238 0.0047020416775451239
leaf_weight=8.3879002244211716 2.911461789160966 2.5098905607592306 2.4412465346977106 5.8229856498073813 20.184847502037883 31.785097702639177 3.2856768597848705 3.9196835854090741 2.8884667027741671 4.9022916401736465 14.696705431677399 32.510160507634282 11.877092365873976 40.279138639569283
leaf_count=776 35 805 130 68 189 472 32 43 29 64 127 314 193 393
internal_value=0.000478828 0.00123173 0.0019498 0.00266157 0.0159509 0.000336787 -0.00304973 -0.00535506 0.0220953 -0.00728025 -0.00577318 -0.00893321 0.0102786 -0.00363701
internal_weight=188.403 185.491 182.981 180.54 26.0078 154.532 122.747 114.359 6.80815 107.551 104.265 87.486 16.7794 72.7893
internal_count=3670 3635 2830 2700 257 2443 1971 1195 72 1123 1091 834 257 707
is_linear=0
shrinkage=0.05


Tree=127
num_leaves=15
num_cat=0
split_feature=14 16 23 18 18 16 16 17 17 0 14 13 12 15
split_gain=2.29156 2.09407 1.94102 1.91354 2.43566 4.16232 2.92528 3.76411 7.23887 2.63509 3.01965 2.74689 2.53618 2.50733
threshold=0.14839840000000001 59.651801500000012 2.4978355500000005 0.00045932134000000005 0.000124459995 29.961235500000004 29.914910500000005 0.0031207643500000006 0.0025736701500000008 0.016652405000000002 0.32449982000000005 0.66039807000000017 0.51635993000000002 0.009216785600000001
decision_type=2 2 2 2 2 2 2 2 2 2 2 2 2 2
left_child=1 -1 3 4 6 -6 9 8 -8 10 11 13 -11 -2
right_child=2 -3 -4 -5 5 -7 7 -9 -10 12 -12 -13 -14 -15
leaf_value=-0.050100815715644689 0.006835150128783391 0.0071024719064520349 -0.02976934529175326 0.031676384907573532 -0.022709624201748598 0.001098075428523043 0.014879958803213562 0.0073004139708430591 -0.051466899825653639 0.045757314539253684 0.025265520963472721 0.022232793019545987 -0.0026837831412527798 -0.060542615882198572
leaf_weight=3.3665033363504326 1.8537901199888454 2.1751632041996345 4.2756931520998469 3.9439877611584953 24.49625975987874 65.276526689063758 7.0298251985805091 42.735439625103027 7.8351615115534514 10.137417959049342 6.7171132315415889 2.0823146405164152 3.4269230915233484 2.8895823280327022
leaf_count=37 29 26 431 48 254 773 816 596 79 88 331 39 40 38
internal_value=-0.000917233 -0.0299945 0.000123218 0.00100148 0.000131533 -0.00557693 0.00617583 -0.00027215 -0.0211305 0.0193995 0.00326801 -0.0188419 0.0341751 -0.037605
internal_weight=188.242 5.54167 182.7 178.424 174.48 89.7728 84.7076 57.6004 14.865 27.1071 13.5428 6.82569 13.5643 4.74337
internal_count=3625 63 3562 3131 3083 1027 2056 1491 895 565 437 106 128 67
is_linear=0
shrinkage=0.05


Tree=128
num_leaves=15
num_cat=0
split_feature=8 19 3 20 19 3 7 19 13 3 12 23 22 9
split_gain=2.06086 2.47268 2.16127 3.14441 4.08491 3.38783 2.78546 2.71866 4.74504 2.46044 2.48079 2.22394 3.06688 2.65377
threshold=0.24310601500000004 0.7972222200000002 18.627838500000006 0.063898661000000009 0.22917482000000003 19.176086000000002 0.96488968500000005 0.22111671000000002 0.55727552000000014 19.633234500000004 0.37504196000000006 0.86809221500000011 1.0309075000000003 4.5833333500000011
decision_type=2 2 2 2 2 2 2 2 2 2 2 2 2 2
left_child=-1 2 11 4 -4 6 -5 9 -9 -7 -11 12 -2 -14
right_child=1 -3 3 5 -6 7 -8 8 -10 10 -12 -13 13 -15
leaf_value=0.023954370193113032 0.0089474090061931657 -0.038570237935436465 0.04294228833668013 -0.0085090755224127481 -0.019237106605618674 0.021521159520539797 -0.060842000809206792 -0.018066763824987651 0.015729309895080555 -0.038104538955249047 -0.008734965093089464 0.021432328172114663 -0.052040737465306922 -0.0046044757028412013
leaf_weight=7.8127685566432765 37.776793928816915 3.2338512527057892 6.275306470692156 5.8717005960643274 3.4170278869569302 3.6689686831086865 4.0753201171755791 14.659045202191917 29.994654044508934 9.5596473515033704 25.366036576218903 18.049268327653408 3.0781334247440091 11.481636192649601
leaf_count=930 368 912 57 65 26 44 29 174 319 98 255 204 25 116
internal_value=0.000355758 -0.000817854 0.000104006 -0.00449905 0.021272 -0.00737662 -0.0335493 -0.00388825 0.00448192 -0.0134411 -0.0176107 0.00680137 0.00144838 -0.0173332
internal_weight=184.32 176.507 173.274 102.888 9.69233 93.1954 9.94702 83.2484 44.6537 38.5947 34.9257 70.3858 52.3366 14.5598
internal_count=3622 2692 1780 1067 83 984 94 890 493 397 353 713 509 141
is_linear=0
shrinkage=0.05


Tree=129
num_leaves=15
num_cat=0
split_feature=18 17 20 17 17 20 20 16 16 3 20 17 17 20
split_gain=2.07297 3.66872 3.96313 3.36002 2.90791 5.2131 4.73533 3.90489 3.37511 2.92367 2.68271 3.24458 2.26864 4.04522
threshold=0.00027673956000000006 0.0073512985500000004 0.10473688500000002 0.005836314950000001 0.0059791553500000002 0.10915670500000001 0.10310140500000002 59.506820000000012 50.62977200000001 25.867864500000003 0.11702090500000002 0.0069485367000000015 0.005836314950000001 0.10086051500000003
decision_type=2 2 2 2 2 2 2 2 2 2 2 2 2 2
left_child=4 2 3 -2 6 7 9 -6 -7 12 11 -10 13 -1
right_child=1 -3 -4 -5 5 8 -8 -9 10 -11 -12 -13 -14 -15
leaf_value=0.0029933679878528822 -0.022872103204848108 0.022527004138879096 -0.039412076782523675 0.029217974410852384 0.050004404046084444 -0.043138647498889356 -0.050027069766143212 0.0013489689690746791 -0.018979060581100219 -0.030973092324715769 -0.03600067491854033 0.037246293108688606 0.033647289047015999 -0.034426435811016648
leaf_weight=101.94121317204554 5.652384719345724 5.0405579251237205 12.458696173271163 4.7931314366869628 10.680931419366972 3.5727037298493078 3.926330857910215 6.4614750933833411 3.17944338172674 6.1701552770100525 1.9053333729971189 6.3498933734372258 4.3766189320012918 6.7674349639564744
leaf_count=2629 78 61 164 51 131 70 30 61 25 74 72 65 59 49
internal_value=-0.000745586 -0.0130334 -0.0214743 0.00149487 0.00153428 0.0146832 -0.00198811 0.03275 -0.00671065 -3.63725e-06 0.00722499 0.018466 0.0019428 0.000371309
internal_weight=183.276 27.9448 22.9042 10.4455 155.332 32.1498 123.182 17.1424 15.0074 119.255 11.4347 9.52934 113.085 108.709
internal_count=3619 354 293 129 3265 424 2841 192 232 2811 162 90 2737 2678
is_linear=0
shrinkage=0.05


Tree=130
num_leaves=15
num_cat=0
split_feature=8 16 17 20 17 16 20 17 17 20 7 0 15 7
split_gain=2.8891 2.64285 2.22404 2.12874 2.79976 1.97555 4.13205 5.14308 3.87323 4.95458 3.26661 3.74528 3.10177 2.97909
threshold=0.26104632500000008 60.515788500000006 0.00018579475000000002 0.059892830000000001 0.0021042058000000003 59.994050000000009 0.07708854100000001 0.0033859059000000006 0.0031207643500000006 0.074158984000000011 0.95683309000000005 0.015057786500000002 0.018605054000000006 0.54558932000000004
decision_type=2 2 2 2 2 2 2 2 2 2 2 2 2 2
left_child=1 -1 -2 -4 -5 6 8 -8 9 10 11 -6 -13 -9
right_child=2 -3 3 4 5 -7 7 13 -10 -11 -12 12 -14 -15
leaf_value=0.032001966321760361 -0.038471164697606995 -0.039241873381209096 0.037142739205441679 -0.03647559520414452 -0.012669409317339651 0.008828328932924066 -0.054562837627104316 0.017108405932534227 0.03086770148873071 -0.055408152462906916 -0.012818638291192447 0.050324274138741847 0.0046030915312852746 -0.011303173900016231
leaf_weight=9.1622319469461182 3.1867234217934302 0.63339230557903725 2.4829021522309622 4.8088044170290223 6.7163599506020573 37.378111529629678 5.3120244070887557 9.840352601837365 11.788095004856585 2.7725494448095551 14.774098087102173 7.7343992590904218 6.8313232585787773 64.070676663890481
leaf_count=933 913 17 50 37 61 378 48 98 108 25 138 62 64 722
internal_value=-0.000937732 0.024187 -0.00245035 -0.00157713 -0.00234741 -0.00115496 -0.00407445 -0.0111495 0.00700054 -0.000838429 0.00473973 0.0169571 0.0305544 -0.00734263
internal_weight=187.492 9.79562 177.696 174.51 172.027 167.218 129.84 79.2231 50.6168 38.8287 36.0562 21.2821 14.5657 73.911
internal_count=3654 950 2704 1791 1741 1704 1326 868 458 350 325 187 126 820
is_linear=0
shrinkage=0.05


Tree=131
num_leaves=15
num_cat=0
split_feature=23 3 16 14 23 3 9 18 7 17 23 3 3 3
split_gain=2.28921 2.83985 2.25422 3.33773 2.60267 2.12733 2.46136 2.02147 2.00212 1.90791 1.88135 2.07059 3.54934 1.85632
threshold=0.11031790000000001 16.898298000000004 60.053948500000011 0.25735931000000006 -1.0720677499999998 15.762311500000001 10.416666500000002 0.00028335031500000002 0.61044363000000013 0.0056427298500000009 0.036231579000000007 14.676159000000002 16.143355500000002 27.293483500000004
decision_type=2 2 2 2 2 2 2 2 2 2 2 2 2 2
left_child=2 5 3 4 -1 6 -2 -4 -7 -10 11 -5 -13 -3
right_child=1 13 7 10 -6 8 -8 -9 9 -11 -12 12 -14 -15
leaf_value=-0.056275171691811565 0.010062368803272695 -0.0078008617916658432 0.035160226309630602 0.031734264656573606 -0.0059053680573128969 -0.025687803267157583 -0.043678539185981025 -0.0070166388261798706 0.009714225869828565 0.060708295406791825 0.039228841477707714 -0.033066940193841911 0.0060553762376461184 -0.045876406326695505
leaf_weight=2.7675045479554674 7.2754903662716988 79.282300602179021 9.4132480793632549 5.1435905755497506 8.9230901401024294 0.74794223019853046 1.87939033342991 3.5037218688521525 3.953426490072161 3.366496522910893 3.2146175601519635 5.6805937355384222 42.885985921137035 2.4002766523044547
leaf_count=23 627 1333 195 432 87 17 84 32 182 28 49 53 427 36
internal_value=-0.000481756 -0.00556987 0.00568324 0.00193233 -0.0213242 0.0123913 -0.00418484 0.0240376 0.0295881 0.0376447 0.00699418 0.00438313 0.000904629 -0.00946105
internal_weight=180.438 98.9053 81.5324 68.6154 11.6906 17.2227 9.15488 12.917 8.06787 7.31992 56.9248 53.7102 48.5666 81.6826
internal_count=3605 2307 1298 1071 110 938 711 227 227 210 961 912 480 1369
is_linear=0
shrinkage=0.05


Tree=132
num_leaves=15
num_cat=0
split_feature=0 9 13 9 11 3 14 12 23 19 11 22 0 12
split_gain=1.73479 3.89436 2.32981 2.84777 2.1367 2.02698 1.98342 2.31017 2.6884 3.31884 2.07047 2.02681 1.86427 2.22651
threshold=0.018355128000000002 4.2916666500000007 0.57017408500000011 3.2916666500000002 0.13607421500000003 22.846919000000003 0.3216338250000001 0.4908558950000001 -0.15944054999999999 0.21568935000000003 0.14218313500000002 0.91797351500000013 0.020471578000000004 0.34705977000000005
decision_type=2 2 2 2 2 2 2 2 2 2 2 2 2 2
left_child=2 -2 3 -1 5 12 7 8 9 -4 -11 -9 13 -3
right_child=1 4 6 -5 -6 -7 -8 11 -10 10 -12 -13 -14 -15
leaf_value=0.03482698240078979 -0.02480203067333437 -0.0063270473031074694 -0.015435762229018896 7.9030703857662672e-05 0.031234040596149811 -0.019651691359317193 -0.021825030818486087 -0.016046714977264617 -0.015921950359504843 0.035489430582405682 -0.011866038694661386 0.037733206039102567 -0.0094950605052351138 0.030770966607059792
leaf_weight=5.8024918141309163 7.0415068088332182 5.3098172909813099 8.457441620994361 44.301973823225126 10.94172831752803 5.3364930953830472 20.88021352130454 1.8792545488104213 34.112780880066566 8.312902490841223 2.5174704589880994 4.58784837462008 6.699318205472081 12.731401896686291
leaf_count=767 80 52 73 1025 139 45 349 20 599 90 31 78 83 154
internal_value=-0.000723441 0.00730776 -0.00370624 0.00470586 0.013279 0.00595223 -0.0089197 -0.00413406 -0.00765204 0.00703813 0.0244093 0.0220494 0.0120239 0.0200936
internal_weight=178.913 48.0603 130.852 50.1045 41.0188 30.077 80.7479 59.8677 53.4006 19.2878 10.8304 6.4671 24.7405 18.0412
internal_count=3585 553 3032 1792 473 334 1240 891 793 194 121 98 289 206
is_linear=0
shrinkage=0.05


Tree=133
num_leaves=15
num_cat=0
split_feature=15 23 12 20 21 21 1 17 20 20 10 20 20 0
split_gain=2.54018 2.50772 1.8086 1.78413 3.00387 2.17339 2.86218 2.28119 4.51895 3.9883 5.08563 3.56095 4.14372 2.29342
threshold=0.013606072000000002 1.90380185 0.19810471000000004 0.11605438500000002 0.67575216500000013 0.6625971650000001 0.98620624000000012 0.0057897354500000007 0.10086051500000003 0.10503381000000002 0.32165620500000008 0.093111191000000024 0.081653083000000015 0.019545432500000005
decision_type=2 2 2 2 2 2 2 2 2 2 2 2 2 2
left_child=2 3 -1 4 5 7 -7 8 11 -9 -11 12 13 -2
right_child=1 -3 -4 -5 -6 6 -8 9 -10 10 -12 -13 -14 -15
leaf_value=0.019326804673528344 0.00051963235950308248 -0.021832912808520896 -0.011191656324957026 -0.024844550718677569 0.031236322345639007 0.017374023400097208 -0.042706319262987444 0.043074571515732775 -0.052045654813621438 -0.045316597364527825 0.019738146907856299 0.03728682296104139 -0.040671069388378105 0.030537067777952259
leaf_weight=4.3905204726615912 47.139412368182093 7.9549047037726259 57.485679572913796 3.6301093718502662 10.419811651692724 2.4623994915746144 4.3043698091059923 9.2119917533127609 2.7283555977046481 3.2302624685689798 9.3675411525182408 6.3724710082169613 4.5756703333463511 6.3628630612511179
leaf_count=87 1195 597 845 106 138 35 34 150 24 54 80 133 90 72
internal_value=-0.00063014 0.00367585 -0.00875323 0.0057042 0.00697073 0.00403467 -0.0214213 0.0061869 0.00152449 0.0198517 0.000951253 0.0045528 0.000390782 0.0045843
internal_weight=179.636 117.76 61.8762 109.805 106.175 95.7553 6.76677 88.9886 67.1788 21.8098 12.5978 64.4504 58.0779 53.5023
internal_count=3640 2708 932 2111 2005 1867 69 1798 1514 284 134 1490 1357 1267
is_linear=0
shrinkage=0.05


Tree=134
num_leaves=15
num_cat=0
split_feature=7 20 3 14 8 3 11 16 21 3 8 18 15 10
split_gain=3.10429 2.49573 2.17011 1.62525 1.80258 2.34915 2.18952 2.15081 2.66842 2.3121 2.10214 2.61564 2.04283 2.00861
threshold=0.51498846000000009 0.11605438500000002 24.500218500000003 0.14051282000000004 0.43866070000000007 14.860523000000002 0.13772408000000003 25.053376000000004 0.63021193000000009 22.074973500000002 0.29136411000000001 0.00017353256000000002 0.014599318000000002 0.31506477500000007
decision_type=2 2 2 2 2 2 2 2 2 2 2 2 2 2
left_child=2 3 -1 -2 5 -5 7 12 -9 13 -8 -12 -7 -10
right_child=1 -3 -4 4 -6 6 10 8 9 -11 11 -13 -14 -15
leaf_value=0.028850566969541469 -0.028939139287795401 -0.032211326461668646 -0.020250723453330503 0.03339039329780745 -0.0037647712327244804 -0.051013744759552664 -0.021642557959802335 0.013072891859847597 -0.046924504597930738 0.020016295956653024 0.048373122731542657 -0.0016454067891157314 -0.0015239154876070201 -0.0034252041004830917
leaf_weight=13.046962025109677 3.7820252487435928 5.3413135358132413 1.9422936406917859 6.5240461854264131 92.887166116968729 2.892304870998486 1.628193249576724 24.293271361268125 4.4268689369782788 2.9594345027580848 6.1067321998998505 4.0330150425434113 4.6287621202645823 5.5284629371017218
leaf_count=196 41 156 21 948 1376 40 21 470 46 33 94 41 64 48
internal_value=0.000580957 -0.0014486 0.0216195 -0.0002256 0.000650928 0.0071164 0.00355442 -0.00162356 0.00347819 -0.0142123 0.0218213 0.0301168 -0.024309 -0.0252858
internal_weight=180.021 165.032 14.9893 159.69 155.908 63.0211 56.497 44.7291 37.208 12.9148 11.7679 10.1397 7.52107 9.95533
internal_count=3595 3378 217 3222 3181 1805 857 701 597 127 156 135 104 94
is_linear=0
shrinkage=0.05


Tree=135
num_leaves=15
num_cat=0
split_feature=20 20 20 16 20 10 10 22 8 0 13 0 3 16
split_gain=3.23307 4.50114 4.60345 12.2326 5.64715 3.41931 4.54947 2.86766 3.91425 3.58049 2.63468 2.56416 2.31771 2.17551
threshold=0.10322841500000002 0.093111191000000024 0.07849097250000002 59.399861000000008 0.082444111500000014 0.33310076500000002 0.38308311500000009 0.97758068000000009 0.49728760000000011 0.014945580000000002 0.80213852500000005 0.021248284500000002 20.003407000000003 25.000238000000003
decision_type=2 2 2 2 2 2 2 2 2 2 2 2 2 2
left_child=1 2 11 -4 -5 10 -7 8 9 -3 -2 13 -8 -1
right_child=5 7 3 4 -6 6 12 -9 -10 -11 -12 -13 -14 -15
leaf_value=-0.013018592085855965 -0.036305517348470089 0.032480116585650358 -0.058987630133618719 0.045053880299358501 -0.027432492246610693 0.027400398515976906 0.002091969656799969 0.030725658352880048 0.038031108268328492 -0.040090043753810568 0.01962807155353824 0.038471660870793123 -0.027440275782996761 0.0072170280043553072
leaf_weight=16.348701348761097 13.420806167880071 1.4835592366289363 9.582495810696857 5.907117421505971 3.5476087217684835 9.194517163326962 13.781762624159457 21.853279535542242 3.1479584481567144 5.3067878000438213 1.8157850049901743 4.3436376389581701 11.596283535705878 55.944891204009764
leaf_count=323 233 85 134 63 64 104 147 272 47 52 20 58 136 1886
internal_value=0.000768391 0.004987 -0.000487205 -0.0218491 0.0178331 -0.00991308 -0.00099483 0.0209737 -0.00131845 -0.0221008 -0.0288414 0.00503233 -0.0119312 0.00252569
internal_weight=177.275 127.466 95.6745 19.0372 9.45473 49.8092 34.5726 31.7916 9.93831 6.79035 15.2366 76.6372 25.378 72.2936
internal_count=3624 2984 2528 261 127 640 387 456 184 137 253 2267 283 2209
is_linear=0
shrinkage=0.05


Tree=136
num_leaves=15
num_cat=0
split_feature=1 12 21 8 0 20 17 20 0 17 14 3 12 12
split_gain=2.4004 3.25546 2.79635 2.9979 3.15981 3.10792 4.14042 2.41747 2.42616 2.54615 2.29346 2.14951 2.1287 1.98241
threshold=0.99439591500000013 0.31471300500000005 0.57973088500000014 1.1979961000000001 0.014325836500000003 0.10161847000000002 0.0058598260000000011 0.10322841500000002 0.019170719000000006 0.0068466236000000007 0.21580042000000002 22.880871000000003 2.2121117500000005 2.6678022000000001
decision_type=2 2 2 2 2 2 2 2 2 2 2 2 2 2
left_child=1 -1 -2 5 -5 10 -7 -8 9 -9 -4 12 -3 -14
right_child=2 11 3 4 -6 6 7 8 -10 -11 -12 -13 13 -15
leaf_value=-0.022360432872646604 -0.01595201515537821 0.017308943341736157 -0.021051442868527913 0.024889770156839471 -0.031800962676781827 -0.043928805648224573 0.038994853841600695 -0.02985191903467347 0.025578467003614571 0.0081983796096374937 0.025897827534415219 -0.011014749913946067 -0.018191859611366667 0.031987396263127681
leaf_weight=7.8143565205391488 36.430625597131439 51.902948930161074 2.2141610644757774 2.3623065538704386 9.9462274152319861 4.3632357027381685 3.2301244214177158 8.146421832963826 4.8249264345504335 7.8116259393282226 19.751456332392991 9.7927814015420136 7.9624268548795936 1.5577833438292144
leaf_count=144 815 1623 18 23 97 27 29 95 53 93 220 128 224 22
internal_value=2.39553e-05 0.00647874 -0.00513788 0.00130226 -0.019868 0.00676451 -0.00416839 0.00452357 -0.00237821 -0.0118408 0.0204547 0.009909 0.0133679 -0.00772098
internal_weight=178.111 79.0303 99.0811 62.6505 12.3085 50.342 28.3763 24.0131 20.783 15.958 21.9656 71.2159 61.4232 9.52021
internal_count=3611 2141 1470 655 120 535 297 270 241 188 238 1997 1869 246
is_linear=0
shrinkage=0.05


Tree=137
num_leaves=15
num_cat=0
split_feature=0 16 9 21 17 18 0 7 1 3 3 8 7 0
split_gain=2.31933 1.96143 1.84981 3.1235 4.56782 3.17056 2.13234 2.09297 1.80689 1.75449 2.42746 3.77139 2.20865 2.06083
threshold=0.011635519000000002 60.473228500000012 4.2916666500000007 0.64906421500000011 0.0026840837000000005 6.9811335500000014e-05 0.018355128000000002 0.97402866500000007 0.99103121000000016 20.663262500000005 15.385447500000003 0.43866070000000007 0.94747722500000009 0.014325836500000003
decision_type=2 2 2 2 2 2 2 2 2 2 2 2 2 2
left_child=1 -1 3 4 5 -2 9 8 -8 10 11 -4 -12 -11
right_child=2 -3 6 -5 -6 -7 7 -9 -10 13 12 -13 -14 -15
leaf_value=0.03731827989396299 -0.026079559549904548 -0.024286209282146417 0.020403934179744516 0.019045764691301967 -0.040155295195728323 0.039983126109376904 0.018550572577691531 0.038402424419737922 -0.0033433978013146654 -0.032564134469676854 0.015003209398535576 -0.041041739692747624 -0.0036038714176372059 -0.0051045581436638442
leaf_weight=5.5610721155535421 2.3196709725307363 0.87598343763966102 3.0177576116984692 4.5831607249565414 12.236444030422716 3.1597427604719996 14.530221892404368 4.5593610958894706 23.342382548144087 8.4538379411678743 27.62127219082322 6.4266110360622406 35.334961092332378 26.472156095784158
leaf_count=1002 110 24 91 56 104 40 169 63 260 122 445 143 618 351
internal_value=-0.000548167 0.0267965 -0.00172012 -0.0148261 -0.0241383 0.0123073 0.000316754 0.00967493 0.00531758 -0.00343819 0.00103053 -0.0213343 0.0046667 -0.0124726
internal_weight=178.495 6.43706 172.058 22.299 17.7159 5.47941 149.759 42.432 37.8726 107.327 72.4006 9.44437 62.9562 34.926
internal_count=3598 1026 2572 310 254 150 2262 492 429 1770 1297 234 1063 473
is_linear=0
shrinkage=0.05


Tree=138
num_leaves=15
num_cat=0
split_feature=14 13 23 22 23 13 7 13 13 22 18 18 13 11
split_gain=1.80313 2.22472 2.80092 2.39003 2.40777 2.30059 3.43619 3.42247 3.28549 3.19244 3.07639 2.74875 2.29088 2.66344
threshold=0.14051282000000004 0.6910889600000002 1.90380185 1.1779279 1.4867400500000003 0.60180785500000011 0.98362901000000014 0.61762268000000009 0.62911270500000016 0.99376083000000015 0.00024415867500000003 4.0326315500000006e-05 0.074650563000000017 0.15053670500000002
decision_type=2 2 2 2 2 2 2 2 2 2 2 2 2 2
left_child=-1 2 3 5 -5 6 10 -7 9 -9 -2 -10 -6 -14
right_child=1 -3 -4 4 12 7 -8 8 11 -11 -12 -13 13 -15
leaf_value=-0.031404540688678366 0.0035087875450664609 0.013244451755852055 -0.02822786216552646 0.030702629401197092 0.032910511043994138 -0.03409351981037665 0.037234866227132367 0.048372818037017852 -0.050036875374905677 -0.0070838731584193862 -0.022482364570363289 -0.0061959908330494499 -0.037696979925670671 0.027279989304350685
leaf_weight=4.0980731719173482 57.560464401263744 22.123508071294054 9.5746431674342585 9.6947210319340247 1.8553346619009961 12.218995867995543 5.2007687577279276 4.0982679366134089 3.2237126659601953 4.8364690719172359 13.137984282802789 26.096574158640578 4.4621008671820164 1.3932030729483811
leaf_count=46 638 314 788 159 42 117 842 33 38 50 155 243 137 36
internal_value=-0.00208651 -0.00122774 -0.00338785 -0.00155014 0.0153058 -0.00397364 0.00154105 -0.0121351 -0.0044315 0.0206621 -0.00156739 -0.0125075 -0.00535525 -0.0205123
internal_weight=179.575 175.477 153.353 143.779 17.4054 126.373 75.8992 50.474 38.255 8.93474 70.6984 29.3203 7.71064 5.8553
internal_count=3638 3592 3278 2490 374 2116 1635 481 364 83 793 281 215 173
is_linear=0
shrinkage=0.05


Tree=139
num_leaves=15
num_cat=0
split_feature=20 17 17 20 17 13 20 3 11 17 20 17 20 18
split_gain=2.97463 4.2515 4.16467 5.7126 4.46637 3.73489 3.44776 3.0774 2.42183 3.01489 3.71158 2.75586 5.09387 3.01931
threshold=0.10503381000000002 0.0061889249000000009 0.0058598260000000011 0.10086051500000003 0.0048566131500000003 0.64679805000000012 0.081653083000000015 19.672990500000001 0.12183086500000002 0.0035504669000000007 0.078237381500000022 0.0031207643500000006 0.074158984000000011 0.00011411063500000001
decision_type=2 2 2 2 2 2 2 2 2 2 2 2 2 2
left_child=2 -2 3 4 6 -6 8 -4 -1 10 11 12 13 -10
right_child=1 -3 7 -5 5 -7 -8 -9 9 -11 -12 -13 -14 -15
leaf_value=-0.010861900861809912 -0.054567973326274902 -0.0071371594183093096 0.040355564507075864 -0.033491079552703043 0.04328148668825145 -0.017959726803028913 -0.032942995943230823 0.0026336923695371231 -0.004438295574593634 0.041189906757410188 -0.034872832595827873 0.028503539090867353 -0.050041588483158039 0.024706459130991662
leaf_weight=29.067240668693557 4.608981634490191 32.882724054041319 9.8864216052461433 12.020658721914513 9.2187436559470353 2.6706208719406268 7.3029187354259184 11.039407331496475 22.48155272193253 4.6815922802779815 4.8669975132215759 10.647617572918533 3.4061472541652611 13.436250142636707
leaf_count=602 53 460 174 89 192 27 161 93 1342 58 46 157 34 140
internal_value=-0.00191557 -0.0142342 0.00144357 -0.00220565 0.00155941 0.0291992 -0.00213362 0.0214831 0.000745599 0.00650004 0.00285393 0.00714042 0.00079258 0.00683818
internal_weight=178.218 37.4917 140.726 119.8 107.78 11.8894 95.8903 20.9258 88.5874 59.5202 54.8386 49.9716 39.324 35.9178
internal_count=3628 513 3115 2848 2759 219 2540 267 2379 1777 1719 1673 1516 1482
is_linear=0
shrinkage=0.05


Tree=140
num_leaves=15
num_cat=0
split_feature=15 20 7 20 10 10 17 20 22 1 16 12 18 21
split_gain=2.37445 2.55526 2.05543 2.06014 1.97847 4.5318 2.94635 4.45485 2.89486 2.6129 2.09403 2.20231 2.01617 1.89447
threshold=0.013606072000000002 0.10322841500000002 0.97178451500000007 0.10607253000000001 0.42646494500000004 0.46266937000000002 0.0069129126000000004 0.076616847000000016 1.0633104000000002 0.98467410000000011 29.968304000000003 2.1011896500000007 8.7984149000000004e-05 0.58803912500000011
decision_type=2 2 2 2 2 2 2 2 2 2 2 2 2 2
left_child=1 -1 3 -3 8 10 7 12 13 -9 -6 -12 -7 -2
right_child=4 2 -4 -5 5 6 -8 9 -10 -11 11 -13 -14 -15
leaf_value=-0.0010162468482297962 0.029146574562557176 0.012299791523754985 -0.051195665029731142 -0.026099535853389224 -0.056270829865828792 -0.0093871019113452286 0.03867509564582617 0.017909831529401225 -0.0029402723000750996 -0.029359559865687751 -0.024609039389237534 0.028975621324000469 0.042257631574799351 0.0083341794004475767
leaf_weight=43.769797245622613 18.041285181068815 4.8695464581251171 3.9656234304420641 8.1981917545199376 3.6188606687355778 2.2600101073039758 4.815504706464707 3.1588950399309388 29.834947159164585 10.572398133575915 6.7691060877405089 1.6295982646988703 5.2489585113944486 28.522630448569544
leaf_count=732 694 34 42 116 57 108 63 35 957 114 103 35 61 455
internal_value=0.000345953 -0.00756579 -0.0234062 -0.0119333 0.00457749 -0.00465277 0.00713726 -0.00143035 0.00917807 -0.0180076 -0.0287998 -0.0122353 0.0274374 0.0168412
internal_weight=175.275 60.8032 17.0334 13.0677 114.472 38.0733 26.0558 21.2403 76.3989 13.7313 12.0176 8.3987 7.50897 46.5639
internal_count=3606 924 192 150 2682 576 381 318 2106 149 195 138 169 1149
is_linear=0
shrinkage=0.05


Tree=141
num_leaves=15
num_cat=0
split_feature=14 20 20 10 20 16 1 20 11 15 16 21 16 16
split_gain=2.51563 2.13737 6.19612 5.72347 4.61493 3.78014 3.03113 3.04773 2.56689 2.51316 2.32933 2.26502 2.23837 2.19019
threshold=0.14051282000000004 0.093111191000000024 0.10086051500000003 0.33310076500000002 0.080923837500000012 59.580892000000013 0.99259218500000013 0.11073135500000002 0.12406693000000001 0.025105042000000004 25.096580000000003 0.58803912500000011 60.053948500000011 30.015091500000004
decision_type=2 2 2 2 2 2 2 2 2 2 2 2 2 2
left_child=-1 4 -3 5 8 9 7 -5 10 -4 -2 -12 -7 -8
right_child=1 2 3 6 -6 12 13 -9 -10 -11 11 -13 -14 -15
leaf_value=-0.03440744801911471 -0.02911280539021668 0.037361362071979903 -0.016175960109889202 0.03750504485880711 -0.040395582608948481 -0.071460473261257942 -0.035627801043879616 -0.00066011318937505116 0.0063615879226498863 0.027560943137389667 0.0076313654622142029 -0.02565062380023609 -0.012927848144132817 0.0046516976547175031
leaf_weight=4.1218524302821598 10.868166003492659 12.981613744515924 11.125042306492107 13.59047583374195 6.9718985799700013 3.4928317103767759 2.9818454640917507 8.1013768261764181 51.764060884830542 3.5239866244373834 17.167376039433297 6.1192545965313903 3.4122654119273648 21.198694811668247
leaf_count=46 163 246 131 110 160 47 37 111 1642 119 501 40 63 230
internal_value=0.000130841 0.00114501 0.00706843 0.00077537 -0.00400309 -0.019932 0.0107229 0.0238503 -0.000619242 -0.00456571 -0.0110792 -0.00181052 -0.04783 -0.00153304
internal_weight=177.421 173.299 80.4081 67.4265 92.8908 21.5541 45.8724 21.6919 85.9189 14.649 34.1548 23.2866 6.9051 24.1805
internal_count=3646 3600 1094 848 2506 360 488 221 2346 250 704 541 110 267
is_linear=0
shrinkage=0.05


Tree=142
num_leaves=15
num_cat=0
split_feature=8 18 8 20 9 20 21 20 16 16 19 20 18 16
split_gain=2.05153 2.71948 2.47083 1.85928 3.69088 3.67653 2.93406 3.33274 6.25826 4.89981 2.87362 2.65438 2.60905 2.60296
threshold=1.3169471000000001 0.00016488591500000003 1.3696459000000003 0.10322841500000002 5.1250000000000009 0.090281126000000003 0.57491414500000015 0.10008288500000002 59.399861000000008 59.994050000000009 0.22878586500000003 0.082444111500000014 0.00039433847000000006 29.956546500000005
decision_type=2 2 2 2 2 2 2 2 2 2 2 2 2 2
left_child=3 2 -2 5 -5 11 -7 -8 13 -10 -6 -1 -12 -9
right_child=1 -3 -4 4 10 6 7 8 9 -11 12 -13 -14 -15
leaf_value=-0.0023294479411846997 0.031929916445526049 0.03673333933641558 -0.015205942001431397 -0.041998692011187909 -0.0151685511515329 -0.034227649275933518 0.043270032629976661 -0.012012649404921628 -0.056181474005547044 0.021013682986587758 0.00061393906751907776 -0.042265841455855532 0.048056354091777276 0.042453890309203157
leaf_weight=80.64454355451744 2.9726060873363194 7.1134543421212575 8.2689249011455086 6.9899124776711679 22.951558454893529 1.7832264933967987 9.2297591499518621 2.3947769573424038 4.2930599355604491 2.6759707896271721 11.639235124923287 3.3975565433502188 2.8704432956874362 8.1263478287728486
leaf_count=2221 39 67 148 162 257 38 184 28 41 30 137 90 25 115
internal_value=-0.000699244 0.0146699 -0.00115163 -0.00257759 -0.0111134 0.00086193 0.0160634 0.0205334 0.00684378 -0.0276227 -0.00440837 -0.00442196 0.0124928 0.0300898
internal_weight=175.351 18.355 11.2415 156.996 44.4511 112.545 28.5031 26.7199 17.4902 6.96903 37.4612 84.0421 14.5097 10.5211
internal_count=3582 254 187 3328 581 2747 436 398 214 71 419 2311 162 143
is_linear=0
shrinkage=0.05


Tree=143
num_leaves=15
num_cat=0
split_feature=22 19 19 1 13 8 0 11 12 3 3 22 17 9
split_gain=2.26335 2.42523 2.46116 1.84367 3.20817 2.57726 2.31547 1.94141 2.30564 1.86815 2.98983 1.77253 2.25268 1.70889
threshold=0.93580581500000015 0.21568935000000003 0.19803903000000003 0.97837774500000008 0.62911270500000016 0.47552372000000004 0.020160797500000004 0.15841659000000002 0.22310569000000005 15.385447500000003 16.898298000000004 0.75672024000000004 0.0034414582000000006 15.583333500000002
decision_type=2 2 2 2 2 2 2 2 2 2 2 2 2 2
left_child=1 2 -1 4 5 -2 7 8 -5 -10 -11 12 -3 -12
right_child=3 11 -4 6 -6 -7 -8 -9 9 10 13 -13 -14 -15
leaf_value=0.018756271354157365 0.017860484410855269 0.03025816507590752 -0.017773141700429415 0.025584923023993424 0.039350928651157135 -0.025686212966282651 0.014460805721662412 -0.030093657304829848 -0.030337607810184297 0.019064854503209432 -0.010796334777779113 0.026215330869033483 -0.022377179073961882 0.01564595309332522
leaf_weight=6.3844475395744693 5.9403510108822974 2.2612062934786108 11.372376563842407 4.6555048062000415 5.7131489628227419 5.6833264282904565 12.37863477738574 7.8945596325211218 7.1367130574071771 10.225382831995374 70.31069988978561 20.124631359940395 4.4158032233826816 5.8079824269516385
leaf_count=75 710 41 134 64 102 94 152 144 234 268 1118 390 31 88
internal_value=0.000224041 0.00987491 -0.00433929 -0.00299288 0.0118045 -0.00377951 -0.00524015 -0.00765377 -0.00556324 -0.00736885 -0.00514479 0.0191096 -0.00293243 -0.00860202
internal_weight=180.305 44.5585 17.7568 135.746 17.3368 11.6237 118.409 106.031 98.1363 93.4808 86.3441 26.8016 6.67701 76.1187
internal_count=3645 671 209 2974 906 804 2068 1916 1772 1708 1474 462 72 1206
is_linear=0
shrinkage=0.05


Tree=144
num_leaves=15
num_cat=0
split_feature=9 9 20 20 16 9 17 12 20 21 13 1 20 17
split_gain=1.84891 1.86917 2.49737 1.7302 5.21205 3.52352 3.02134 2.30066 2.0832 1.9134 1.72184 1.50635 1.46226 2.15079
threshold=21.250000000000004 15.583333500000002 0.071614835500000015 0.065730215500000008 25.253168500000005 10.166666500000002 0.0020530295500000005 2.0418373500000002 0.061731599500000005 0.45959323000000002 0.59935697500000007 0.52222222000000007 0.11775318000000001 0.0074444475000000005
decision_type=2 2 2 2 2 2 2 2 2 2 2 2 2 2
left_child=1 3 -3 5 -5 6 8 -8 9 11 -7 -1 13 -6
right_child=-2 2 -4 4 12 10 7 -9 -10 -11 -12 -13 -14 -15
leaf_value=0.023328878452909919 -0.035531092219309668 -0.020509581508714823 0.03446781300985452 -0.046175104357473823 -0.0018070629467261065 0.0082075265556358547 0.034982805811955807 -0.011871880368353955 -0.052123114413810984 0.035330498104957274 -0.041279845848437496 -0.034347563815106091 -0.034712970068560355 0.026664547436706227
leaf_weight=0.87141551030800402 2.6537921327399081 2.0344905247911793 7.0321219274774194 5.7536158098373553 117.18951363884844 2.4403624893166116 15.541768391616644 2.6037219491554415 1.141564682126045 2.011469992576167 3.4424090851098299 2.3600854828255251 2.149799599312245 6.0275180268799877
leaf_count=453 30 64 86 110 1447 156 196 31 5 62 101 675 133 68
internal_value=-0.00033755 0.000413776 0.0213193 -0.000883571 -0.00338614 0.00967021 0.0179754 0.0279906 -0.0104246 0.00554928 -0.0225411 -0.0169568 -0.00107251 -0.000210843
internal_weight=173.254 170.6 9.06661 161.533 131.12 30.4128 24.53 18.1455 6.38454 5.24297 5.88277 3.2315 125.367 123.217
internal_count=3617 3587 150 3437 1758 1679 1422 227 1195 1190 257 1128 1648 1515
is_linear=0
shrinkage=0.05


Tree=145
num_leaves=15
num_cat=0
split_feature=22 21 16 21 11 23 11 23 3 22 8 11 0 7
split_gain=1.50808 1.82991 2.62907 3.53258 2.17471 1.53846 2.36778 1.88576 2.73804 2.37362 2.44244 2.37599 2.66539 2.93785
threshold=1.4591642000000002 0.53510995500000014 25.008053500000006 0.57732082500000015 0.12343429500000001 -0.8366108149999999 0.11726674000000002 0.81407638500000012 23.028129500000002 1.0649500500000002 0.48451248000000008 0.11413622500000002 0.013897828500000002 0.92644990000000005
decision_type=2 2 2 2 2 2 2 2 2 2 2 2 2 2
left_child=1 4 3 -3 -1 6 -4 9 -9 11 -11 -7 -13 -14
right_child=-2 2 5 -5 -6 7 -8 8 -10 10 -12 12 13 -15
leaf_value=-0.0048580017621536751 -0.035311721777111636 -0.049726513455159937 -0.015905848427649701 0.0075844407515591079 0.025193616658120113 0.01816699424701949 0.020967547427637859 0.011491151545821482 -0.022315347739455177 -0.0045137399014959865 -0.048179199164889046 0.018013247716624135 -0.031027399624969445 -0.0037534861437893783
leaf_weight=10.037684949231336 2.1319258828880256 5.4306966743897629 5.0590834412723806 4.2205269749974832 13.071923848125151 9.8221981532406044 15.752318295068106 34.239359736558981 6.2583108032122245 6.6499930912395921 5.6185340089723468 7.8074928167043245 13.289303033612667 33.049106726422906
leaf_count=182 804 74 46 42 742 98 252 446 91 77 61 233 128 345
internal_value=-0.000930211 -0.000296198 -0.0023728 -0.0263051 0.0124806 -0.000515793 0.0116856 -0.00277184 0.00585501 -0.00737099 -0.0266349 -0.00332324 -0.00748036 -0.0120655
internal_weight=172.438 170.307 147.197 9.65122 23.1096 137.546 20.8114 116.734 40.4977 76.2366 12.2685 63.9681 54.1459 46.3384
internal_count=3621 2817 1893 116 924 1777 298 1479 537 942 138 804 706 473
is_linear=0
shrinkage=0.05


Tree=146
num_leaves=15
num_cat=0
split_feature=20 17 20 21 16 17 16 20 17 17 21 14 13 14
split_gain=1.95391 2.08127 6.67257 2.38457 2.50564 1.98218 6.09558 5.94036 4.79069 4.91768 3.67538 3.50081 3.33894 2.27594
threshold=0.11536729500000002 0.0068466236000000007 0.10869161000000001 0.63390261500000011 59.506820000000012 0.0057897354500000007 59.399861000000008 0.10060217 0.0045417656500000006 0.0036929515500000007 0.69413460500000013 0.32824160500000005 0.63318157500000016 0.91751701000000019
decision_type=2 2 2 2 2 2 2 2 2 2 2 2 2 2
left_child=1 2 5 -3 -5 7 10 8 9 -1 -7 -8 -10 -13
right_child=-2 3 -4 4 -6 6 11 -9 12 -11 -12 13 -14 -15
leaf_value=-0.00050949627984327422 -0.027225148532958338 -0.016584316428092227 -0.046065448054818173 -0.011994883023942533 0.037763656529862799 0.037357755198117688 0.015050869302711321 -0.044334650283012894 0.043492991710168682 -0.041338400891174631 -0.023280330441612349 -0.050122104297011354 -0.014483813266277446 0.002276385827238213
leaf_weight=86.060487105860375 6.3948366276454172 3.6103965346701434 7.4125016508623949 2.8272713292390099 9.2257403810508531 15.826284804381435 5.6256558261811724 7.2165969165507695 8.5222196080721897 7.0690389190567648 2.2394205789314574 5.2776850113878009 2.8017280127387485 2.9684829559409991
leaf_count=2340 184 46 117 43 88 190 40 56 185 144 29 48 34 30
internal_value=-0.00207313 -0.000951565 -0.00278486 0.0158307 0.0260671 -0.00024777 0.0105437 -0.0034003 -0.00017858 -0.00401487 0.0290143 -0.0138446 0.0291373 -0.0330534
internal_weight=173.078 166.684 151.02 15.6634 12.053 143.608 31.9375 111.67 104.453 93.1295 18.0657 13.8718 11.3239 8.24617
internal_count=3574 3390 3213 177 131 3096 337 2759 2703 2484 219 118 219 78
is_linear=0
shrinkage=0.05


Tree=147
num_leaves=15
num_cat=0
split_feature=0 0 18 19 20 21 9 20 9 0 17 17 0 7
split_gain=1.96035 3.81601 2.18842 2.25381 2.06054 3.24344 2.04479 2.83525 3.6892 3.81909 3.91852 2.75316 4.03463 2.77123
threshold=0.019468581000000002 0.019170719000000006 0.00024786282000000009 0.24930939000000005 0.10607253000000001 0.67256394000000008 12.416666500000002 0.065730215500000008 10.166666500000002 0.013262576500000003 0.0020530295500000005 0.0035504669000000007 0.013770264000000003 0.51837760500000007
decision_type=2 2 2 2 2 2 2 2 2 2 2 2 2 2
left_child=1 4 3 -2 5 6 7 8 9 -1 -11 13 -13 -9
right_child=2 -3 -4 -5 -6 -7 -8 11 -10 10 -12 12 -14 -15
leaf_value=-0.020940140344926351 0.028089830196322736 -0.037443477991462686 -0.011567092495302921 -0.013122597931286048 -0.013716273252697045 0.03216934530208556 0.015339222353678954 0.017976960553996904 -0.032154683926914195 -0.013924556201107788 0.042448711044944853 0.033019246067931524 -0.0071229715685003281 -0.023651081794313411
leaf_weight=3.8622772884555223 15.944160263519739 6.3875492101069531 6.5136688142083576 3.4926748288562512 23.569652768434025 7.3879740713164201 16.942310616490431 3.8642912395298472 3.1480058288434511 3.4487417108612162 12.642551764845846 6.9738432614831245 28.146114668808877 29.09440940245986
leaf_count=770 180 65 68 73 379 108 337 34 124 430 115 218 289 390
internal_value=-0.000145812 -0.00242533 0.0122481 0.0204045 -0.000561227 0.00221772 -0.000104913 -0.00310988 0.0116991 0.0198222 0.0302588 -0.00823173 0.00154162 -0.0183847
internal_weight=171.418 145.468 25.9505 19.4368 139.08 115.511 108.123 91.1802 23.1016 19.9536 16.0913 68.0787 35.12 32.9587
internal_count=3580 3259 321 253 3194 2815 2707 2370 1439 1315 545 931 507 424
is_linear=0
shrinkage=0.05


Tree=148
num_leaves=15
num_cat=0
split_feature=16 23 14 3 21 0 18 16 18 17 23 17 17 3
split_gain=2.9705 2.00853 3.59021 2.93357 1.78046 1.67941 1.59699 1.48836 1.68253 1.43953 2.62148 2.69544 2.0484 2.03056
threshold=24.997888500000006 -0.71420182999999993 0.25735931000000006 20.999295500000002 0.54395537500000013 0.016597254000000002 0.00017709216000000004 24.879500000000004 8.9460718000000018e-05 0.0030475874500000004 0.9750253550000002 0.0035871455500000003 0.0048566131500000003 23.833899000000002
decision_type=2 2 2 2 2 2 2 2 2 2 2 2 2 2
left_child=4 2 6 -4 7 -6 -2 -1 -9 -3 -11 -12 -13 -14
right_child=1 9 3 -5 5 -7 -8 8 -10 10 11 12 13 -15
leaf_value=0.028710102717518556 -0.042725246060302369 -0.011838470609545492 0.031821166703596984 -0.0055791552884775428 -0.0051468193534019982 -0.053268512482706504 0.005152130461961545 0.014171160865374531 -0.031529014738510074 -0.0044873354353523387 0.039307615532155678 -0.026745578709990444 0.017234107146593947 -0.028080988097048832
leaf_weight=1.6099482516292498 2.7572252363897887 29.109372055740096 16.260064191301357 7.1491853594779959 2.9939772406360126 4.7285277210175991 2.889630566816777 2.5084486448904499 4.291894763126038 70.721446953481063 6.4431683656293925 3.4186545021366355 16.124031346407723 1.9673265856690694
leaf_count=24 26 1515 381 72 50 41 26 137 55 877 73 84 227 29
internal_value=-0.00170558 0.000450962 0.0120868 0.0206385 -0.0214737 -0.0373409 -0.0211361 -0.00448419 -0.0150159 -0.00226815 0.000645575 0.0133383 0.0041587 0.0110936
internal_weight=172.973 156.84 29.0561 23.4092 16.1328 7.7225 5.64686 8.41029 6.80034 127.784 98.6746 27.9532 21.51 18.0914
internal_count=3617 3310 505 453 307 91 52 216 192 2805 1290 413 340 256
is_linear=0
shrinkage=0.05


Tree=149
num_leaves=15
num_cat=0
split_feature=22 23 20 7 17 20 12 20 17 12 17 20 22 13
split_gain=1.55743 1.69967 3.07284 3.30365 2.64106 2.38382 2.32448 1.79702 2.21674 1.7566 1.64831 3.03503 2.293 3.17726
threshold=1.3911645500000003 0.9750253550000002 0.11237974500000002 0.95811794500000014 0.007051918600000001 0.11103884500000001 0.4908558950000001 0.060207501500000003 0.0021042058000000003 0.35523030000000005 0.0066714933500000009 0.10687178000000001 0.92368301500000005 0.59862781500000006
decision_type=2 2 2 2 2 2 2 2 2 2 2 2 2 2
left_child=1 4 3 -3 5 7 9 -1 -9 -6 11 12 13 -10
right_child=-2 2 -4 -5 6 -7 -8 8 10 -11 -12 -13 -14 -15
leaf_value=0.027232989320655085 -0.030973129722093314 0.026159827055323416 -0.026807169299583079 -0.004612395211027652 0.021251187874175445 -0.037186905861903215 0.041081692584595632 -0.040171262842199233 0.027310838126049522 -0.019196850077372939 0.025193014831403005 -0.044831500760819133 -0.0070895862261731836 -0.0059754543376062536
leaf_weight=3.7390603329986325 2.9552360823145127 21.967512361705303 4.1834800011711186 13.638161001610568 4.3382499098079261 4.3482846375554791 5.2353318035602561 3.1374229681678107 12.523705088184217 4.4012514911592007 4.0286887825932345 3.3915908578783265 69.50260800588876 14.6407091289293
leaf_count=512 834 286 106 306 50 69 96 29 219 59 35 44 855 128
internal_value=4.38431e-05 0.000764906 0.00966813 0.014569 -0.00202831 -0.00455823 0.0177575 -0.00295892 -0.00425365 0.00100181 -0.00279905 -0.00416424 -0.002293 0.00979546
internal_weight=172.031 169.076 39.7892 35.6057 129.287 115.312 13.9748 110.964 107.225 8.7395 104.087 100.059 96.667 27.1644
internal_count=3628 2794 698 592 2096 1891 205 1822 1310 109 1281 1246 1202 347
is_linear=0
shrinkage=0.05


Tree=150
num_leaves=15
num_cat=0
split_feature=20 22 1 13 22 19 12 0 20 0 15 14 10 15
split_gain=2.16365 1.84355 2.19077 1.87521 2.9826 4.14908 2.19794 2.40166 2.21937 2.12093 5.28181 2.10417 2.05655 2.59494
threshold=0.11702090500000002 0.78283861500000007 0.98496155500000004 0.6910889600000002 1.1169874500000003 0.20448267000000001 0.37642211500000006 0.015871640500000003 0.094391638500000014 0.018355128000000002 0.027460098000000006 0.21580042000000002 0.52758107500000007 0.03871128850000001
decision_type=2 2 2 2 2 2 2 2 2 2 2 2 2 2
left_child=1 2 -1 6 -5 -6 7 8 -3 12 -11 -7 13 -8
right_child=-2 3 -4 4 5 11 9 -9 -10 10 -12 -13 -14 -15
leaf_value=-0.04997912191916587 -0.039013764901292949 -0.011569671764668615 -0.0047055845814501836 0.026017269696261947 0.035503314468759491 -0.054525250891470062 -0.0029866763053115865 -0.021695791416487101 0.029191378844184126 0.030605565427298628 -0.013410363312824495 0.012991477287295794 -0.023016284396068218 0.023877207528731889
leaf_weight=2.9299735104432321 2.754000616958364 7.1492416711989772 9.1182589605450612 14.941654708469288 2.0611637867987147 3.2505549172637984 57.68271146400366 21.911517590866424 4.7090883597265929 16.851266116136689 10.284264191403052 1.1320889467606319 9.119081227690911 9.6180356367258337
leaf_count=42 150 217 88 147 18 75 1093 262 61 202 134 47 141 997
internal_value=-0.00146374 -0.000634512 -0.0187021 0.000845566 0.0142671 -0.0128136 -0.00133259 -0.0122149 0.00562842 0.00229908 0.01404 -0.0379114 -0.00199743 0.00114586
internal_weight=173.513 170.759 12.0482 158.711 21.3855 6.44381 137.325 33.7698 11.8583 103.555 27.1355 4.38264 76.4198 67.3007
internal_count=3674 3524 130 3394 287 140 3107 540 278 2567 336 122 2231 2090
is_linear=0
shrinkage=0.05


Tree=151
num_leaves=15
num_cat=0
split_feature=1 11 12 16 10 17 22 22 3 13 0 3 12 22
split_gain=2.15194 3.26419 2.38549 2.2066 3.33333 2.5896 1.98038 2.06077 2.24844 2.0383 1.92033 1.91364 2.0738 2.10503
threshold=0.99439591500000013 0.10888515500000001 0.32240747000000008 60.01565750000001 0.43079173500000006 0.0077101201500000003 0.77467042000000019 1.2611212500000002 23.544253500000003 0.072621222000000013 0.015437635000000002 22.880871000000003 2.2121117500000005 1.2682219000000001
decision_type=2 2 2 2 2 2 2 2 2 2 2 2 2 2
left_child=1 10 -3 6 5 -5 -2 8 9 -8 -1 12 13 -4
right_child=3 2 11 4 -6 -7 7 -9 -10 -11 -12 -13 -14 -15
leaf_value=-0.057292734987248739 0.018629517940474623 -0.014874481616625338 0.021602991508493832 0.032369307951497957 -0.016249507603514592 -0.025913482035355397 0.013928431036715115 0.015265638421316577 0.0087036733425430654 -0.020243497123279948 0.0056770340347781952 -0.010008821177975316 -0.0074784685147521197 -0.018116071637032796
leaf_weight=2.1705792798893522 4.99080064613372 8.9457219297764805 44.409733432694338 11.020653198822403 7.4185738578671581 1.4918205207213748 4.0557529767975202 5.7614698901306829 8.7897066711448115 53.370804437436163 1.6913130545290185 8.2259250165661779 8.2730468756053579 2.85935059422627
leaf_count=33 56 159 1259 194 106 17 60 411 87 553 27 108 236 303
internal_value=-0.000615585 0.00560834 0.00815917 -0.00554114 0.00896901 0.024017 -0.0093654 -0.0115352 -0.0140595 -0.017633 -0.0342197 0.0115702 0.0148866 0.0188748
internal_weight=173.475 76.5757 72.7138 96.8996 19.931 12.5125 76.9685 71.9777 66.2163 57.4266 3.86189 63.7681 55.5421 47.2691
internal_count=3609 2125 2065 1484 317 211 1167 1111 700 613 60 1906 1798 1562
is_linear=0
shrinkage=0.05


Tree=152
num_leaves=15
num_cat=0
split_feature=18 19 14 16 20 21 16 18 3 12 8 10 21 16
split_gain=2.15765 3.23521 1.94514 1.86447 1.64864 2.00494 2.23455 2.19661 1.91303 2.01457 2.14649 1.95636 1.83649 1.71193
threshold=0.00039433847000000006 0.20538873000000005 0.14051282000000004 59.506820000000012 0.11640078500000002 0.67731855500000016 49.880496000000008 9.5415383500000006e-05 14.541614500000001 0.48074987500000005 0.44948497000000004 0.23667613500000004 0.6625971650000001 59.399861000000008
decision_type=2 2 2 2 2 2 2 2 2 2 2 2 2 2
left_child=2 -2 -1 -3 5 8 7 -7 9 10 -4 -10 -13 -14
right_child=1 3 4 -5 -6 6 -8 -9 11 -11 -12 12 13 -15
leaf_value=-0.03519221205833184 -0.028502957916284433 -0.0028309980371368578 0.027639536176723295 0.049042876921411238 -0.035350504704672263 -0.041032695474897816 0.030624584055086213 0.014786948400819106 -0.032756789640112451 0.040707729986748327 -0.026597667941877186 -0.0024725385953397166 0.0055155430918867286 -0.038827809214392453
leaf_weight=3.876713282428681 1.8951462137047181 2.295707824639976 2.2470569208962825 4.9528053679969162 2.8631172180175772 1.9609045730903734 8.1510747815482301 3.4811926147667691 5.3612950043752781 3.7467427180381492 3.1800504800630733 115.95285962894559 2.8645195011049491 5.8325189929455519
leaf_count=47 27 51 81 43 134 24 102 48 67 856 68 1982 36 42
internal_value=-0.00266885 0.0197259 -0.00406742 0.0342622 -0.00307245 -0.0022416 0.0154193 -0.00857341 -0.0040641 0.0168861 -0.0033347 -0.00566 -0.00424312 -0.0251599
internal_weight=168.662 9.14366 159.518 7.24851 155.641 152.778 13.5932 5.4421 139.185 9.17385 5.42711 130.011 124.65 8.69704
internal_count=3608 121 3487 94 3440 3306 174 72 3132 1005 149 2127 2060 78
is_linear=0
shrinkage=0.05


Tree=153
num_leaves=15
num_cat=0
split_feature=23 0 15 20 20 22 21 16 20 20 0 20 20 16
split_gain=2.43817 1.55026 1.50267 1.51682 2.45253 1.89142 2.02636 2.44983 2.7878 2.20912 2.75511 2.64491 3.70719 6.21899
threshold=2.4487601000000008 0.010436018500000002 0.051503094500000006 0.042721384000000008 0.060923370000000011 1.1454866500000003 0.67731855500000016 49.866131000000003 0.10607253000000001 0.10503381000000002 0.019170719000000006 0.090281126000000003 0.10161847000000002 59.399861000000008
decision_type=2 2 2 2 2 2 2 2 2 2 2 2 2 2
left_child=1 -1 3 -3 -5 6 9 8 -8 11 -11 -6 -13 -14
right_child=-2 2 -4 4 5 -7 7 -9 -10 10 -12 12 13 -15
leaf_value=0.031995872460333245 -0.035178071707129201 -0.033656948216705625 -0.026392071563980282 0.035615596156520671 -0.0060805983216004576 0.012587109639650604 0.022048022536701677 0.030230439304048347 -0.04061465151885197 -0.027286738977361849 0.013650680794360371 0.034531859408456572 0.027041868291541395 -0.027929017390461781
leaf_weight=3.105666159768588 3.618650679010897 1.9818412464810524 3.904302862356416 4.3563060527667394 62.533344471827149 28.547385409008712 2.6279402542859307 9.0570433707907778 2.5686721531674266 16.361519201193008 4.7044606436975291 10.308539953082802 8.8775059692561644 9.7427805885672552
leaf_count=895 454 498 70 77 599 335 30 120 38 174 48 148 86 61
internal_value=0.000670771 0.00164263 0.000884621 0.00170156 0.00234711 0.00119222 -0.00145198 0.0156734 -0.0104818 -0.00374017 -0.0179403 -0.000310883 0.0119475 -0.00167832
internal_weight=172.296 168.677 165.572 161.667 159.685 155.329 126.782 14.2537 5.19661 112.528 21.066 91.4622 28.9288 18.6203
internal_count=3633 3179 2284 2214 1716 1639 1304 188 68 1116 222 894 295 147
is_linear=0
shrinkage=0.05


Tree=154
num_leaves=15
num_cat=0
split_feature=7 18 10 19 23 13 11 12 23 3 13 13 13 8
split_gain=2.10054 4.45416 2.4433 2.09087 1.89265 1.97991 1.83207 2.71854 3.33253 2.29294 2.28609 1.98664 1.81338 1.73372
threshold=0.51498846000000009 0.00016488591500000003 0.41764655000000006 0.15600907500000002 1.9685702500000002 0.74402885500000016 0.12406693000000001 0.42131224500000003 0.11031790000000001 17.467262000000002 0.67855954000000007 0.65856091000000017 0.092631324500000015 1.7100648000000003
decision_type=2 2 2 2 2 2 2 2 2 2 2 2 2 2
left_child=1 2 -1 -2 6 -6 7 8 -5 -9 -8 -10 -11 -4
right_child=3 -3 13 4 5 -7 10 9 11 12 -12 -13 -14 -15
leaf_value=0.034633643942741703 -0.03881724678020667 0.049828269183955873 0.00019905525768829926 0.020192950540553062 -0.031225166630705532 0.028032648046570702 0.010708273192719582 0.0092778943510012108 -0.026606328081677202 -0.0055019949886787947 -0.0098968202653976003 0.0086622565715983504 -0.038124022588723071 -0.050591845393070614
leaf_weight=1.8407965359510834 2.3376451687654471 5.7915130730252713 4.1061412603594363 16.178307127207521 6.6542805727804071 0.91087396023794998 72.389089161064476 5.7237591872690272 8.2946292791748402 7.4182066131616038 15.655122868716715 6.3279117344645774 10.402350579504853 1.8346452506957573
leaf_count=26 16 60 79 179 697 44 1709 114 129 97 177 78 114 37
internal_value=0.00206673 0.0202018 -0.00501121 0.000329195 0.00119255 -0.0216504 0.00254873 -0.00461788 0.00512757 -0.0170564 0.00697449 -0.0117663 -0.0255582 -0.0205155
internal_weight=165.865 13.5731 7.78158 152.292 149.955 7.56515 142.389 54.3452 30.8008 23.5443 88.0442 14.6225 17.8206 5.94079
internal_count=3556 202 142 3354 3338 741 2597 711 386 325 1886 207 211 116
is_linear=0
shrinkage=0.05


Tree=155
num_leaves=15
num_cat=0
split_feature=20 21 18 8 10 16 16 8 16 0 20 11 16 20
split_gain=1.3265 1.7089 3.22716 2.30085 3.28057 2.68801 2.28634 2.41695 3.90316 2.18363 3.56287 2.12817 2.09403 5.17744
threshold=0.11775318000000001 0.64906421500000011 0.00024415867500000003 0.43866070000000007 0.49297619000000009 60.102914000000006 60.279294000000007 0.44536500000000007 59.701793000000002 0.014737955000000002 0.10376621000000001 0.13189322500000003 50.62977200000001 0.097617986500000017
decision_type=2 2 2 2 2 2 2 2 2 2 2 2 2 2
left_child=1 2 3 -1 5 12 7 -3 -9 10 -4 -6 13 -5
right_child=-2 6 9 4 11 -7 -8 8 -10 -11 -12 -13 -14 -15
leaf_value=0.0095256801271746822 -0.033740361687132514 -0.0026985575449053026 0.039465009438416042 -0.015133905647375748 -0.00083565158133566307 0.017449065764078005 -0.021599639318629914 0.0025253296287236653 0.046920166050507195 -0.029983119699044582 -0.041877040031280663 0.036087947488048 -0.030826282868356748 0.040434467424719872
leaf_weight=42.916308461455628 1.9675355609506358 12.6811658970546 2.5685434521874444 30.15139042714145 8.9660956771112961 6.5354364139493546 4.2607464501634231 9.9565999628976005 9.0908964425325376 14.505958613008259 1.1957788630388675 5.8504515619715667 13.631973354378713 3.8694089557975522
leaf_count=1494 139 200 60 543 145 148 43 117 72 147 32 96 263 50
internal_value=-0.000605782 -1.40041e-05 -0.00269017 0.000558886 -0.00507427 -0.0107652 0.00947801 0.0141838 0.0249974 -0.0215896 0.0102596 0.0151038 -0.0149138 -0.00783963
internal_weight=168.148 166.181 130.191 111.921 69.0048 54.1882 35.9894 31.7287 19.0475 18.2703 3.76432 14.8165 47.6528 34.0208
internal_count=3549 3410 2978 2739 1245 1004 432 389 189 239 92 241 856 593
is_linear=0
shrinkage=0.05


Tree=156
num_leaves=15
num_cat=0
split_feature=9 16 23 20 9 21 23 20 20 16 17 16 20 17
split_gain=1.43322 1.67785 2.61236 1.784 3.30695 3.24865 1.77839 1.73281 1.55991 5.8103 3.93972 2.41879 5.3723 8.37452
threshold=21.250000000000004 60.01565750000001 -0.14017347999999999 0.10322841500000002 6.7083333500000011 0.58269868000000014 1.0709013500000002 0.067954421000000001 0.10915670500000001 59.455620500000009 0.0066714933500000009 50.62977200000001 0.097617986500000017 0.0030985177000000005
decision_type=2 2 2 2 2 2 2 2 2 2 2 2 2 2
left_child=1 8 -3 5 -5 7 -6 -4 10 -10 11 -1 13 -13
right_child=-2 2 3 4 6 -7 -8 -9 9 -11 -12 12 -14 -15
leaf_value=0.0022229834731529135 -0.034332067404814537 0.030942206498366917 0.021118453812354603 -0.047854224755339132 0.025292867546966837 0.035595429151367118 -0.018171165347950376 -0.024287136552338766 -0.047584341992578966 0.010395361529336729 0.056798329813929196 -0.029366552579221012 -0.040686994269821877 0.033880538667771458
leaf_weight=84.19469133426901 2.1297343444311982 9.1396989669883606 2.2528792243683728 3.450519946869461 4.1362052536569536 6.5438386255409569 3.3994880942627788 5.2821941813454032 7.0966489365091538 8.6483460717136023 1.9078952855197702 9.5175111528951728 10.768234754446892 9.422885434702037
leaf_count=1846 29 203 277 51 41 85 41 59 185 114 36 397 97 141
internal_value=-0.000811416 -0.000177442 0.00952652 0.000830028 -0.0135998 0.0122453 0.00585372 -0.00982777 -0.00275332 -0.0170186 -0.000684816 -0.0021336 -0.0141506 0.00222011
internal_weight=167.891 165.761 34.2048 25.0651 10.9862 14.0789 7.53569 7.53507 131.556 15.745 115.811 113.903 29.7086 18.9404
internal_count=3602 3573 757 554 133 421 82 336 2816 299 2517 2481 635 538
is_linear=0
shrinkage=0.05


Tree=157
num_leaves=15
num_cat=0
split_feature=16 22 17 20 12 16 20 16 1 3 9 17 20 10
split_gain=1.70211 2.00858 2.20174 2.31974 1.98186 3.34863 2.73686 3.1709 2.94176 2.6372 3.65982 1.85129 4.24925 4.96213
threshold=24.879500000000004 1.0309075000000003 0.007051918600000001 0.063602257000000009 0.37834802500000003 60.173731000000011 0.10607253000000001 30.078014500000005 0.97408195000000009 18.050790500000002 6.7083333500000011 0.0030475874500000004 0.10354431000000001 0.35366240500000007
decision_type=2 2 2 2 2 2 2 2 2 2 2 2 2 2
left_child=-1 2 3 -2 5 -5 7 8 -6 -10 -11 -3 13 -13
right_child=1 11 -4 4 6 -7 -8 -9 9 10 -12 12 -14 -15
leaf_value=0.03025679537469458 0.025465733161586481 -0.017895482898524953 0.027297532417258498 -0.019730355462610441 -0.045534414537417342 0.03142182216667485 -0.021898794853870109 0.023410578982027794 0.03301958264003909 -0.040304891568838798 0.012165744092679728 0.033769251924870694 -0.019071341017115103 -0.0050966178000520874
leaf_weight=3.470397401135414 7.9466749036218962 24.415857338695787 8.2424973330926132 21.516218511853371 2.6072421779972528 2.8116593514569095 7.2157155612949273 19.763496922794729 4.4895137138664749 4.3805101756006461 7.8508168011903763 12.000917621888219 20.269669466535561 21.713238211348653
leaf_count=46 445 1341 122 191 92 28 69 381 48 35 67 178 343 244
internal_value=-0.000190327 -0.00100802 0.00420888 0.00147452 -0.00154238 -0.0128113 0.00452351 0.00982523 -0.00453443 0.00406738 -0.00825194 -0.00676576 -0.00149809 0.00931236
internal_weight=168.694 165.224 86.8243 78.5818 70.6352 24.3279 46.3073 39.0916 19.3281 16.7208 12.2313 78.3997 53.9838 33.7142
internal_count=3630 3584 1478 1356 911 219 692 623 242 150 102 2106 765 422
is_linear=0
shrinkage=0.05


Tree=158
num_leaves=15
num_cat=0
split_feature=8 18 20 17 20 17 17 19 17 19 18 15 3 0
split_gain=2.07312 2.14647 2.10511 3.40988 5.77546 3.75244 3.18353 3.03436 2.95922 2.54526 2.65995 2.35406 2.25928 2.02737
threshold=1.3169471000000001 0.00016488591500000003 0.10503381000000002 0.0058598260000000011 0.10060217 0.0048566131500000003 0.0036929515500000007 0.21922798000000002 0.0067224302500000005 0.20538873000000005 0.00038657972500000004 0.011428944500000001 25.867864500000003 0.015758290000000005
decision_type=2 2 2 2 2 2 2 2 2 2 2 2 2 2
left_child=2 -2 3 4 5 6 12 -6 -4 -10 -11 13 -1 -5
right_child=1 -3 8 11 7 -7 -8 -9 9 10 -12 -13 -14 -15
leaf_value=0.00276598063297981 0.00012665879067495233 0.033747227669202864 -0.033591495938141668 0.023821952609138469 -0.0026621146612390558 0.030623999248498096 -0.030621446421409678 -0.055097850460707788 -0.030467829113617423 -0.0057900248791475147 0.038032182986683497 0.033625863288215041 -0.034049890872299246 -0.024694625755036025
leaf_weight=69.571038496214896 11.605479582329282 7.0425897501409045 11.639912644866856 2.9169368455186513 4.4538797364803013 8.3015355741372314 8.1880327275721339 6.7336128402967006 4.7422848429996547 10.040610039257443 4.1228103805333367 10.339439063332973 3.4289710200391701 3.8019821271300316
leaf_count=2168 185 70 172 34 37 196 146 52 68 197 46 181 43 27
internal_value=-0.00138355 0.0138951 -0.00338523 -0.000309162 -0.00386255 0.000529249 -0.00288313 -0.0361538 -0.014856 -0.00221287 0.00863303 0.0197152 0.000599894 -0.0032743
internal_weight=166.929 18.6481 148.281 117.735 100.677 89.4896 81.188 11.1875 30.5456 18.9057 14.1634 17.0584 73 6.71892
internal_count=3622 255 3367 2884 2642 2553 2357 89 483 311 243 242 2211 61
is_linear=0
shrinkage=0.05


Tree=159
num_leaves=15
num_cat=0
split_feature=14 7 23 17 20 17 14 20 17 20 17 21 19 13
split_gain=1.69772 2.01323 1.85888 1.86753 2.23278 2.2864 2.62992 1.85987 1.82462 2.06321 3.76005 2.53944 2.52369 2.55424
threshold=0.32025641000000005 0.98362901000000014 0.67428826000000008 0.0020065293000000005 0.065730215500000008 0.0030475874500000004 0.36410984500000004 0.11334213000000003 0.0072268712000000011 0.10086051500000003 0.0048566131500000003 0.54827935000000017 0.21702898500000004 0.080955820500000011
decision_type=2 2 2 2 2 2 2 2 2 2 2 2 2 2
left_child=-1 2 8 -4 -5 -6 -7 -8 9 10 11 -2 -11 -14
right_child=1 -3 3 4 5 6 7 -9 -10 12 -12 -13 13 -15
leaf_value=0.005824333429338145 0.0087407646755017169 0.026070262054154837 -0.034609159510101004 0.039111825395595538 -0.024732983194763903 -0.016162912570549453 0.028779016150605848 -0.016228769435655665 0.024271119236532929 -0.0017537678295963485 0.040065820534415035 -0.02204020121914543 -0.00059498805935151715 -0.049679225818443702
leaf_weight=79.745120996143669 9.6948768706060999 4.225515395984984 1.9113663308089623 3.6835612431168583 5.4020275445655015 6.0866551049985018 11.562870235648004 2.1247565811499944 2.4868109263479701 7.5851464830338982 3.0817193873226634 17.906333819963038 3.5403440780937663 9.8422750923782569
leaf_count=1183 123 883 559 33 73 82 134 55 43 78 67 177 39 76
internal_value=0.000561859 -0.00415867 -0.00594897 0.00378885 0.00740581 0.00144993 0.00944895 0.0211631 -0.0114522 -0.0136005 -0.00503996 -0.0113009 -0.0253277 -0.0376383
internal_weight=168.879 89.1343 84.9087 30.7712 28.8599 25.1763 19.7743 13.6876 54.1375 51.6507 30.6829 27.6012 20.9678 13.3826
internal_count=3605 2422 1539 936 377 344 271 189 603 560 367 300 193 115
is_linear=0
shrinkage=0.05


Tree=160
num_leaves=15
num_cat=0
split_feature=14 11 20 17 20 17 17 20 23 18 8 20 21 12
split_gain=2.03739 1.81528 1.87339 4.8993 5.47155 4.36487 4.22742 4.32863 3.31714 3.30799 2.80421 2.45385 2.26871 2.50688
threshold=0.14051282000000004 1.0000000180025095e-35 0.065730215500000008 0.0029143062500000005 0.07685541550000001 0.0032803338500000004 0.0022062351500000007 0.061731599500000005 1.4431573000000002 0.00011411063500000001 0.48809504000000009 0.077302537000000018 0.52537684500000015 0.47280088500000006
decision_type=2 2 2 2 2 2 2 2 2 2 2 2 2 2
left_child=-1 -2 6 9 -5 -6 7 8 -3 -4 -11 -7 -8 -14
right_child=1 2 3 4 5 11 12 -9 -10 10 -12 -13 13 -15
leaf_value=-0.032324968079898375 -0.021715458059331828 0.033476600667019747 -0.043267216552508016 0.031562898224594765 -0.052520909680704567 0.0459133299154856 0.057401710371969276 -0.033024021039810558 -0.027047670593553005 -0.026151711139028085 0.027655806009881597 5.8634348653749231e-05 0.029770804840553507 -0.023774806653867303
leaf_weight=3.5973946443991727 7.0619584317319086 6.9577689099824074 9.0790680515347066 14.348286120686678 2.8882061326876274 2.016881125047802 4.9640037936624131 6.3736583936261004 2.3099755066214129 3.9406708913156754 3.7487522140145302 88.704151092097163 6.3344888854771835 2.2543278292287141
leaf_count=46 91 627 123 220 29 21 57 45 803 53 35 1303 52 63
internal_value=0.000501513 0.0014301 0.00262535 -7.9304e-05 0.00389142 -0.00063881 0.0138003 -0.00400423 0.017226 -0.0244236 0.000244386 0.00156752 0.0332119 0.0147028
internal_weight=164.58 160.982 153.92 124.726 107.958 93.6092 29.1942 15.6414 9.26774 16.7685 7.68942 90.721 13.5528 8.58882
internal_count=3568 3522 3431 1784 1573 1353 1647 1475 1430 211 88 1324 172 115
is_linear=0
shrinkage=0.05


Tree=161
num_leaves=15
num_cat=0
split_feature=14 13 13 19 0 10 12 7 3 23 22 19 9 14
split_gain=1.78343 1.46172 3.20911 2.68479 2.29952 2.79324 4.49742 2.48594 2.05788 3.80149 2.04522 2.02959 2.17788 1.79169
threshold=0.14051282000000004 0.62209741500000015 0.60942583000000006 0.26344707500000003 0.018107425500000003 0.37702844500000005 0.4908558950000001 0.97178451500000007 20.436266000000007 -0.57420934999999984 1.1932324000000001 0.21532974000000002 7.8333333500000011 0.25735931000000006
decision_type=2 2 2 2 2 2 2 2 2 2 2 2 2 2
left_child=-1 2 8 4 5 13 11 -6 9 -2 -4 -7 -13 -3
right_child=1 3 10 -5 7 6 -8 -9 -10 -11 -12 12 -14 -15
leaf_value=-0.03145444199629209 0.029059737555740164 -0.00033441313893787757 -0.034669559300868409 -0.026501239817381773 0.03153216118671464 -0.040153827893758709 0.031330500275928014 -0.017395050132616344 -0.0094504616111692249 -0.0014577089047696412 0.014349580314310717 -0.028680312287619081 0.016567070353225962 0.029669911501779056
leaf_weight=3.5942814046284175 12.469953272608107 9.2154483572812769 10.475409859325735 4.7738018259406081 14.803437381517144 7.2309583511669215 4.1410300638526669 2.4398184083402148 34.64309074182529 41.7411327798618 2.026482487213797 3.9845389295369369 4.7502677645534277 9.7580858954461274
leaf_count=44 412 99 106 311 163 69 44 25 473 1613 61 42 57 92
internal_value=-0.000733485 0.000134494 -0.00353797 0.00618571 0.00937013 0.00246128 -0.010287 0.0240352 -8.58556e-05 0.00596129 -0.0262496 -0.0222918 -0.00489923 0.0158097
internal_weight=166.048 162.453 101.356 61.0974 56.3236 39.0803 20.1068 17.2433 88.8542 54.2111 12.5019 15.9658 8.73481 18.9735
internal_count=3611 3567 2665 902 591 403 212 188 2498 2025 167 168 99 191
is_linear=0
shrinkage=0.05


Tree=162
num_leaves=15
num_cat=0
split_feature=16 16 3 11 20 20 16 20 18 16 16 20 17 20
split_gain=1.51017 1.36507 3.11586 1.84306 1.8127 4.12707 6.97789 5.50561 2.70346 2.46095 2.7134 6.21839 5.94564 4.56188
threshold=24.879500000000004 24.997888500000006 14.676159000000002 0.13278071500000002 0.07849097250000002 0.090281126000000003 59.298369500000007 0.080423944000000011 3.8380859000000005e-05 29.852614500000005 30.092629500000005 0.067954421000000001 0.0030039902500000001 0.076616847000000016
decision_type=2 2 2 2 2 2 2 2 2 2 2 2 2 2
left_child=-1 2 -2 -4 8 6 -6 -8 -3 -10 13 -12 -13 -11
right_child=1 4 3 -5 5 -7 7 -9 9 10 11 12 -14 -15
leaf_value=0.031074772105109467 0.038538397784136785 -0.01631217650180523 -0.039058740558838324 8.7819298348449403e-07 -0.057137398428434627 0.00034535799426118697 0.041049600061296813 -0.038628097969412981 -0.0054775198042189832 0.053344569056679239 0.047374407921678539 -0.043169701351303533 0.01743707445449184 -0.0030088940505656209
leaf_weight=2.6546375392936161 1.3645947308978055 9.6086153577780333 7.2810709039913473 4.7537758194375783 7.8601395654259232 78.756952952942811 4.208554339944385 2.7451655187178403 14.469845134997739 9.4617305011488479 5.353207929525527 6.6355122572276724 7.7635195346083492 5.3127218489535144
leaf_count=42 90 1318 105 75 121 1134 52 55 178 169 106 54 94 31
internal_value=-0.000725909 -0.00141925 -0.0161336 -0.0248137 -2.6748e-05 -0.00433072 -0.0276406 0.00869284 0.00680248 0.0115711 0.018669 0.0059833 -0.0114821 0.0341744
internal_weight=168.23 165.575 13.3994 12.0348 152.176 93.5708 14.8139 6.95372 58.6052 48.9965 34.5267 19.7522 14.399 14.7745
internal_count=3624 3582 270 180 3312 1362 228 107 1950 632 454 254 148 200
is_linear=0
shrinkage=0.05


Tree=163
num_leaves=15
num_cat=0
split_feature=15 0 12 23 0 12 8 12 9 19 12 23 19 7
split_gain=1.69972 3.03273 2.52833 2.51404 2.03041 3.26547 2.34652 3.41698 1.99373 1.96716 2.46267 1.85251 1.74583 1.67913
threshold=0.013606072000000002 0.015958009000000006 2.2577869500000003 0.7600415450000001 0.015368504500000001 0.5859715350000001 1.0219028500000003 0.39912512500000003 4.2916666500000007 0.20595238500000004 0.43926968500000002 1.7290762500000001 0.18812555000000003 0.97547741500000018
decision_type=2 2 2 2 2 2 2 2 2 2 2 2 2 2
left_child=1 -1 4 -3 5 6 7 -2 9 -6 -11 -10 -4 -5
right_child=2 3 12 13 8 -7 -8 -9 11 10 -12 -13 -14 -15
leaf_value=0.0064464716434095987 0.012359495246093477 -0.024932396083726906 0.021931221114781813 0.015838811036424375 0.021162720463498957 0.024524170448821922 0.01344229052248609 -0.035351653329933598 0.017109265116320035 0.01289333847038311 -0.044928569559632481 -0.010420197019592892 -0.025970069769004362 -0.031474952095421796
leaf_weight=21.845697586541064 4.5798319726018333 24.96131017524749 1.5065960972569872 7.2671881383284909 2.5511005432344955 6.1214225451694793 5.1889751391718155 12.739644019515252 49.881866695126519 2.3458175031701103 3.9811822007177398 6.2707357447361565 9.9218652592971903 1.4462765876669434
leaf_count=496 129 235 19 161 28 940 109 263 589 28 65 219 278 29
internal_value=-0.000893261 -0.00789196 0.00284382 -0.0171113 0.00560283 -0.00536331 -0.014189 -0.0227493 0.0104388 -0.010681 -0.0246566 0.0139064 -0.0183988 0.00555373
internal_weight=160.61 55.5205 105.089 33.6748 93.6606 28.6299 22.5085 17.3195 65.0307 8.8781 6.327 56.1526 11.4285 8.71346
internal_count=3588 921 2667 425 2370 1441 501 392 929 121 93 808 297 190
is_linear=0
shrinkage=0.05


Tree=164
num_leaves=15
num_cat=0
split_feature=10 20 20 10 15 16 16 20 7 10 23 14 20 7
split_gain=1.55985 2.54762 3.64679 2.92475 2.19049 1.82067 2.61398 2.55881 1.87566 2.51468 2.4044 2.33478 1.79047 1.63049
threshold=0.46266937000000002 0.079599791000000017 0.093111191000000024 0.53614204000000021 0.015209345500000002 24.983372500000005 24.879500000000004 0.061286753000000006 0.54558932000000004 0.43914801000000003 2.4487601000000008 0.28633540500000004 0.105417095 0.61044363000000013
decision_type=2 2 2 2 2 2 2 2 2 2 2 2 2 2
left_child=5 -2 -3 4 -4 6 -1 -8 11 10 13 -7 -5 -10
right_child=1 2 3 12 -6 8 7 -9 9 -11 -12 -13 -14 -15
leaf_value=0.018197324350612675 0.025856431439317248 -0.044935649695996324 -0.010590289108948856 0.016126079081967375 0.037345559547204608 -0.017674886752088392 0.013121370137418854 -0.042208313337867905 -0.034704228340877455 -0.029979437318377405 -0.042342159887443165 0.036151077541269776 -0.028887736750465028 0.0028349939717517087
leaf_weight=2.9629279860528177 13.676423893892204 2.9456872725859311 2.801492932718249 2.6005587652325621 7.4577891696244478 2.116280018584801 2.1999170227209097 8.0405780300497991 1.9838130659190927 6.3305152462562537 2.1945477728731921 6.0705337910912931 5.3361818315461278 95.920165856252424
leaf_count=42 276 66 30 25 83 32 136 77 24 109 316 99 58 2219
internal_value=0.000623544 0.00984989 -0.00120475 0.00784678 0.0244778 -0.00194668 -0.0188325 -0.0302122 0.000144581 -0.001711 0.000355624 0.0218278 -0.0139844 0.00173115
internal_weight=162.637 34.8181 21.1417 18.196 10.2593 127.819 13.2034 10.2405 114.616 106.429 100.099 8.18681 7.93674 97.904
internal_count=3592 538 262 196 113 3054 255 213 2799 2668 2559 131 83 2243
is_linear=0
shrinkage=0.05


Tree=165
num_leaves=15
num_cat=0
split_feature=23 23 3 20 8 16 20 22 18 0 0 10 10 8
split_gain=1.5846 1.42071 3.19505 2.74267 2.70672 2.33699 2.25394 1.98196 1.80413 1.95396 2.8581 1.72524 3.51184 3.20163
threshold=2.4487601000000008 0.88749233000000005 22.356345500000003 0.11334213000000003 0.35403257500000007 60.01565750000001 0.042721384000000008 1.0519562500000001 5.5272957500000011e-05 0.016804682000000005 0.018198609500000004 0.48469798000000003 0.42646494500000004 0.57226156000000017
decision_type=2 2 2 2 2 2 2 2 2 2 2 2 2 2
left_child=1 5 3 4 -3 7 -6 11 -7 -10 -11 12 13 -1
right_child=-2 2 -4 -5 6 8 -8 -9 9 10 -12 -13 -14 -15
leaf_value=-0.0067868734159241169 -0.030525435574539156 -0.014617524790987206 -0.016844937771791472 -0.027490066156679961 -0.026748260645969614 -0.015105996545134327 0.029873644559622544 -0.020976437420524834 0.033303574681645354 -0.025390710791850346 0.024880077438407273 0.014165223250153656 -0.031519875517747591 0.022454017003512391
leaf_weight=43.314254246884957 3.3350060179363927 4.1284577893093291 9.024498572223818 2.493452791357412 1.1370737320976356 4.3780160079477382 23.475607400760055 17.314788161194883 9.1051395522663388 4.3252347670495492 5.0311693996191025 11.873569653835146 10.085688967141321 10.868973938748239
leaf_count=977 445 252 149 70 385 151 268 273 144 34 59 129 101 118
internal_value=-0.000705616 0.000119327 0.00809882 0.0156047 0.020142 -0.00268847 0.0263156 -0.00619847 0.0113316 0.0180552 0.00143336 -0.00260961 -0.00587827 -0.000620643
internal_weight=159.891 156.556 40.2591 31.2346 28.7411 116.297 24.6127 93.4573 22.8396 18.4615 9.3564 76.1425 64.2689 54.1832
internal_count=3555 3110 1124 975 905 1986 653 1598 388 237 93 1325 1196 1095
is_linear=0
shrinkage=0.05


Tree=166
num_leaves=15
num_cat=0
split_feature=22 17 13 8 17 21 21 20 20 17 17 20 0 13
split_gain=2.24207 2.80643 2.26326 1.78221 1.79973 3.42876 1.43576 3.96546 2.34623 4.85791 4.2894 3.50988 2.72043 2.78498
threshold=0.75672024000000004 0.0032803338500000004 0.88742762500000005 0.24310601500000004 0.00018579475000000002 0.5057970650000001 0.58348559500000008 0.080423944000000011 0.10322841500000002 0.0061305935500000014 0.0045417656500000006 0.10607253000000001 0.015472774000000002 0.58057242000000009
decision_type=2 2 2 2 2 2 2 2 2 2 2 2 2 2
left_child=1 -1 3 -2 -5 -6 7 -7 10 -10 12 -11 -8 -14
right_child=2 -3 -4 4 5 6 8 -9 9 11 -12 -13 13 -15
leaf_value=0.022901948609953288 0.034994597426046346 -0.031705490146766817 0.035019333645574739 -0.035051557919298149 0.036858848530067621 -0.00038140394623303186 -0.023419044253420326 -0.041289865931553045 -0.030925024781171401 0.038049498946513709 0.026693935014980741 -0.0021657522338398016 -0.013412850805619075 0.030288458664229124
leaf_weight=2.3369701745687044 3.1272950975107952 8.4051488548284379 4.5977054904215029 2.26955987967085 5.9015725723002097 42.021492809988558 8.9766543442383426 5.8997448224108657 11.056353544816373 5.8558310605585602 23.463850346393883 25.55980615504086 5.8806281024590117 7.0180559176951647
leaf_count=39 876 67 74 873 65 448 88 115 94 54 290 381 76 79
internal_value=0.00218905 -0.0188869 0.00379613 0.0025898 0.00164894 0.00247865 0.000725185 -0.00615884 0.00450905 -0.00389916 0.0122997 0.00627287 -0.00363177 0.0108331
internal_weight=162.371 10.7421 151.629 147.031 143.904 141.634 135.732 47.9212 87.8112 42.472 45.3392 31.4156 21.8753 12.8987
internal_count=3619 106 3513 3439 2563 1690 1625 563 1062 529 533 435 243 155
is_linear=0
shrinkage=0.05


Tree=167
num_leaves=15
num_cat=0
split_feature=10 8 23 21 20 17 21 13 20 18 17 17 9 0
split_gain=1.26101 2.69212 1.90604 1.72875 2.15976 2.29387 3.19755 2.13178 3.52477 2.22766 2.30304 2.0224 2.95963 1.81569
threshold=0.35479151500000006 0.57226156000000017 -1.8228599999999997 0.64175574000000013 0.07708854100000001 0.0030475874500000004 0.59248007000000003 0.6840132000000001 0.063602257000000009 0.00015830025000000003 0.0020065293000000005 0.0034985199000000006 3.9000000000000004 0.018107425500000003
decision_type=2 2 2 2 2 2 2 2 2 2 2 2 2 2
left_child=1 -1 -2 4 5 7 -7 8 9 10 -4 -6 -13 -5
right_child=2 -3 3 13 11 6 -8 -9 -10 -11 -12 12 -14 -15
leaf_value=0.0001413242145011292 0.033571925408246259 0.031669507417807545 -0.019451976973764943 -0.0056608015297562727 -0.043302484439292646 0.040727980022831893 -0.015799963653836208 0.022015505263409934 -0.03150568705760199 -0.043680443901429555 0.036431829088554205 -0.050584798203434291 -0.0055447297937058423 0.020610934341425961
leaf_weight=62.991545836383011 2.0810417979955664 6.5874004716752088 1.9236731792916604 16.852164696785625 6.2629392193630329 5.3004595786333066 3.4429416209459305 3.5693824630579902 12.380845773033796 0.67637892812490452 4.9547822041204199 3.3749715058365863 24.023793540196493 9.4746114332228881
leaf_count=1942 22 129 451 217 57 55 30 88 125 5 48 37 304 116
internal_value=-0.00154447 0.00353268 -0.00528768 -0.0065151 -0.0107948 -0.0014353 0.0191316 -0.00955427 -0.0159883 0.0101519 0.0203177 -0.0194613 -0.0126786 0.00420225
internal_weight=163.897 69.5789 94.318 92.2369 65.9102 32.2485 8.7434 23.5051 19.9357 7.55483 6.87846 33.6617 27.3988 26.3268
internal_count=3626 2071 1555 1533 1200 802 85 717 629 504 499 398 341 333
is_linear=0
shrinkage=0.05


Tree=168
num_leaves=15
num_cat=0
split_feature=9 9 10 20 17 20 17 16 16 0 22 17 7 17
split_gain=1.48686 1.49769 1.64176 1.48022 2.21541 4.14452 2.20853 1.97463 2.55792 1.46439 1.45217 3.1146 1.75283 2.15939
threshold=21.250000000000004 13.833333500000002 0.29458893500000005 0.11605438500000002 0.007051918600000001 0.11073135500000002 0.0068466236000000007 50.62977200000001 60.279294000000007 0.016009287000000004 0.75672024000000004 0.0032803338500000004 0.97124238000000018 0.0058158277000000006
decision_type=2 2 2 2 2 2 2 2 2 2 2 2 2 2
left_child=1 3 -3 4 5 6 10 -6 -9 -4 11 -1 13 -12
right_child=-2 2 9 -5 7 -7 -8 8 -10 -11 12 -13 -14 -15
leaf_value=0.021865432791724197 -0.035721346472607718 -0.019300753867135784 -0.00047855041990991533 -0.028747983928107065 -0.01571441720612125 -0.04283114896344177 0.041256861789217371 0.047236078988083324 -0.014723859649832478 0.029488910850498908 -0.0072321914963487839 -0.03752224265246934 0.012396184222674737 0.010601977387183105
leaf_weight=2.3986594364978355 2.0229000045801504 2.616959328530359 6.4355012258165543 4.0268226572079575 2.1593361679697392 5.1825795713812104 2.0349537403089917 5.5432659140788019 1.7040795586071906 9.9749598984490131 74.648107849177904 6.270697871572338 20.951695679745171 20.93811583891511
leaf_count=45 23 41 125 156 36 89 15 69 28 125 1490 49 1150 199
internal_value=-0.000971339 -0.000332241 0.0124964 -0.00207946 -0.00112632 -0.00285173 -0.000902074 0.0211034 0.0326485 0.0183844 -0.00190874 -0.0205287 -0.000360709 -0.0032563
internal_weight=166.909 164.886 19.0274 145.858 141.831 132.425 127.242 9.40668 7.24735 16.4105 125.207 8.66936 116.538 95.5862
internal_count=3640 3617 291 3326 3170 3037 2948 133 97 250 2933 94 2839 1689
is_linear=0
shrinkage=0.05


Tree=169
num_leaves=15
num_cat=0
split_feature=20 23 16 18 20 20 20 20 16 20 16 20 20 16
split_gain=1.65427 1.17489 1.13781 3.27724 3.59296 2.72638 1.5091 5.31364 1.47863 4.2268 5.06298 3.71522 9.28848 8.24415
threshold=0.113988925 0.6123133850000001 59.984685500000005 3.4143936500000007e-05 0.10322841500000002 0.10869161000000001 0.075371021000000024 0.069428149000000008 50.405428000000008 0.10915670500000001 30.280040000000003 0.076390651000000018 0.094391638500000014 25.253168500000005
decision_type=2 2 2 2 2 2 2 2 2 2 2 2 2 2
left_child=2 -2 8 -4 6 -6 7 -5 9 10 11 13 -13 -1
right_child=1 -3 3 4 5 -7 -8 -9 -10 -11 -12 12 -14 -15
leaf_value=-0.0064673069958987766 -0.0046427428679219991 -0.043687502052917798 -0.030545129574380284 0.044328398321597372 -0.033608777078092719 0.012534688527624519 0.036351721752349214 -0.040073646021376731 -0.012323204553879098 -0.043782546807160559 0.041137141713284121 -0.039524812186133421 0.010705022678138068 0.040051403684629158
leaf_weight=28.217929172853474 4.2657957710325709 2.9734840535093099 4.0141418298007912 2.8696481888182523 4.7815039596753177 6.3301228999625891 11.863348610932006 2.607114500598982 31.881111165566836 4.1694932878017417 6.8132190483156583 16.217052986845374 19.070007680682465 13.210276946309021
leaf_count=603 87 131 377 47 41 63 184 23 668 84 228 191 253 659
internal_value=-0.00221249 -0.024036 -0.00102315 0.00714172 0.0133154 -0.00845704 0.0269677 0.00416645 -0.00328076 0.000108337 0.00279128 -0.00109979 -0.0128324 0.00896055
internal_weight=159.284 7.23928 152.045 32.4659 28.4517 11.1116 17.3401 5.47676 119.579 87.698 83.5285 76.7153 35.2871 41.4282
internal_count=3639 218 3421 735 358 104 254 70 2686 2018 1934 1706 444 1262
is_linear=0
shrinkage=0.05


Tree=170
num_leaves=15
num_cat=0
split_feature=7 11 18 9 20 20 20 20 3 20 17 20 22 13
split_gain=1.43183 2.75249 2.01776 1.45663 4.13061 3.21162 2.57217 3.03881 3.08332 2.50701 2.08394 3.67301 3.15098 3.54064
threshold=0.51498846000000009 0.11013165500000001 8.2935382500000021e-05 11.166666500000002 0.071614835500000015 0.076616847000000016 0.093824328000000026 0.10687178000000001 17.927691000000003 0.063602257000000009 0.0031207643500000006 0.07435968200000001 0.97758068000000009 0.084603694500000007
decision_type=2 2 2 2 2 2 2 2 2 2 2 2 2 2
left_child=1 -1 -3 9 -5 -6 -7 -8 -9 -2 11 -11 13 -12
right_child=3 2 -4 4 5 6 7 8 -10 10 12 -13 -14 -15
leaf_value=-0.015106027057747114 0.014572851368986284 -0.0096210528648581744 0.039720452238562909 -0.024098094090777886 0.049104473906383152 -0.015920972328381192 0.034869619982084786 0.032638033149618342 -0.026994358990141083 -0.010668004294665656 0.021958049042690966 -0.060940447472586715 0.0047832816066229172 -0.023771000847864401
leaf_weight=4.7910627070814362 13.489215693494769 2.3012292053317633 7.4196956299711019 7.734367999364621 4.6519538071006563 7.605453766416761 9.4723892565816659 2.4012247063219538 5.050713605247438 21.233432107372213 4.2861727767158326 3.5619191240984938 45.178560186643153 23.725721530790906
leaf_count=70 1303 74 80 280 56 89 91 28 72 298 67 41 741 352
internal_value=-0.000590324 0.0138727 0.028232 -0.00208813 0.00640598 0.0150214 0.00688745 0.0174535 -0.00619099 -0.00493299 -0.00773836 -0.0199723 -0.00338044 -0.0162582
internal_weight=162.903 14.512 9.72092 148.391 36.9161 29.1817 24.5298 16.9243 7.45194 111.475 97.9858 24.7954 73.1905 28.0119
internal_count=3642 224 154 3418 616 336 280 191 100 2802 1499 339 1160 419
is_linear=0
shrinkage=0.05


Tree=171
num_leaves=15
num_cat=0
split_feature=7 18 18 20 17 20 20 9 20 17 0 19 21 10
split_gain=3.42053 2.46487 1.34838 1.82447 1.33537 4.60836 3.8185 3.84238 3.75888 3.06451 3.21308 3.1572 2.36136 2.15126
threshold=0.51498846000000009 8.2935382500000021e-05 0.00045932134000000005 0.11605438500000002 0.005836314950000001 0.10086051500000003 0.10322841500000002 5.7083333500000011 0.091536058000000017 0.0038084395000000004 0.019424092500000004 0.24930939000000005 0.59025810000000012 0.33310076500000002
decision_type=2 2 2 2 2 2 2 2 2 2 2 2 2 2
left_child=1 -1 3 4 5 8 -6 -8 9 10 -2 -12 -10 -9
right_child=2 -3 -4 -5 6 -7 7 13 12 -11 11 -13 -14 -15
leaf_value=-0.012578729260461514 -0.0060104898512372126 0.035470606759516229 0.02557870266630341 -0.035049165166001116 0.031576753232211839 -0.036220053660375867 -0.033696001368344379 -0.01363616711629829 -0.018677803053023707 -0.037724984753049681 0.038277521022950844 -0.021656754383667792 0.037038010601402424 0.016279740620999503
leaf_weight=2.9624043531948692 62.698298340372276 9.9282258827006427 3.4193628038046873 3.1749830731423563 9.8255990170873684 9.3632563268765789 6.7018252360867363 8.1053928378969449 1.734920655726454 5.4721231560688457 7.420743325725196 2.239912876393646 8.2173260083654878 17.07213307544589
leaf_count=97 2114 112 50 136 161 78 151 86 43 97 87 55 188 151
internal_value=0.000608499 0.0243177 -0.00164452 -0.00247419 -0.00148404 -0.00468593 0.00590947 -0.00272127 -0.000952323 -0.00475523 -0.00178163 0.0236533 0.0265068 0.00649591
internal_weight=158.337 12.8906 145.446 142.027 138.852 97.1466 41.705 31.8794 87.7833 77.8311 72.359 9.66066 9.95225 25.1775
internal_count=3606 209 3397 3347 3211 2662 549 388 2584 2353 2256 142 231 237
is_linear=0
shrinkage=0.05


Tree=172
num_leaves=15
num_cat=0
split_feature=12 16 19 21 11 7 18 8 7 17 11 16 0 16
split_gain=1.85852 2.69856 2.49151 2.05238 2.47669 2.32273 2.78991 2.7716 3.48624 2.74177 1.82421 1.59667 1.33361 1.2721
threshold=0.37834802500000003 60.173731000000011 0.18673993000000003 0.53909967000000014 0.13556436000000002 0.81531366000000005 0.00011577659500000002 0.35403257500000007 0.96140225000000012 0.0061102937500000015 0.10318708500000001 30.038999000000004 0.016922579500000003 60.279294000000007
decision_type=2 2 2 2 2 2 2 2 2 2 2 2 2 2
left_child=1 3 -2 4 -1 -5 9 -8 11 -7 12 -9 -4 -3
right_child=2 13 10 5 -6 6 7 8 -10 -11 -12 -13 -14 -15
leaf_value=-0.010794402310964877 0.026166667207593648 0.038478072200801135 -0.043823448302918053 0.011596871308534769 0.04020570109005886 -0.052105424677282824 0.025413996784819745 -0.02053999541800124 -0.044033533067060954 0.005991031850282354 0.0014154484064944194 0.020935700892581871 0.0025705275436754601 -0.0018229150184622769
leaf_weight=6.1825181082822365 8.7531259482493606 2.8599635140271848 3.0028934958390883 4.5977229517884544 2.5974638471961953 10.102351830923 3.3371508001582724 3.0753036392852646 6.6506406897678971 2.249859736301004 95.654074208345264 4.4233469478785992 2.3551781544229016 3.7997486626263708
leaf_count=261 126 40 42 46 86 101 50 30 65 45 2585 50 24 61
internal_value=-0.00161123 -0.0095143 0.00203331 -0.0141085 0.00686173 -0.0194978 -0.0245098 -0.010647 -0.0202683 -0.0418674 -0.000293957 0.00351054 -0.0262337 0.018248
internal_weight=159.641 49.8761 109.765 43.2164 8.77998 34.4364 29.8387 17.4864 14.1493 12.3522 101.012 7.49865 5.35807 6.65971
internal_count=3612 835 2777 734 347 387 341 195 145 146 2651 80 66 101
is_linear=0
shrinkage=0.05


Tree=173
num_leaves=15
num_cat=0
split_feature=20 9 9 17 14 20 20 20 10 0 18 3 20 10
split_gain=2.15131 2.80864 2.60346 3.34316 2.77849 2.33781 2.83378 2.65278 2.66408 2.08249 3.64702 1.95863 1.8516 5.16817
threshold=0.067508926000000011 10.166666500000002 11.416666500000002 0.0031207643500000006 0.25949976000000002 0.078078921000000009 0.093824328000000026 0.10687178000000001 0.32775059500000009 0.014972707000000002 0.00015830025000000003 18.602133000000002 0.10086051500000003 0.34597823000000005
decision_type=2 2 2 2 2 2 2 2 2 2 2 2 2 2
left_child=1 9 3 4 -2 -4 -7 8 -8 -1 -11 -9 13 -5
right_child=2 -3 5 12 -6 6 7 11 -10 10 -12 -13 -14 -15
leaf_value=-0.0027426704910558002 0.012731585877921834 -0.016052923859875751 0.030619937606182559 0.032388468054260565 -0.037200336619061525 -0.030786593398517904 -0.008601258292634785 0.020871296726431378 0.045830841252213546 0.034565722456814642 -0.033074189184874057 -0.023991010217584419 -0.0092111015692672576 -0.0075120084024037767
leaf_weight=7.7440906300907981 2.9748547803610554 6.5501244996557935 8.3794330079108494 11.228733078402 12.486169483629054 4.4961925919633385 2.9628726188093442 2.8259373265318555 5.7186053264886141 16.603627755364872 1.4516186136752356 5.9586324701085687 44.890308109985199 23.32390572479926
leaf_count=1044 33 333 87 310 176 66 29 31 56 413 13 81 656 303
internal_value=0.000167139 0.0114608 -0.00281757 -0.00688643 -0.0274031 0.00972283 0.000763525 0.0101127 0.0282843 0.0187846 0.0276772 -0.00890099 -0.00260249 0.00600092
internal_weight=157.595 32.3495 125.246 94.904 15.461 30.3417 21.9622 17.466 8.68148 25.7993 18.0552 8.78457 79.4429 34.5526
internal_count=3631 1803 1828 1478 209 350 263 197 85 1470 426 112 1269 613
is_linear=0
shrinkage=0.05


Tree=174
num_leaves=15
num_cat=0
split_feature=22 11 8 8 10 8 7 23 23 19 23 12 18 21
split_gain=1.33537 1.3634 1.2549 2.10628 1.77872 2.14669 2.35441 1.6519 1.85432 2.15761 1.63237 1.75041 1.4156 4.28077
threshold=1.3911645500000003 0.18925532500000003 1.8104114000000002 1.2339775000000002 0.38140174000000004 0.55636979500000006 0.93919042500000016 1.1518932000000002 -0.4147494149999999 0.20538873000000005 -1.6456215499999998 0.23270943000000002 0.00028335031500000002 0.66138174500000002
decision_type=2 2 2 2 2 2 2 2 2 2 2 2 2 2
left_child=1 2 3 4 5 6 -1 8 9 -6 -8 -12 -13 -14
right_child=-2 -3 -4 -5 7 -7 10 -9 -10 -11 11 12 13 -15
leaf_value=-0.031080127598715007 -0.030393170341399801 -0.025757876548245906 -0.025736762826196871 0.017457940884598542 -0.028828398981507297 0.027305904528747867 -0.029358515863358497 0.0096952576724067627 -0.019802473680216936 0.015189412100893343 0.033882593534148152 0.0059516062432491525 -0.039162590782959535 0.029161039750799058
leaf_weight=4.240256456192582 2.627628482587169 3.8670406499877563 3.2313962201587847 17.943300323095173 2.8309477400034657 7.8894545268267384 2.5790337586076921 9.7887121841777098 26.225226169102825 9.2637180235469696 3.9888917305506757 55.091099545243196 5.3168725313735177 2.7126687207492068
leaf_count=39 849 62 35 208 29 116 78 166 323 108 70 1411 95 44
internal_value=-0.000405674 0.000294397 0.0011261 0.00188207 -0.000385919 0.00408775 0.00127863 -0.0079226 -0.0125551 0.00347162 0.00365934 0.00534065 0.00303666 -0.0154072
internal_weight=157.596 154.969 151.102 147.87 129.927 81.8183 73.9288 48.1086 38.3199 12.0947 69.6886 67.1095 63.1206 8.02954
internal_count=3633 2784 2722 2687 2479 1853 1737 626 460 137 1698 1620 1550 139
is_linear=0
shrinkage=0.05


Tree=175
num_leaves=15
num_cat=0
split_feature=20 8 7 13 3 14 22 14 7 13 18 19 13 19
split_gain=1.32001 1.32197 1.44591 1.27353 1.22378 2.56125 1.20223 1.41502 1.25625 1.92697 1.18361 2.81994 3.88922 2.73514
threshold=0.11775318000000001 1.1668918500000003 0.6304181350000001 0.082130596500000014 24.376614500000006 0.27071078500000006 1.1707061000000001 0.36687764000000006 0.51837760500000007 0.6443596800000001 4.3062924500000008e-05 0.20538873000000005 0.57017408500000011 0.21252823000000001
decision_type=2 2 2 2 2 2 2 2 2 2 2 2 2 2
left_child=1 2 -1 -3 10 -6 7 8 -5 -10 13 12 -12 -4
right_child=-2 3 4 6 5 -7 -8 -9 9 -11 11 -13 -14 -15
leaf_value=-0.030144810882296497 -0.032406035564101383 0.04162068312294559 0.037267123252012889 0.035836529662209307 0.017674709981259688 -0.032724300456559101 -0.017573660381448968 -0.0062384050868050378 0.028329090048261896 -0.021693647960233969 0.011961710591295083 0.0052570206895383416 -0.028144301348829882 -0.001235155050971657
leaf_weight=2.7652392952004439 1.775544782867654 2.4267097212141406 6.6449799857800853 6.4031384135596507 3.1448661789763701 6.0171754339244217 2.9801380468998095 6.0139135010540477 2.8696856517344713 2.8521298822015524 8.7475700645009073 76.630867899104487 15.74132659845054 11.474078977480529
leaf_count=45 143 42 103 65 37 86 150 55 31 26 164 1159 154 1330
internal_value=0.0018001 0.00239826 0.000402187 0.0130484 0.00128792 -0.0153879 0.00803198 0.0129373 0.022199 0.00387662 0.00268658 0.000524206 -0.013911 0.0140958
internal_weight=156.487 154.712 131.166 23.5457 128.401 9.16204 21.119 18.1389 12.125 5.72182 119.239 101.12 24.4889 18.1191
internal_count=3590 3447 3078 369 3033 123 327 177 122 57 2910 1477 318 1433
is_linear=0
shrinkage=0.05


Tree=176
num_leaves=15
num_cat=0
split_feature=14 13 16 7 20 15 18 19 19 7 7 3 23 23
split_gain=1.81682 2.51287 2.2913 2.02876 2.53226 1.90739 1.85333 1.88091 2.31617 1.82042 1.80437 1.89497 1.78408 2.18551
threshold=0.32274866000000008 0.57139120500000018 24.936011500000003 0.97076015000000015 0.10281340500000001 0.017467582000000006 0.00024415867500000003 0.20668529000000002 0.21532974000000002 0.94561270000000019 0.9612286750000002 18.151952500000004 -0.63013647999999989 -0.14017347999999999
decision_type=2 2 2 2 2 2 2 2 2 2 2 2 2 2
left_child=2 6 -1 -3 -5 -4 7 -2 9 -9 11 -8 -10 -14
right_child=1 3 5 4 -6 -7 10 8 12 -11 -12 -13 13 -15
leaf_value=-0.024261148400114504 0.023750901509035107 -0.0252171889415801 0.002955121647740084 0.027132162753487888 -0.031724570550799192 0.020509306313814323 0.03147648220663006 -0.051633936450847684 0.028609284540064783 0.0017187360143133671 -0.041672761878620151 -0.016591043030133357 -0.027080554322999707 0.0071929776088211668
leaf_weight=4.8125684884143984 10.085783756920135 18.828503508993894 50.082038781780284 4.147985227580647 1.8628821391612289 21.674897877150215 2.0365807034540904 2.4888176852837196 5.7018082113354458 2.8364127746899612 3.4241347725619562 5.3179773497395217 4.9790886640548697 19.948418932384818
leaf_count=51 216 325 800 76 19 346 27 28 245 90 115 71 189 993
internal_value=0.000630888 -0.004531 0.00612329 -0.0174604 0.00696808 0.00846655 0.00132554 0.00574503 0.000188091 -0.0274374 -0.016437 -0.0011061 0.00570668 -0.000433344
internal_weight=158.228 81.6584 76.5695 24.8394 6.01087 71.7569 56.819 46.0403 35.9545 5.32523 10.7787 7.35456 30.6293 24.9275
internal_count=3591 2394 1197 420 95 1146 1974 1761 1545 118 213 98 1427 1182
is_linear=0
shrinkage=0.05


Tree=177
num_leaves=15
num_cat=0
split_feature=20 10 20 8 20 20 17 17 16 16 17 10 20 16
split_gain=1.61996 1.29132 4.05081 3.50841 3.11641 3.22855 2.83055 2.71488 2.9945 2.37064 1.9581 2.79133 2.67111 3.00848
threshold=0.11640078500000002 0.32088554000000008 0.10086051500000003 0.47798128000000006 0.07708854100000001 0.066834719000000015 0.0021802653500000006 0.005836314950000001 59.633289000000005 25.023629000000003 0.0057642292500000008 0.5414481200000002 0.07849097250000002 49.482849000000009
decision_type=2 2 2 2 2 2 2 2 2 2 2 2 2 2
left_child=1 2 4 7 5 6 9 -4 -9 -1 12 -12 -3 -14
right_child=-2 10 3 -5 -6 -7 -8 8 -10 -11 11 -13 13 -15
leaf_value=-0.037084013219522059 -0.032391308733088701 0.0045080219669995925 -0.069500566609893621 0.015481221750714442 0.030726874553951233 -0.030465634356093636 0.029753593416919251 -0.00015129832250225086 -0.052251444338625719 0.01770022432237052 0.017767603819946763 -0.018395617787242809 -0.035631894646872601 0.0010677083326871152
leaf_weight=3.4912856015726046 3.0194035710301241 46.525317215418909 3.4795535721350488 3.6546099744737139 7.313277968147303 7.0682319183833888 6.7714741242816672 7.3000563526875322 3.4382696552202106 2.7111168066621758 31.192534005385824 5.5499895587563506 9.6789390943595226 11.586949468008241
leaf_count=159 167 1096 30 38 207 142 134 158 66 706 324 46 161 159
internal_value=-0.00106621 -0.000223985 -0.00719122 -0.025033 0.00493731 -0.00548623 0.00932898 -0.0357798 -0.0198633 -0.0140047 0.00283006 0.0119625 -0.0022216 -0.0164858
internal_weight=152.781 149.762 45.2279 17.8725 27.3554 20.0421 12.9739 14.2179 10.7383 6.2024 104.534 36.7425 67.7912 21.2659
internal_count=3593 3426 1640 292 1348 1141 999 254 224 865 1786 370 1416 320
is_linear=0
shrinkage=0.05


Tree=178
num_leaves=15
num_cat=0
split_feature=16 16 20 3 10 18 21 3 3 3 12 12 1 10
split_gain=1.22602 1.31638 3.0175 2.45085 2.36466 1.74943 4.35511 2.41703 1.7069 1.84615 1.72281 2.31776 2.8616 1.83662
threshold=24.879500000000004 29.872106500000005 0.061286753000000006 15.821794000000002 0.47311985500000003 4.5468625000000009e-05 0.57390564500000008 16.898298000000004 22.684172500000006 21.783554000000006 0.27074441000000005 0.31042496500000005 0.98742088500000014 0.44929539000000002
decision_type=2 2 2 2 2 2 2 2 2 2 2 2 2 2
left_child=-1 2 3 -2 5 6 -4 -7 9 10 -3 -12 13 -13
right_child=1 8 4 -5 -6 7 -8 -9 -10 -11 11 12 -14 -15
leaf_value=0.026388593585600952 -0.029171936207937833 0.02324476630235545 0.042409631956748656 0.037548957587220433 0.014838521032394006 0.0076454258456339482 -0.040985550398764635 -0.036077066251707944 -0.01179344709000095 0.025961141548090091 -0.027465713555053891 0.0066063789731115015 -0.0049871567978863815 0.036140331679020192
leaf_weight=3.053721373085863 1.038942637213039 7.4050933932885519 2.453425861313014 4.2614397261640988 4.3875449253246179 3.4793102486291927 1.8753844527527688 16.464969336986542 20.226072035438847 7.6154825838748357 6.2839084807783356 19.132735250168484 49.38135707861511 6.6074717333540312
leaf_count=44 183 127 34 192 49 71 20 159 283 110 108 1048 1044 125
internal_value=-0.000755787 -0.00147657 -0.00998839 0.0219164 -0.0164287 -0.022444 0.0053688 -0.0284488 0.00106532 0.00385591 0.00169243 -0.000526378 0.0020583 0.0152557
internal_weight=153.667 150.613 33.961 5.30038 28.6606 24.2731 4.32881 19.9443 116.652 96.426 88.8106 81.4055 75.1216 25.7402
internal_count=3597 3553 708 375 333 284 54 230 2845 2562 2452 2325 2217 1173
is_linear=0
shrinkage=0.05


Tree=179
num_leaves=15
num_cat=0
split_feature=9 3 21 3 0 12 9 12 3 16 18 22 15 22
split_gain=1.82646 2.86925 2.68241 2.13845 1.93342 2.0312 2.20379 1.91057 1.80921 1.79147 1.68265 1.67095 1.50201 3.18849
threshold=4.2916666500000007 14.799402500000001 0.64378646000000017 13.663865000000001 0.014859281 0.5859715350000001 10.416666500000002 0.30219714000000003 20.327855500000002 30.126313000000003 0.00020909654500000002 1.0620639000000003 0.032086479500000008 0.93336103500000012
decision_type=2 2 2 2 2 2 2 2 2 2 2 2 2 2
left_child=1 -1 7 -2 5 6 9 -3 -4 -5 -11 -8 -9 -14
right_child=3 2 8 4 -6 -7 11 12 -10 10 -12 -13 13 -15
leaf_value=0.028572445253290502 -0.028246513879794308 0.008914820200773407 -0.016450690720283476 -0.038576497521698436 0.0074720568751365478 0.016813859153919249 0.022959525890000027 -0.047625513468680047 0.037153539018579824 -0.017753674414328013 0.025810735890004228 -0.019659347262960841 -0.052576755548419521 0.017614638848032601
leaf_weight=2.8233883093926151 4.3468303982517673 2.4942524115322184 2.1747841434553257 7.9893591292784647 98.607136124162935 6.4225498372688881 5.3250306220725161 8.2432117658900079 2.3226591711863875 7.1521819591871445 2.0810798043385148 2.6938525377772748 1.647415474988519 3.2945744907483459
leaf_count=916 106 26 27 172 1478 215 61 111 31 205 24 134 14 77
internal_value=0.00054544 -0.0121725 -0.018954 0.0027921 0.00403507 -0.00656935 -0.0129331 -0.0283347 0.0129553 -0.0226084 -0.00637199 0.00804989 -0.0355129 -0.0106943
internal_weight=157.618 23.0003 20.1769 134.618 130.271 31.6641 25.2415 15.6795 4.49744 17.2226 9.23326 8.01888 13.1852 4.94199
internal_count=3597 1202 286 2395 2289 811 596 228 58 401 229 195 202 91
is_linear=0
shrinkage=0.05


Tree=180
num_leaves=15
num_cat=0
split_feature=20 17 16 20 17 20 17 20 18 17 20 3 20 20
split_gain=1.66316 2.05153 2.36512 2.21719 1.38654 3.48282 2.26273 3.79027 3.11081 2.25713 2.82743 3.48994 2.50326 2.46257
threshold=0.11702090500000002 0.0072907839500000009 60.267203000000002 0.11361144000000001 0.0066714933500000009 0.10687178000000001 0.0061592559000000014 0.10473688500000002 0.00022978099500000002 0.0058598260000000011 0.10086051500000003 19.588645500000002 0.10297994000000001 0.094391638500000014
decision_type=2 2 2 2 2 2 2 2 2 2 2 2 2 2
left_child=1 3 -3 4 5 6 7 9 -8 10 13 -12 -11 -1
right_child=-2 2 -4 -5 -6 -7 8 -9 -10 12 11 -13 -14 -15
leaf_value=-0.001914791456662932 -0.036060216854077787 0.03615261125147233 -0.01863455352910463 -0.038855536408717341 0.016639046698318543 -0.040784466659160759 0.04291611729787323 -0.049705713071929926 -0.021562405935832998 0.042461779261806998 -0.046680965148947741 0.0065075204049294027 -0.00011656912395330102 0.026260171535771887
leaf_weight=84.564238773135003 2.166641959687694 6.6006914759054762 1.9576830083969978 2.7546480130404225 10.608633289637508 4.3804486016742876 5.4214780829497604 2.9380130879580966 1.9254605507012454 5.281377185136078 6.3803502324735728 4.9239358678460121 7.6514490862609819 7.528969998471438
leaf_count=2541 148 82 22 54 134 84 66 21 25 103 55 33 73 196
internal_value=-0.000192557 0.000546622 0.0229819 -0.000932416 7.26052e-05 -0.00138491 0.000287081 -0.0014623 0.025459 0.000169374 -0.00235482 -0.0248671 0.0190708 0.000645961
internal_weight=155.084 152.917 8.55837 144.359 141.604 130.996 126.615 119.268 7.34694 116.33 103.397 11.3043 12.9328 92.0932
internal_count=3637 3489 104 3385 3331 3197 3113 3022 91 3001 2825 88 176 2737
is_linear=0
shrinkage=0.05


Tree=181
num_leaves=15
num_cat=0
split_feature=23 10 12 15 8 8 8 11 17 20 17 20 18 10
split_gain=1.14747 1.15293 2.38691 1.29259 1.56766 1.56463 2.07499 1.97122 1.7906 3.28814 3.81608 2.65672 2.43639 2.27852
threshold=2.4978355500000005 0.26324152500000003 0.50381256500000016 0.051503094500000006 0.29993875000000003 0.38675509500000005 0.43866070000000007 0.12086985500000001 0.0021802653500000006 0.076390651000000018 0.0033639073000000003 0.061731599500000005 6.9811335500000014e-05 0.52758107500000007
decision_type=2 2 2 2 2 2 2 2 2 2 2 2 2 2
left_child=1 2 -1 4 -3 -6 -7 -8 11 12 -11 -9 -10 -12
right_child=-2 3 -4 -5 5 6 7 8 9 10 13 -13 -14 -15
leaf_value=-0.022950521605228844 -0.025802825705095084 0.02572058934348001 0.021168193621795076 -0.023274386970185763 -0.010744094246213681 0.018792654064518088 -0.01145953492695089 0.0081222591618945496 -0.003372452630278717 -0.044824393338451667 0.00976136450485658 -0.052637184016219085 0.035304900762970617 -0.022987603586604389
leaf_weight=11.102853505290112 3.1776761421933761 6.2391049569705492 3.2367972252541213 3.8277297334279856 19.97887458128389 18.855588277103379 22.840974755003117 3.6042508174432433 5.4346316419541862 3.2982171447947612 33.250918675679713 2.196059200912714 13.497177281416951 5.3151617022231212
leaf_count=179 436 87 825 150 304 301 320 286 50 27 419 15 153 74
internal_value=5.27527e-05 0.000755282 -0.0122611 0.00218282 0.00307366 0.00178167 0.0041697 0.000913119 0.00526339 0.00787463 -8.16462e-05 -0.0192395 0.0245899 0.004781
internal_weight=155.856 152.678 14.3397 138.339 134.511 128.272 108.293 89.4374 66.5964 60.7961 41.8643 5.80031 18.9318 38.5661
internal_count=3626 3190 1004 2186 2036 1949 1645 1344 1024 723 520 301 203 493
is_linear=0
shrinkage=0.05


Tree=182
num_leaves=15
num_cat=0
split_feature=19 18 19 3 17 19 14 19 0 16 16 15 15 7
split_gain=1.23487 2.71204 2.58321 2.17013 2.47514 2.47375 2.70482 1.99075 2.3894 1.86602 1.80559 3.09937 1.84937 1.71531
threshold=0.22917482000000003 3.9454942000000002e-05 0.22357395000000002 17.175076000000004 0.0023602609500000004 0.21532974000000002 0.32274866000000008 0.23476810000000001 0.019731079500000002 29.939767500000006 60.082877000000003 0.013029454000000001 0.017467582000000006 0.95722294500000016
decision_type=2 2 2 2 2 2 2 2 2 2 2 2 2 2
left_child=2 -2 3 -1 -5 9 -7 -3 13 -6 11 -11 -13 -9
right_child=1 7 -4 4 5 6 -8 8 -10 10 -12 12 -14 -15
leaf_value=0.013834111221194998 -0.021067340995046945 0.024479082487883344 -0.024593245506385017 0.017654929161207627 -0.036954778011348305 0.028723036932006618 -0.012538311985153311 0.016951306788091803 -0.027866400041175951 -0.027544469220314262 -0.032446396156275696 0.033662065794343048 -0.0017479677815160034 -0.0045182294945545097
leaf_weight=17.311544549767859 8.1533549111336452 13.222720495890824 13.07178320706589 8.6560137933120114 7.8061604582471764 6.6417417475022358 7.4088089377619326 19.354613752744626 4.5977901492733499 7.7620254103094402 6.0348320282064369 4.2795005342923131 11.927374897059051 16.51161665096879
leaf_count=417 1449 187 198 87 85 78 103 293 59 90 68 55 167 313
internal_value=-0.00118947 0.004221 -0.00487614 -0.00129454 -0.00577682 -0.00994782 0.00757858 0.00837652 0.00265111 -0.0164883 -0.0101432 -0.00345322 0.00901513 0.00721299
internal_weight=152.74 61.8401 90.8998 77.828 60.5165 51.8604 14.0506 53.6867 40.464 37.8099 30.0037 23.9689 16.2069 35.8662
internal_count=3649 2301 1348 1150 733 646 181 852 665 465 380 312 222 606
is_linear=0
shrinkage=0.05


Tree=183
num_leaves=15
num_cat=0
split_feature=22 22 1 7 17 3 10 12 10 10 16 9 1 1
split_gain=1.4423 1.54527 1.47734 1.45321 1.29628 1.62098 1.7932 2.24557 2.25305 1.43614 1.38547 1.77322 1.64633 1.569
threshold=0.75672024000000004 1.3911645500000003 0.98496155500000004 0.98283810000000005 0.005836314950000001 18.577461000000003 0.32485869000000006 0.41620848000000005 0.53614204000000021 0.47891823500000003 59.994050000000009 9.583333350000002 0.98870020000000014 0.99735449500000006
decision_type=2 2 2 2 2 2 2 2 2 2 2 2 2 2
left_child=2 3 -1 4 10 -6 -7 -8 9 -9 13 12 -12 -2
right_child=1 -3 -4 -5 5 6 7 8 -10 -11 11 -13 -14 -15
leaf_value=-0.043509018878080112 0.0037563223297881012 -0.030293529371830039 -0.0039265927772533403 0.026753346004498798 0.020457101171632845 -0.022029681745743723 0.027441716586466464 -0.0050840284468329083 -0.039328570223747805 0.029449127890422495 -0.0056985176895926557 -0.010146380164087391 0.035743986454812769 -0.010801111400567975
leaf_weight=2.4893165354151261 31.867315579205751 2.5928439513663752 7.9861443592235446 5.1293447121279305 16.809080107137561 5.5548355206847218 7.8961104829795685 9.2546318206004781 2.5422217403538516 3.3096874505281439 3.1099279494956118 5.4724555294960728 6.766519223805517 41.878234168048948
leaf_count=31 450 853 78 889 204 96 102 120 31 37 45 77 95 503
internal_value=0.000757506 0.00211966 -0.0163045 0.00293291 0.00183343 0.00861649 0.00119072 0.00748233 -0.00400637 0.00551312 -0.00167778 0.0115307 0.0233703 -0.00454438
internal_weight=152.659 142.183 10.4755 139.59 134.461 45.3666 28.5575 23.0027 15.1065 12.5643 89.0945 15.3489 9.87645 73.7455
internal_count=3611 3502 109 2649 1760 590 386 290 188 157 1170 217 140 953
is_linear=0
shrinkage=0.05


Tree=184
num_leaves=15
num_cat=0
split_feature=20 16 18 22 22 16 20 20 20 18 20 20 18 22
split_gain=1.95275 2.62884 1.88322 2.03504 1.92719 2.34239 8.6286 4.6954 9.33201 4.07101 2.52608 6.53794 4.06753 3.0774
threshold=0.066834719000000015 29.753196000000006 3.1928933500000007e-05 0.99967474500000009 0.96425209500000009 50.405428000000008 0.075371021000000024 0.093824328000000026 0.10869161000000001 0.00041588449500000007 0.10128679500000001 0.075876833000000019 7.9985575500000019e-05 1.1197090000000001
decision_type=2 2 2 2 2 2 2 2 2 2 2 2 2 2
left_child=-1 -2 3 -3 -4 6 -6 -8 -9 10 11 -7 -12 -13
right_child=1 2 4 -5 5 9 7 8 -10 -11 12 13 -14 -15
leaf_value=0.0092743163430331777 -0.039856947826671589 -0.048194589671746432 0.0081898679837661484 0.00071485756874056718 0.054738409254526943 -0.048836507427316017 -0.032602675603082193 0.030460802460640198 -0.0445909973153234 0.030659963087320448 0.01376078745123027 0.030586370806428793 -0.043269767144090865 -0.015643558686308703
leaf_weight=31.026076488313265 4.0753234664443871 3.610087565961293 35.348738050786778 3.8948426995775662 5.7250733334803945 5.0948863985249799 10.755736325052569 12.567563407064883 4.9836132674245155 3.7003806517459443 3.4155755407409769 8.2343554678955098 14.327951320796272 5.1021337052807203
leaf_count=1784 87 57 486 79 77 48 168 192 158 31 71 141 181 65
internal_value=-0.00172685 -0.00460447 -0.00304604 -0.0257124 -0.00126997 -0.0058434 0.00374843 -0.00808017 0.00789511 -0.0139211 -0.0191834 -0.00569525 -0.0321431 0.0130427
internal_weight=151.862 120.836 116.761 7.50493 109.256 73.9073 34.032 28.3069 17.5512 39.8753 36.1749 18.4314 17.7435 13.3365
internal_count=3625 1841 1754 136 1618 1132 595 518 350 537 506 254 252 206
is_linear=0
shrinkage=0.05


Tree=185
num_leaves=15
num_cat=0
split_feature=13 13 3 23 3 7 20 18 20 17 3 20 10 10
split_gain=2.00463 3.13516 3.14622 2.6067 2.41703 2.30954 1.96069 2.20048 1.82225 5.06231 3.03335 2.5713 2.0351 1.84865
threshold=0.57139120500000018 0.61762268000000009 19.353120500000003 0.38805668500000007 18.286885000000005 0.95428707000000002 0.07685541550000001 0.00012986773500000005 0.10322841500000002 0.0045417656500000006 17.544954500000006 0.079303607500000012 0.44741545500000007 0.42510136000000004
decision_type=2 2 2 2 2 2 2 2 2 2 2 2 2 2
left_child=8 -2 4 -4 5 6 7 -3 9 11 -10 13 -12 -1
right_child=1 2 3 -5 -6 -7 -8 -9 10 -11 12 -13 -14 -15
leaf_value=0.016157579864752535 -0.016696246197720914 -0.020698166074569962 0.02614643729414436 -0.0028166745482834463 -0.028227469176128873 0.017748988084676381 -0.026184268684082659 0.040092928639386044 0.026743310593869099 0.040075157908529238 -0.032484636178320966 -0.029677875408415034 0.0088213140357094044 -0.012969471712040005
leaf_weight=18.092011824133813 33.61673404625617 1.9424224543035986 16.567238528281454 13.609925248252692 9.7375522342626919 9.8566840984858555 8.3418438939843309 2.1727575026452541 3.9907578412676221 11.013606806518508 8.0145676950924081 4.4795871262904248 3.9230700922198585 6.7666651832405469
leaf_count=1179 598 108 187 247 127 210 85 30 124 295 121 90 53 168
internal_value=-0.000247299 -0.00463117 0.00204755 0.0134127 -0.00873509 0.000617156 -0.0132501 0.0129619 0.00716893 0.012734 -0.00684871 0.00148752 -0.0192776 0.0080341
internal_weight=152.125 95.8452 62.2284 30.1772 32.0513 22.3137 12.457 4.11518 56.2803 40.3519 15.9284 29.3383 11.9376 24.8587
internal_count=3622 1592 994 434 560 433 223 138 2030 1732 298 1437 174 1347
is_linear=0
shrinkage=0.05


Tree=186
num_leaves=15
num_cat=0
split_feature=23 12 1 21 16 8 13 15 11 8 11 20 13 13
split_gain=0.986335 1.86572 1.58036 1.50114 2.41439 1.80307 2.31969 1.68161 1.67932 2.0025 1.59623 1.48956 1.46126 1.44433
threshold=0.11031790000000001 2.4066622500000006 0.97837774500000008 0.58693511000000009 30.226438000000005 0.5125269400000001 0.60274488500000012 0.020305091500000004 0.14063769000000001 0.36019276000000006 0.14860185500000003 0.097217735000000013 0.6910889600000002 0.57017408500000011
decision_type=2 2 2 2 2 2 2 2 2 2 2 2 2 2
left_child=1 3 11 5 8 6 7 -1 9 -5 -6 -2 -8 -4
right_child=2 -3 13 4 10 -7 12 -9 -10 -11 -12 -13 -14 -15
leaf_value=0.041191057888812027 -0.0042442956119165256 -0.029915156433049331 0.0030009946057773461 0.019976572310470675 0.014716501517048994 0.030461613866589285 -0.022099683235928102 -0.00054395094874317112 0.017907463135694295 -0.029114292668866212 -0.023679408990316418 0.032211408322690753 0.017720721000421463 -0.011593134040139501
leaf_weight=4.3076275932835468 5.1779345193062891 2.7621542009292162 26.423765058629215 1.7574905868386839 20.331807324488185 10.364226460456846 7.2705380822299031 4.3793316758237779 2.5007997074280857 11.507656197063623 2.1882838859455651 4.6226808356004767 2.345290616271086 44.644249519857112
leaf_count=66 480 35 765 64 328 123 71 416 42 105 28 114 32 941
internal_value=0.000171006 0.00449535 -0.0035663 0.0063343 -0.000202184 0.0147766 0.00477679 0.0222671 -0.014695 -0.0216658 0.0101374 0.0143412 -0.0116331 -0.00620055
internal_weight=150.584 69.7152 80.8686 66.9531 38.286 28.667 18.3028 8.68696 15.7659 13.2651 22.5201 9.80062 9.61583 71.068
internal_count=3610 1310 2300 1275 567 708 585 482 211 169 356 594 103 1706
is_linear=0
shrinkage=0.05


Tree=187
num_leaves=15
num_cat=0
split_feature=20 17 20 17 20 9 14 16 18 14 20 17 12 11
split_gain=1.70123 2.29169 3.28522 1.96582 3.27048 2.63085 1.88848 1.60679 2.63665 1.99709 2.11974 2.45141 2.40125 2.34549
threshold=0.11536729500000002 0.0067224302500000005 0.10687178000000001 0.0059791553500000002 0.10310140500000002 8.1666666500000016 0.97306366500000008 59.984685500000005 3.4143936500000007e-05 0.17458538500000001 0.063602257000000009 0.0022714538000000004 0.33513234500000005 0.10809372500000002
decision_type=2 2 2 2 2 2 2 2 2 2 2 2 2 2
left_child=1 2 3 4 6 -5 7 9 -9 -1 13 -12 -13 -11
right_child=-2 -3 -4 5 -6 -7 -8 8 -10 10 11 12 -14 -15
leaf_value=-0.036519420304014776 -0.027438414854655275 0.01658987369218563 -0.037181469155957936 -0.0038851465120047705 -0.040016862406902769 0.03559352269538129 0.027806712157955788 -0.026642733942278153 0.019573661170902021 -0.03264611086923324 -0.046086611808713152 0.017040459600956452 -0.009595426412471502 0.019543600581275321
leaf_weight=3.9941666138474821 5.1461129686795166 16.180620242259465 5.611218284117057 8.5057609140640107 4.7838359087472773 7.04540030658245 4.2776688875746904 2.9492200790555243 14.229058731289113 1.597667928203008 2.9564161145826793 9.1925586209399608 50.17690922942711 13.626832244801333
leaf_count=70 193 210 106 129 34 68 116 353 225 51 26 96 793 1164
internal_value=-0.00167158 -0.000576392 -0.00284156 -0.000992767 -0.0034276 0.0150704 -0.00135978 -0.00288974 0.0106099 -0.00582768 -0.00380213 -0.00789118 -0.00525727 0.0123922
internal_weight=150.273 145.127 128.947 123.335 107.784 15.5512 103 98.7228 17.1783 81.5446 77.5504 62.3259 59.3695 15.2245
internal_count=3634 3441 3231 3125 2928 197 2894 2778 578 2200 2130 915 889 1215
is_linear=0
shrinkage=0.05


Tree=188
num_leaves=15
num_cat=0
split_feature=22 17 20 11 0 16 3 1 10 20 20 20 21 17
split_gain=1.41121 1.81243 2.5022 1.51896 2.01388 1.99115 2.45095 2.19654 2.32795 2.12153 3.14907 3.13896 2.28352 1.9206
threshold=1.0324932500000001 0.0021042058000000003 0.062769538500000013 0.13657938000000003 0.018107425500000003 30.166216000000002 14.253948000000001 0.99735449500000006 0.33912961000000003 0.07435968200000001 0.10376621000000001 0.066834719000000015 0.65573335500000007 0.0069129126000000004
decision_type=2 2 2 2 2 2 2 2 2 2 2 2 2 2
left_child=3 -2 -3 5 -5 6 -1 -8 -9 11 -11 -7 -12 -14
right_child=1 2 -4 4 -6 9 7 8 -10 10 12 -13 13 -15
leaf_value=0.035944655469827752 -0.031096904053450815 0.040478759509375531 -0.0054996606906252514 0.0049273753024317085 0.039121484272647784 0.029679997321645221 0.0019392583371547472 -0.0050729022156418861 -0.043148418118047038 0.033081781730849177 -0.019219977684351033 -0.039057115256018342 -0.016790311505379369 0.036363784312753375
leaf_weight=1.8096358191687638 5.5587409677100359 2.1066854721866539 63.823745344066992 15.350041624100415 5.1886846991255871 1.6388405634788821 13.116126275621355 7.9915154241025448 7.7305178809911013 11.266179449914491 7.433327481907325 3.9061818110058084 1.849728334113024 4.0240687694167718
leaf_count=142 1097 30 971 471 62 72 142 80 72 253 74 31 19 64
internal_value=-0.000915169 -0.0059969 -0.00344767 0.00357164 0.0149811 -0.000464824 -0.00928832 -0.0132363 -0.0252554 0.00852374 0.0148024 -0.0173109 -0.00190409 0.0196174
internal_weight=152.794 71.4892 65.9304 81.3048 20.5387 60.7661 30.6478 28.8382 15.722 30.1183 24.5733 5.54502 13.3071 5.8738
internal_count=3580 2098 1001 1482 533 949 436 294 152 513 410 103 157 83
is_linear=0
shrinkage=0.05


Tree=189
num_leaves=15
num_cat=0
split_feature=16 16 21 16 20 23 10 20 17 17 20 17 16 20
split_gain=1.29152 1.34426 1.11734 1.66405 2.39563 1.41713 1.30628 1.21109 3.21526 2.65404 4.86701 3.81435 4.86617 3.02368
threshold=24.879500000000004 24.922671500000003 0.67731855500000016 59.618608500000008 0.10245470000000001 -1.8228599999999997 0.34970046000000005 0.078237381500000022 0.0034985199000000006 0.0032561661500000003 0.075371021000000024 0.0029143062500000005 30.187514500000002 0.067954421000000001
decision_type=2 2 2 2 2 2 2 2 2 2 2 2 2 2
left_child=-1 -2 5 4 -4 -3 -6 9 -9 10 11 13 -13 -7
right_child=1 2 3 -5 6 7 -8 8 -10 -11 -12 12 -14 -15
leaf_value=0.025699266983361599 -0.027311035722219004 0.027658753559507223 0.033630715219458762 0.025840000288213039 0.0033138975828784418 0.003042949835230787 -0.042934447232319199 -0.046389636135675316 -0.0054812121501397228 0.021715205197444336 -0.046756103314934287 0.051045892684255023 -0.033575587966906753 -0.02936385168775579
leaf_weight=3.0884719187160945 4.3995610712445332 2.6086405390524297 1.6609717935789357 7.4558777689235285 2.4411868581664748 27.540495664055925 2.5578688448294997 4.2226801146753123 66.238853617745917 11.429195005504878 4.8997510375920674 5.8961411138297981 1.4854645451996473 8.6719593583838996
leaf_count=43 76 61 42 134 43 1691 41 56 1002 132 55 113 14 109
internal_value=-0.00206503 -0.0027958 -0.00188318 0.0110241 -0.00677034 -0.00332521 -0.0235623 -0.00415091 -0.00854766 0.00107452 -0.0041306 0.00160134 0.0320426 -0.00529819
internal_weight=154.597 151.509 147.109 14.1159 6.66003 132.993 4.99906 130.385 70.4615 59.923 48.4938 43.5941 7.38161 36.2125
internal_count=3612 3569 3493 260 126 3233 84 3172 1058 2114 1982 1927 127 1800
is_linear=0
shrinkage=0.05


Tree=190
num_leaves=15
num_cat=0
split_feature=22 0 0 12 1 1 11 22 12 9 18 16 3 19
split_gain=1.54242 1.03151 1.71866 0.956043 0.999244 2.41415 1.95091 1.51939 1.97853 1.65648 1.92895 1.93336 1.92713 1.75034
threshold=1.3911645500000003 0.023489716000000004 0.020856280000000001 0.18032542000000004 0.99735449500000006 0.98963702500000006 0.10888515500000001 0.77467042000000019 0.46859127500000003 10.583333500000002 8.2935382500000021e-05 59.738856000000006 17.218538000000006 0.21568935000000003
decision_type=2 2 2 2 2 2 2 2 2 2 2 2 2 2
left_child=1 2 3 -1 5 6 -5 8 -6 10 -9 13 -13 -12
right_child=-2 -3 -4 4 7 -7 -8 9 -10 -11 11 12 -14 -15
leaf_value=0.027528865551863835 -0.035524132615180941 -0.028095366244911116 0.023251885281369834 -0.034838989481485803 0.039102244063726449 0.027223296412698602 0.0019116971430337675 -0.015656567462992259 -0.013513143969362141 -0.020630361051744317 0.011557860778001231 -0.019089709151660222 0.029463533512814329 -0.014851856258363683
leaf_weight=1.9303994574584056 2.1322296377038574 2.2117741852998725 6.888178731314837 2.8837522567482656 3.2081177020445457 8.0614897646009904 50.516436752921436 17.979534183861688 2.4202475436031818 16.48444505687803 9.7974627625662851 1.8211915753781784 9.1598723055794817 14.101165311876683
leaf_count=51 846 26 93 31 35 126 1507 270 25 187 120 27 108 159
internal_value=-0.000804068 -6.61433e-05 0.000549845 -0.000739064 -0.00133642 0.00335984 -0.000676876 -0.00517995 0.0178518 -0.00727655 -0.00280637 0.0040693 0.0204898 -0.00399559
internal_weight=149.596 147.464 145.252 138.364 136.434 61.4617 53.4002 74.972 5.62837 69.3437 52.8592 34.8797 10.9811 23.8986
internal_count=3611 2765 2739 2646 2595 1664 1538 931 60 871 684 414 135 279
is_linear=0
shrinkage=0.05


Tree=191
num_leaves=15
num_cat=0
split_feature=8 10 20 8 20 23 22 17 20 16 17 20 21 8
split_gain=1.44019 1.8156 1.96141 1.59117 1.31392 1.21025 1.34163 1.89033 1.88532 2.45918 2.10664 1.94215 1.68043 1.5799
threshold=0.91999676500000016 0.52758107500000007 0.078237381500000022 0.62687807500000015 0.076616847000000016 2.4978355500000005 1.1740154500000002 0.0021042058000000003 0.060923370000000011 25.042894500000006 0.0025262545500000003 0.071614835500000015 0.56804281000000012 0.5125269400000001
decision_type=2 2 2 2 2 2 2 2 2 2 2 2 2 2
left_child=3 -2 -3 5 -5 6 8 -8 -1 -10 12 -12 -11 -13
right_child=1 2 -4 4 -6 -7 7 -9 9 10 11 13 -14 -15
leaf_value=0.028262522704493826 0.013839322447213906 0.016106724785341149 -0.02749441483588265 0.0030606159644018588 -0.034934306693937038 -0.033106891753014199 -0.029085586507091102 0.01692854907411841 -0.028356263450411718 0.038594538093382383 -0.033939272580650423 -0.0070472025143883885 -0.0097331630804582646 0.010960155892023376
leaf_weight=3.2503959804307661 24.430055815086234 3.3535620982875098 5.7154108129907399 3.0790077749988978 6.3390853391028941 2.2255721639376125 1.6744175224448579 14.651285862957591 9.7235949347959814 4.1730428214650592 4.4922251219395539 51.919570236175787 2.2412168729351833 14.866825596895067
leaf_count=556 476 81 77 110 89 309 353 215 119 85 53 920 30 183
internal_value=-0.0021379 0.00688194 -0.011373 -0.00472105 -0.0234113 -0.00291156 -0.00198271 0.0108028 -0.00437764 -0.00589722 -0.00276175 -0.00533262 0.0226731 -0.00293617
internal_weight=152.135 33.499 9.06897 118.636 9.41809 109.218 106.993 16.3257 90.6669 87.4165 77.6929 71.2786 6.41426 66.7864
internal_count=3656 634 158 3022 199 2823 2514 568 1946 1390 1271 1156 115 1103
is_linear=0
shrinkage=0.05


Tree=192
num_leaves=15
num_cat=0
split_feature=12 15 3 19 15 15 7 12 12 10 12 15 17 7
split_gain=1.07885 1.55043 1.98588 1.96824 1.63971 2.146 1.63375 1.28977 1.56279 1.59357 1.53542 1.68063 1.24464 1.22601
threshold=2.4066622500000006 0.019672342500000006 24.376614500000006 0.23268876500000005 0.017937580500000005 0.015504807500000002 0.96932985000000016 0.36888717500000007 0.41739967000000006 0.28578133500000008 0.47280088500000006 0.026726190500000004 0.0030039902500000001 0.96432892000000014
decision_type=2 2 2 2 2 2 2 2 2 2 2 2 2 2
left_child=1 4 7 -4 5 -1 -7 -3 -9 -10 11 -11 -2 -12
right_child=12 2 3 -5 -6 6 -8 8 9 10 13 -13 -14 -15
leaf_value=-0.0040308823836294177 0.020288385862906808 -0.027131158727745831 -0.037794442083659487 0.014041801358357834 -0.023813729721265321 0.02862563457851839 -0.012442047794016023 0.032378292989710449 0.032106762853062243 0.0094709595918878731 0.015535548435967217 -0.025385525251619918 -0.024178527206786513 -0.0099937433272708955
leaf_weight=64.589010251685977 1.1591417436138707 1.258955918077844 3.5236625380348405 2.3820240389904939 7.348103482509031 8.5707624601200205 2.5999936658772631 7.2060814917203961 5.1428910121903746 5.6433265602681768 23.581018565280832 6.5359079546178691 6.8445904878899455 5.0836209384724489
leaf_count=1108 78 20 44 40 125 168 48 148 901 100 513 108 94 152
internal_value=0.000596766 0.00163952 0.00767399 -0.0178809 -0.00278218 -0.000458622 0.0188302 0.0107181 0.012098 0.00829862 0.00460515 -0.00974141 -0.0162005 0.0108237
internal_weight=151.469 143.465 60.3575 5.90569 83.1079 75.7598 11.1708 54.4518 53.1928 45.9868 40.8439 12.1792 8.00373 28.6646
internal_count=3647 3475 2026 84 1449 1324 216 1942 1922 1774 873 208 172 665
is_linear=0
shrinkage=0.05


Tree=193
num_leaves=15
num_cat=0
split_feature=13 0 1 11 8 3 18 9 17 11 16 19 11 21
split_gain=1.44005 2.02656 1.94492 1.7008 1.61843 1.56685 1.60868 1.66423 1.20595 3.27053 2.35512 2.4039 2.34663 2.14618
threshold=0.57139120500000018 0.022654325500000003 0.97989899000000003 0.11979496500000002 0.29601678500000006 17.510434500000006 0.00033017488000000003 4.2916666500000007 0.0054134777000000005 0.12259280500000001 25.003632000000003 0.21252823000000001 0.13433502500000002 0.67575216500000013
decision_type=2 2 2 2 2 2 2 2 2 2 2 2 2 2
left_child=1 4 3 -2 -1 -6 7 -7 10 -10 12 -12 -4 -11
right_child=2 -3 8 -5 5 6 -8 -9 9 13 11 -13 -14 -15
leaf_value=0.033284824462275667 -0.011406664612375573 -0.038988186097973374 -0.039150157418153593 0.0254341200126952 0.018368447732327809 -0.023188116459197636 -0.028340520331702382 0.0075694074151647917 0.0074639342074848628 -0.032273647186995186 -0.012179016655257384 0.013762488523666719 0.0086124762705422197 0.0027188193904907373
leaf_weight=4.599604523566085 3.9978418027749276 1.4401843359228212 6.0835719211609085 8.3659782834583876 13.952514956123194 4.1922339113079934 3.6662825967650852 28.150744289159775 11.548942306661045 17.968510990496728 13.209185283631085 23.231071411340963 3.5550403672386892 5.5066254071425638
leaf_count=885 63 24 72 176 406 69 57 582 143 184 150 651 46 87
internal_value=-0.000421215 0.00585789 -0.00420559 0.0135595 0.00772204 0.00476171 -0.000864355 0.0030068 -0.00704597 -0.0139026 -0.00164972 0.00428485 -0.0223801 -0.0242897
internal_weight=149.468 56.0016 93.4668 12.3638 54.5614 49.9618 36.0093 32.343 81.1029 35.0241 46.0789 36.4403 9.63861 23.4751
internal_count=3595 2023 1572 239 1999 1114 708 651 1333 414 919 801 118 271
is_linear=0
shrinkage=0.05


Tree=194
num_leaves=15
num_cat=0
split_feature=10 3 17 20 20 19 23 22 18 17 3 8 20 10
split_gain=1.51199 2.05828 2.00356 2.46996 2.0449 2.07745 3.37922 2.39141 2.14024 1.83928 1.41159 1.95778 1.44764 1.35102
threshold=0.26324152500000003 14.541614500000001 0.0030475874500000004 0.07484193900000001 0.074021895000000018 0.22659300500000004 -0.75042906499999995 0.9841635700000001 9.7882792000000002e-05 0.0031913429500000003 20.895686000000001 0.62687807500000015 0.064987920000000018 0.34970046000000005
decision_type=2 2 2 2 2 2 2 2 2 2 2 2 2 2
left_child=1 -1 4 -4 5 6 -2 8 -7 -5 11 12 -8 -11
right_child=2 -3 3 9 -6 7 10 -9 -10 13 -12 -13 -14 -15
leaf_value=0.022530171136449634 -0.031739798594858544 -0.022843629745073122 0.042353184848387265 -0.030518004563531726 -0.042324353794554723 -0.016119472465747322 0.011122436138525336 -0.025521771546207713 0.03395747241273997 0.014530936061467445 0.039072441260904166 0.034315239019323859 -0.028421736148384787 0.0013165720700855066
leaf_weight=2.2580029792152336 3.2562802593456608 11.762406401685437 3.5362358222482717 2.6420673737302414 2.7058489145711055 3.4197401896817636 4.2345642120344547 13.580389663926324 3.2461681393906474 28.443248774507083 4.5724491570144883 3.2765239086002111 3.2496948089683428 57.048062387912069
leaf_count=832 35 197 58 27 44 67 42 978 40 414 48 32 48 751
internal_value=0.000525561 -0.0145227 0.00220578 0.00631532 -0.00679797 -0.00332236 0.00851594 -0.0140811 0.00951554 0.0044104 0.0184848 0.00715831 -0.00737396 0.00583021
internal_weight=147.232 14.0204 133.211 91.6696 41.5417 38.8358 18.5895 20.2463 6.66591 88.1334 15.3332 10.7608 7.48426 85.4913
internal_count=3613 1029 2584 1250 1334 1290 205 1085 107 1192 170 122 90 1165
is_linear=0
shrinkage=0.05


Tree=195
num_leaves=15
num_cat=0
split_feature=15 9 17 17 13 17 16 17 17 16 3 11 23 9
split_gain=1.18658 2.09583 1.73818 2.11316 2.3365 2.0168 1.68878 4.20993 2.36708 3.48631 1.92012 2.05372 2.68254 2.38281
threshold=0.015936508000000005 13.833333500000002 0.0026840837000000005 0.0031207643500000006 0.61137642500000011 0.0021569054500000006 30.226438000000005 0.0037421708500000005 0.0068466236000000007 50.331855000000004 17.175076000000004 0.13027533000000002 -0.050615541499999993 7.8333333500000011
decision_type=2 2 2 2 2 2 2 2 2 2 2 2 2 2
left_child=-1 2 5 4 -4 -2 10 -8 9 -9 -5 13 -13 -12
right_child=1 -3 3 6 -6 -7 7 8 -10 -11 11 12 -14 -15
leaf_value=-0.0051451441738109577 -0.0079320964319536547 0.026535356991372428 -0.045890568256386183 0.016152864969134643 0.014393434534929776 0.027705175874781714 0.044996455911022054 0.026036707259550474 0.020066932049136763 -0.021285227025900126 -0.052327030383750542 0.038046189710910089 -0.017816010176139249 -0.0035240645785534798
leaf_weight=65.715131998586003 5.5975920570199369 8.0309189637191576 4.2440290395170441 4.5868226692546186 1.7545079756528137 10.145648078818338 5.1330327801988451 4.1994371253531488 8.3828189213527349 15.215179289807564 5.0811249343678373 2.3268411979079247 5.0811720434576264 4.5107392503414303
leaf_count=1161 1063 137 76 169 21 183 83 99 150 271 47 24 82 63
internal_value=-0.000151232 0.00375686 0.00104562 -0.00285579 -0.028721 0.0153172 0.000456233 0.00750009 -0.00074601 -0.0102754 -0.0101455 -0.0177443 0.00216834 -0.0318761
internal_weight=150.005 84.2899 76.2589 60.5157 5.99854 15.7432 54.5172 32.9305 27.7974 19.4146 21.5867 16.9999 7.40801 9.59186
internal_count=3629 2468 2331 1085 97 1246 988 603 520 370 385 216 106 110
is_linear=0
shrinkage=0.05


Tree=196
num_leaves=15
num_cat=0
split_feature=20 17 17 20 17 17 7 11 15 13 13 15 17 15
split_gain=1.72056 3.68123 1.91792 4.91461 2.45055 3.31509 2.33635 2.17177 2.00457 2.02315 1.80436 1.59711 2.12067 1.68821
threshold=0.10503381000000002 0.0062644133500000003 0.005836314950000001 0.10060217 0.0048566131500000003 0.0037421708500000005 0.96140225000000012 0.12371448500000001 0.010152546000000002 0.70524415000000007 0.63318157500000016 0.041885965000000004 0.0029143062500000005 0.025105042000000004
decision_type=2 2 2 2 2 2 2 2 2 2 2 2 2 2
left_child=2 -2 3 4 5 7 -5 11 9 -4 -6 12 13 -1
right_child=1 -3 8 6 10 -7 -8 -9 -10 -11 -12 -13 -14 -15
leaf_value=-0.021124763938612158 -0.045776415502201254 -0.0024100300449502923 -0.02685497928152893 -0.0055687372607226577 0.044503025200364858 -0.030578830932294378 -0.05348231891791172 0.011450441628136569 0.028061446247413094 0.022784035937154144 -0.0069206637057060696 -0.042707833284251782 0.014298033460383084 0.015382068696377666
leaf_weight=13.129592766810683 4.9994388229679307 27.246872944117058 3.6342240716330734 4.950259739533065 4.8496529867406926 6.5371610166039309 4.8679894095403142 41.789750781026669 12.160880615818312 2.7185867693042383 2.0670641047181562 1.7218434243695799 10.555482120253144 3.2938009781064457
leaf_count=429 61 472 32 41 169 137 44 1625 212 26 28 52 113 127
internal_value=-0.000309004 -0.0103082 0.00262845 -0.000336041 0.00370978 0.000974319 -0.0320726 0.0042873 0.01689 -0.00540305 0.0302021 -0.00617696 -0.00240239 -0.0133405
internal_weight=144.523 32.2463 112.276 93.7626 83.9443 77.0276 9.81825 70.4905 18.5137 6.35281 6.91672 28.7007 26.9789 16.4234
internal_count=3568 533 3035 2765 2680 2483 85 2346 270 58 197 721 669 556
is_linear=0
shrinkage=0.05


Tree=197
num_leaves=15
num_cat=0
split_feature=20 17 17 20 17 20 13 10 3 18 11 8 20 17
split_gain=1.1808 5.46636 3.03164 2.58391 2.79289 4.09206 2.91296 2.20169 1.85042 1.67476 2.03248 1.76288 1.64168 3.16928
threshold=0.10503381000000002 0.0058598260000000011 0.0061889249000000009 0.10086051500000003 0.0045417656500000006 0.080923837500000012 0.61762268000000009 0.34387037500000006 24.376614500000006 0.00020511551000000001 0.12343429500000001 0.43866070000000007 0.10687178000000001 0.0066714933500000009
decision_type=2 2 2 2 2 2 2 2 2 2 2 2 2 2
left_child=1 3 -2 4 5 8 -6 -5 9 10 11 -1 -4 -14
right_child=2 -3 12 7 6 -7 -8 -9 -10 -11 -12 -13 13 -15
leaf_value=0.0051205724316737075 -0.046863753638614308 0.030631089485358039 0.026987773756963221 -0.043660120032186001 0.045309510966546174 -0.043031703432964308 -0.0071031290149456278 -0.00054471119447981455 -0.021596057735633098 0.027616960054441045 0.0091611101741534123 -0.021703003843401989 -0.040382916602439763 0.0024181471741039837
leaf_weight=10.75321615370922 3.177323605050332 15.112595291633623 3.4210730094928321 5.0914706723997352 5.977631193760315 4.4326091202674425 3.8884539310820401 5.8113662749528885 6.5092606956022783 6.0679559665732077 35.941517330124043 12.330415724951306 4.3516146324109313 22.046259520342574
leaf_count=305 50 262 38 41 178 150 49 43 91 75 1539 306 90 374
internal_value=0.00121323 0.00366519 -0.00696649 -0.000814751 0.00218615 -0.00118714 0.0258998 -0.0226555 0.00196031 0.00460704 0.00182088 -0.0095138 -0.00133261 -0.00585391
internal_weight=144.913 111.916 32.9963 96.8039 85.9011 76.035 9.86609 10.9028 71.6024 65.0931 59.0251 23.0836 29.8189 26.3979
internal_count=3591 3039 552 2777 2693 2466 227 84 2316 2225 2150 611 502 464
is_linear=0
shrinkage=0.05


Tree=198
num_leaves=15
num_cat=0
split_feature=20 19 17 7 10 20 17 20 18 8 19 7 16 1
split_gain=2.10767 3.22537 2.26953 1.82922 3.08073 2.01119 3.79143 2.36935 1.93829 1.88582 1.60715 1.56911 1.423 1.85945
threshold=0.062769538500000013 0.7972222200000002 0.0021802653500000006 0.96140225000000012 0.36151584000000009 0.076616847000000016 0.0034136266500000008 0.07849097250000002 0.00014831025000000003 1.5147109500000002 0.23268876500000005 0.95846676000000008 30.035925500000001 0.98406349000000015
decision_type=2 2 2 2 2 2 2 2 2 2 2 2 2 2
left_child=1 -1 -2 4 -4 8 -7 -8 10 11 -6 12 -9 -14
right_child=2 -3 3 -5 5 6 7 9 -10 -11 -12 -13 13 -15
leaf_value=0.032966225293394012 -0.044571565440227778 -0.022557093881042451 0.020673866485073081 -0.0075207889146677396 -0.014337145421626788 -0.041162196700900454 0.040197164475163916 -0.033606392574876562 0.032664442012721472 0.024257771958042653 0.022733379913499111 0.023595359476609516 0.020044973255678021 -0.012603234874427431
leaf_weight=9.5022516680182871 1.9270083792507637 2.6982187486719331 20.760451840702444 50.053659379249439 6.8954050028696674 5.7988277240656307 2.264034114778041 5.0642529658507582 6.3994841743260613 4.1165937094483516 3.6438774671405554 2.5610468136146656 4.5093678282573846 20.761772991390899
leaf_count=179 17 1386 305 952 77 46 16 107 82 55 39 34 68 280
internal_value=0.000839301 0.0199083 -0.00102109 -6.09535e-05 0.0044859 -0.00117538 -0.00668765 -0.000702261 0.0130485 -0.00419566 -0.00066092 -0.00836687 -0.0117321 -0.00623626
internal_weight=146.956 12.2005 134.756 132.829 82.7751 62.0147 45.0759 39.2771 16.9388 37.013 10.5393 32.8964 30.3354 25.2711
internal_count=3643 1565 2078 2061 1109 804 606 560 198 544 116 489 455 348
is_linear=0
shrinkage=0.05


Tree=199
num_leaves=15
num_cat=0
split_feature=13 3 8 8 17 20 17 17 20 12 17 0 15 17
split_gain=1.05922 1.12654 1.23842 1.8859 1.03451 3.46507 3.02527 2.50685 2.18296 3.76649 2.94489 2.63145 1.89509 1.63066
threshold=0.6910889600000002 15.431324500000002 0.47175269500000006 0.35189707500000006 0.0048566131500000003 0.10060217 0.0056031558000000006 0.0037421708500000005 0.10503381000000002 0.37642211500000006 0.0066714933500000009 0.014723140500000002 0.037617924500000004 0.0077101201500000003
decision_type=2 2 2 2 2 2 2 2 2 2 2 2 2 2
left_child=4 -2 3 -3 7 -6 -7 -1 9 -8 -10 -12 -11 -13
right_child=1 2 -4 -5 5 6 8 -9 10 12 11 13 -14 -15
leaf_value=-0.0037891871321169821 -0.018500210302893543 0.024485670295157788 0.02376327967464725 -0.018571692437911874 0.03248899158103398 -0.049403280397710636 -0.020931574584516537 -0.035999350426996736 -0.031305956086001473 0.032775032360504733 -0.032494069130233887 0.019304981559699064 -0.005657363928021175 -0.02246756211425377
leaf_weight=61.729569946008269 2.3864001092733842 3.2827875185757893 10.560539998987222 5.264946726965718 7.0687815037090322 2.2573116938583544 5.6332572682295021 5.7416222875472149 8.697259214823136 12.270495027303697 3.1540921254782033 12.239389454247428 3.8808122545015058 1.9604813376208756
leaf_count=2155 65 40 150 85 223 18 44 127 141 137 91 172 115 61
internal_value=-0.0010847 0.00891693 0.0130908 -0.00120277 -0.00286687 0.0020669 -0.00277791 -0.00701592 0.000388852 0.0117836 -0.00922302 0.00294694 0.0237491 0.012439
internal_weight=146.128 21.4947 19.1083 8.54773 124.633 57.1619 50.0931 67.4712 47.8358 21.7846 26.0512 17.354 16.1513 14.1999
internal_count=3624 340 275 125 3284 1002 779 2282 761 296 465 324 252 233
is_linear=0
shrinkage=0.05


Tree=200
num_leaves=15
num_cat=0
split_feature=20 17 17 16 22 16 20 0 16 15 20 16 17 20
split_gain=1.16803 2.89101 2.5998 2.12898 2.22159 2.09898 4.07201 2.21523 1.9737 2.09825 1.83829 2.90792 3.69063 7.22405
threshold=0.10503381000000002 0.0067224302500000005 0.0058598260000000011 59.399861000000008 1.0336898000000001 59.399861000000008 0.10979196000000001 0.014723140500000002 59.85273200000001 0.021164614000000002 0.10161847000000002 59.776466000000006 0.0030985177000000005 0.067954421000000001
decision_type=2 2 2 2 2 2 2 2 2 2 2 2 2 2
left_child=2 -2 10 -4 -5 6 -3 -7 -9 -10 11 -1 13 -13
right_child=1 5 3 4 -6 7 -8 8 9 -11 -12 12 -14 -15
leaf_value=-0.0049781944111892415 -0.029656576488873817 0.038992647560787394 0.03269767682757644 0.0248584525848837 -0.024519028946523067 -0.022743545617454477 -0.044112429347643103 0.048168193371299427 0.023201386120589553 -0.021635674054400943 -0.023493529100846677 0.033674217483609055 0.031399256896456867 -0.047752264114194518
leaf_weight=69.762343361682724 10.61007037968375 1.1776850251480961 9.7374569587991591 3.2001921894843681 3.9857921736547723 2.9843318964121854 4.2501956198830158 3.3009196103084824 5.6847512517124397 3.3260020292364061 8.1116300403373298 4.3403420369722898 13.167603154608512 4.6042976938188076
leaf_count=1916 179 13 178 58 29 64 123 38 65 44 54 559 254 52
internal_value=-0.00126615 -0.00967871 0.00105154 0.0185932 -0.00217891 0.00144376 -0.0228201 0.0109259 0.0201828 0.00614335 -0.00207223 5.16551e-05 0.0154492 -0.00882748
internal_weight=148.244 31.334 116.91 16.9234 7.18598 20.7239 5.42788 15.296 12.3117 9.01075 99.9862 91.8746 22.1122 8.94464
internal_count=3626 526 3100 265 87 347 136 211 147 109 2835 2781 865 611
is_linear=0
shrinkage=0.05


Tree=201
num_leaves=15
num_cat=0
split_feature=22 8 23 23 23 16 17 9 23 17 18 18 17 17
split_gain=1.54518 1.82293 1.6161 2.28955 1.57066 1.80491 1.43578 2.12006 1.74685 2.32887 1.30731 1.41672 2.4417 1.73997
threshold=0.95716270500000011 1.2339775000000002 0.9750253550000002 2.1356292500000005 -1.0915024999999996 59.667071000000007 0.0024685816500000005 10.416666500000002 -0.6893245899999999 0.0039435091500000007 0.00045932134000000005 0.00028335031500000002 0.0061889249000000009 0.0067674246500000002
decision_type=2 2 2 2 2 2 2 2 2 2 2 2 2 2
left_child=1 4 10 -4 5 -1 -6 8 -8 -10 11 12 -2 -14
right_child=2 -3 3 -5 6 -7 7 -9 9 -11 -12 -13 13 -15
leaf_value=-0.020457238286064827 -0.010065139226748142 0.035452642116071548 0.011520662661159801 -0.022370932079784623 0.033528938135576163 0.019421442630411141 -0.028148486793913616 0.027719197411566615 -0.023421009415634519 0.022419963623872982 0.026483752658772189 -0.029067355414281362 0.042795073892131913 -0.0017156113344657744
leaf_weight=9.1344863626873103 48.722930922231171 4.5148236672393969 28.725661743083037 5.0304164616391054 4.7794302163529236 3.0488493676530188 4.5458740986068742 5.9811316169798365 3.3714101433288306 6.6984017309732735 1.7955669842194755 6.6200122531736261 3.0325886775972313 4.6584058477310464
leaf_count=182 990 56 854 674 194 93 77 71 39 76 27 110 40 103
internal_value=0.000640396 0.00854852 -0.00278659 0.00597171 0.00447898 -0.0097615 0.0114268 0.00498307 -0.00550043 0.00634293 -0.00736839 -0.00873122 -0.00588012 0.0187398
internal_weight=140.66 42.0744 98.5856 33.7561 37.5596 12.1833 25.3762 20.5968 14.6157 10.0698 64.8295 63.0339 56.4139 7.69099
internal_count=3586 788 2798 1528 732 275 457 263 192 115 1270 1243 1133 143
is_linear=0
shrinkage=0.05


Tree=202
num_leaves=15
num_cat=0
split_feature=8 14 23 3 8 10 21 0 9 3 10 3 19 14
split_gain=1.36681 1.38517 1.11038 2.16012 1.57125 1.3352 1.32996 1.27137 1.17128 2.03551 1.75282 1.86607 1.79192 1.56967
threshold=1.29339545 0.13487526000000002 -0.57420934999999984 20.663262500000005 0.49728760000000011 0.35222675500000006 0.60408365000000008 0.018290559500000001 6.7083333500000011 13.741060000000003 0.26324152500000003 16.898298000000004 0.23712609000000004 0.26339712500000007
decision_type=2 2 2 2 2 2 2 2 2 2 2 2 2 2
left_child=1 -1 3 5 -5 7 -7 -3 13 -10 -11 12 -12 -4
right_child=-2 2 8 4 -6 6 -8 -9 9 10 11 -13 -14 -15
leaf_value=-0.035685856577893298 0.013295479312904269 0.042637743890816086 0.011796570990024803 -0.023001751002548018 0.013901817084446219 0.021773624264548892 -0.014769163178627989 -0.00071313576951789444 -0.039477912724615982 -0.025528037725865028 0.039929824063154179 0.0014858633579528792 -0.0070493428718574058 -0.015217304219009018
leaf_weight=1.855306475656106 17.50283068936551 6.0522844405495615 5.8268182390602297 6.3649381995201093 3.8909039683640003 3.9916978937108061 4.0079248814145103 2.1820927625522017 1.957135117962024 3.9946538707590653 5.6105372598394734 49.390010177041404 2.5460343802697025 27.828424459032249
leaf_count=33 282 320 118 71 43 64 52 30 57 104 72 917 217 1195
internal_value=0.000606067 -0.00125479 -0.000455983 0.00842983 -0.0090099 0.0193309 0.00385844 0.0323167 -0.00293998 0.00107891 0.0029793 0.0053604 0.0260971 -0.0103349
internal_weight=143.002 125.499 123.643 26.4898 10.2558 16.234 7.99962 8.23438 97.1536 63.4984 61.5412 57.5466 8.15657 33.6552
internal_count=3575 3293 3260 580 114 466 116 350 2680 1367 1310 1206 289 1313
is_linear=0
shrinkage=0.05


Tree=203
num_leaves=15
num_cat=0
split_feature=22 3 17 20 17 20 16 19 13 11 10 17 16 20
split_gain=1.40849 1.70635 1.5867 5.07064 2.88865 2.05776 4.98542 2.27718 2.50997 1.68246 1.65188 2.83731 2.25244 2.06347
threshold=0.75672024000000004 16.732150000000004 0.0032064466000000006 0.075371021000000024 0.0030475874500000004 0.10915670500000001 59.399861000000008 0.20538873000000005 0.67614743500000019 0.11694130500000001 0.45467968500000006 0.0025475561500000006 59.298369500000007 0.061731599500000005
decision_type=2 2 2 2 2 2 2 2 2 2 2 2 2 2
left_child=1 -1 3 4 10 9 -7 -8 -9 -4 11 12 13 -2
right_child=2 -3 5 -5 -6 6 7 8 -10 -11 -12 -13 -14 -15
leaf_value=0.014225469051393545 0.015011593816346747 -0.029783277992128727 0.025241368316683468 -0.05263274956815947 0.039947798429968741 -0.045663851831846056 -0.029115204556508179 0.029263501643295477 -0.016472239087783593 0.004607827588223732 0.014050108834054524 -0.033957949224886173 0.028337702772109369 -0.018893734297148138
leaf_weight=2.3196285478770715 5.6477497748565026 7.2784311245195568 11.368635333841665 4.4351039323955765 2.8805637944606124 5.5599495037458864 2.6533013870939604 8.6467735049081949 3.5860380986705414 52.635080058244057 7.8929743231274179 8.1418904862366599 4.1992091860156497 13.405858499812892
leaf_count=48 830 64 150 55 84 178 37 159 43 856 216 118 575 129
internal_value=-0.001276 -0.0188087 0.000140767 -0.00717577 -0.00128627 0.0042151 -0.0092867 0.00631932 0.0156245 0.00860478 -0.00522607 -0.0103564 -0.00103301 -0.00859632
internal_weight=140.651 9.59806 131.053 46.6033 42.1682 84.4498 20.4461 14.8861 12.2328 64.0037 39.2877 31.3947 23.2528 19.0536
internal_count=3542 112 3430 2007 1952 1423 417 239 202 1006 1868 1652 1534 959
is_linear=0
shrinkage=0.05


Tree=204
num_leaves=15
num_cat=0
split_feature=21 19 20 18 16 23 20 7 7 20 17 18 0 3
split_gain=1.33548 1.24354 2.29213 3.08478 2.57672 2.23936 2.35393 1.74583 1.53503 1.34486 2.00311 1.87301 2.08324 1.81442
threshold=0.6745911750000001 0.24930939000000005 0.065730215500000008 6.1397821000000021e-05 25.253168500000005 -0.17096798999999999 0.07708854100000001 0.50587509500000005 0.93979060500000011 0.067954421000000001 0.0029143062500000005 7.9079652500000001e-05 0.012848706500000003 20.407048500000005
decision_type=2 2 2 2 2 2 2 2 2 2 2 2 2 2
left_child=1 2 3 -1 -4 6 -3 -6 -5 -9 -11 13 -13 -12
right_child=-2 5 4 8 7 -7 -8 9 -10 10 11 12 -14 -15
leaf_value=0.043536133623409079 0.01231666564700365 0.033292822669579385 -0.041549413527826984 -0.018679354932338882 0.023080630852755919 -0.023760851300482156 -0.018939127339915089 0.028138942235276517 0.013034757335537748 -0.030330555014371888 0.02501043144277397 0.023315663898107651 -0.0098843746204507425 -0.008525796098909395
leaf_weight=5.3766011951374848 15.997996518330181 3.6010355491307573 3.3188406629487863 4.9690912421792737 5.4769225484924382 14.682797366986051 3.1673311056802049 2.1642696878989218 9.5964263569912855 6.1959814209258175 9.4335474914405477 4.2566217308049081 50.253914386732504 5.9211250203661612
leaf_count=107 295 263 75 46 69 1379 51 29 144 76 205 192 627 75
internal_value=-0.000866989 -0.0025919 -0.000343162 0.0145275 -0.0038773 -0.0132902 0.00955875 -0.00191068 0.00171039 -0.00392968 -0.00519548 -0.00256983 -0.00691853 0.0123475
internal_weight=144.413 128.415 106.963 19.9421 87.0212 21.4512 6.76837 83.7024 14.5655 78.2255 76.0612 69.8652 54.5105 15.3547
internal_count=3633 3338 1645 297 1348 1693 314 1273 190 1204 1175 1099 819 280
is_linear=0
shrinkage=0.05


Tree=205
num_leaves=15
num_cat=0
split_feature=18 18 17 17 17 7 7 23 23 17 21 3 17 17
split_gain=0.950048 0.815603 1.96818 1.7133 1.42635 1.35765 1.17616 2.2922 2.15886 2.51355 1.96133 2.31841 1.77109 2.81448
threshold=0.00045932134000000005 0.00026959658500000003 0.0060457201000000014 0.0068466236000000007 0.005836314950000001 0.95261089500000018 0.9522560200000002 1.3335407500000003 1.7290762500000001 0.005934085500000001 0.63125361000000013 22.074973500000002 0.0030475874500000004 0.0036524545500000003
decision_type=2 2 2 2 2 2 2 2 2 2 2 2 2 2
left_child=1 6 4 -4 -3 -5 7 -1 9 10 12 -12 -8 -14
right_child=-2 2 3 5 -6 -7 8 -9 -10 -11 11 -13 13 -15
leaf_value=-0.0085273980869997584 0.024194201686518754 -0.007196541519378867 -0.039740843335397652 0.015019974189820854 0.034893280869638409 -0.022374552483957307 -0.0020937460260766561 0.016908437221217799 -0.022302482296942691 0.029129464264697202 -0.032285338539470063 0.02393863758769792 0.037118903667299634 -0.0018599959229881316
leaf_weight=50.651554889802355 2.8935216521495013 4.1128397866268669 5.4409928517416102 3.8478380967862904 2.4931626076577231 3.9072809614590369 20.833602664642967 9.7299583792337199 5.3599073282093732 10.74983674060786 5.9389434364275067 1.6760551296174524 8.9620810119085963 8.483989436819682
leaf_count=634 49 77 96 43 39 59 883 585 471 237 103 21 176 155
internal_value=-0.000176614 -0.000838064 -0.00999231 -0.0206362 0.0111876 -0.00422425 0.000712079 -0.00421994 0.00550576 0.00847832 0.00312322 -0.0185682 0.00780117 0.0190903
internal_weight=145.082 142.188 19.8021 13.1961 6.606 7.75512 122.386 60.3815 62.0044 56.6445 45.8947 7.615 38.2797 17.4461
internal_count=3628 3579 314 198 116 102 3265 1219 2046 1575 1338 124 1214 331
is_linear=0
shrinkage=0.05


Tree=206
num_leaves=15
num_cat=0
split_feature=23 23 17 16 3 3 13 8 17 3 16 17 10 10
split_gain=1.04908 1.3378 1.89514 1.76016 2.31149 2.26311 2.23093 1.67173 1.43788 1.27416 1.45523 1.21501 1.36159 1.19288
threshold=2.4978355500000005 0.9750253550000002 0.0020065293000000005 29.961235500000004 23.544253500000003 14.601729500000003 0.072621222000000013 0.49032166500000007 0.0025262545500000003 24.290590000000005 59.618608500000008 0.0028839208500000004 0.53162844000000009 0.49784745000000002
decision_type=2 2 2 2 2 2 2 2 2 2 2 2 2 2
left_child=1 3 -3 4 5 -1 -7 -8 -5 10 -4 -10 13 -13
right_child=-2 2 9 8 -6 6 7 -9 11 -11 -12 12 -14 -15
leaf_value=0.024180032045674912 -0.026276677127150646 -0.027752945039164104 0.026488652018305126 0.032024702154897923 0.017541897099950059 0.015474827303910222 -0.01228937100662047 -0.039052687793448199 -0.019962450671222775 -0.015258378711118898 0.0025822976494384144 0.0038210450368130417 -0.017386575409925314 0.031524835243557883
leaf_weight=2.4215066077595138 2.5672074357862575 2.1000409275875453 15.452563296654267 3.0674383555888189 5.44678801880218 3.2962211039848652 14.504816182423385 10.65686395857483 5.0948057164205229 2.6413055397570124 10.767996400652917 51.989829656959046 6.0380425821058443 3.2464306508190921
leaf_count=260 437 585 296 389 48 44 162 124 56 51 181 904 68 42
internal_value=0.000498682 0.00118857 0.0101558 -0.00150711 -0.0102735 -0.0155762 -0.0196651 -0.0246841 0.00315984 0.0137511 0.0171266 0.00137021 0.00343604 0.00598092
internal_weight=139.292 136.725 30.9619 105.763 36.3262 30.8794 28.4579 25.1617 69.4365 28.8619 26.2206 66.3691 61.2743 55.2363
internal_count=3647 3210 1113 2097 638 590 330 286 1459 528 477 1070 1014 946
is_linear=0
shrinkage=0.05


Tree=207
num_leaves=15
num_cat=0
split_feature=22 20 9 9 20 7 15 7 20 19 16 3 16 10
split_gain=1.26707 1.71398 1.10316 0.986619 1.30494 0.955899 1.34899 1.43609 1.94715 1.58587 1.74551 1.46344 1.51249 1.38288
threshold=0.75672024000000004 0.10111503500000001 21.250000000000004 15.583333500000002 0.071614835500000015 0.98283810000000005 0.04702240550000001 0.96555148000000013 0.062769538500000013 0.17817460500000001 29.914910500000005 19.393127500000002 30.055487000000003 0.35479151500000006
decision_type=2 2 2 2 2 2 2 2 2 2 2 2 2 2
left_child=1 -1 3 5 -5 6 7 13 -9 -10 -11 12 -12 -2
right_child=2 -3 -4 4 -6 -7 -8 8 9 10 11 -13 -14 -15
leaf_value=0.001292898894310126 0.012859633529646131 -0.040954137449691598 -0.030079615854717474 -0.011359276754086975 0.030795965169465901 0.020630179894856365 -0.02495870820742576 0.026678571221991288 0.024537776957991642 -0.039867719607726088 0.013974871135366239 0.0059919814121739542 -0.028152339249778752 -0.0009551067631155503
leaf_weight=4.9093419257551414 24.572535507846624 3.5903692266438156 1.9976548540871579 2.0894624602515242 4.6393977156840265 4.1489147436222984 4.7713565969024776 2.4318232796504189 1.6578966935630912 5.3900473541580167 2.0223889299668398 8.7098227413371188 9.4261319078505021 61.701407883374486
leaf_count=77 524 29 35 75 77 923 117 224 19 60 25 143 119 1158
internal_value=-0.0013413 -0.0189853 -8.56902e-05 0.00059322 0.0179298 -0.000476338 -0.00136552 -0.000189169 -0.00950068 -0.0135657 -0.0168695 -0.00912649 -0.0201857 0.00308187
internal_weight=142.059 8.49971 133.559 131.561 6.72886 124.832 120.683 115.912 29.6381 27.2063 25.5484 20.1583 11.4485 86.2739
internal_count=3605 106 3499 3464 152 3312 2389 2272 590 366 347 287 144 1682
is_linear=0
shrinkage=0.05


Tree=208
num_leaves=15
num_cat=0
split_feature=21 12 13 20 20 3 17 3 11 17 20 17 20 16
split_gain=1.33174 1.77086 2.2524 2.14805 1.32124 2.77581 1.71041 1.45613 1.33473 1.49072 2.08984 2.76201 1.66827 2.65549
threshold=0.67575216500000013 0.37504196000000006 0.63501050500000011 0.11605438500000002 0.10687178000000001 16.732150000000004 0.0070893495000000006 21.618527500000003 0.15841659000000002 0.00018579475000000002 0.060923370000000011 0.0021042058000000003 0.063445956000000012 29.858190500000003
decision_type=2 2 2 2 2 2 2 2 2 2 2 2 2 2
left_child=4 2 -2 -3 8 -6 -7 -8 9 -1 -11 -12 -13 -14
right_child=1 3 -4 -5 5 6 7 -9 -10 10 11 12 13 -15
leaf_value=-0.033011760468445582 -0.035651951546663806 0.036082575143035485 0.018442288519299844 -0.019356557007159325 0.021706157851513933 -0.041181486929981415 0.012604029300146799 -0.033095323656896082 -0.019292298337051067 0.034185267416734756 -0.041486778966541092 0.026805908129399498 -0.016940145762943729 0.0045930401783588768
leaf_weight=2.1284265970461993 2.6625654427334657 7.4530084095895273 3.1397717827931046 1.5217523967148734 3.1088884995551771 6.8316102784592641 3.9162232705857605 1.7184649892151354 7.8048903689486897 3.8144243337446815 2.7806573753477997 5.3705995118943965 16.884093903121538 70.797910141700413
leaf_count=899 38 138 41 60 61 152 54 28 589 115 20 73 221 1092
internal_value=-0.000902522 0.012801 -0.00797237 0.0256842 -0.00260914 -0.0157665 -0.0260295 -0.00422089 -0.000613352 0.000992852 0.00203995 0.000420661 0.00210075 0.000302333
internal_weight=139.933 14.7771 5.80234 8.97476 125.156 15.5752 12.4663 5.63469 109.581 101.776 99.6477 95.8333 93.0526 87.682
internal_count=3581 277 79 198 3304 295 234 82 3009 2420 1521 1406 1386 1313
is_linear=0
shrinkage=0.05


Tree=209
num_leaves=15
num_cat=0
split_feature=20 17 23 17 20 17 20 16 20 11 0 12 17 10
split_gain=1.31267 2.13543 1.63747 1.43334 2.053 1.95893 2.28818 7.96569 4.46753 1.93738 1.78464 2.73146 1.64739 1.27852
threshold=0.10376621000000001 0.0061305935500000014 1.0344826000000003 0.005836314950000001 0.10086051500000003 0.0048566131500000003 0.078237381500000022 59.399861000000008 0.081653083000000015 0.15095521000000003 0.015979486000000005 0.39753821000000006 0.0057642292500000008 0.28995949500000007
decision_type=2 2 2 2 2 2 2 2 2 2 2 2 2 2
left_child=3 -2 13 4 5 6 -1 -8 -9 -7 -5 -12 -6 -3
right_child=1 2 -4 10 12 9 7 8 -10 -11 11 -13 -14 -15
leaf_value=0.004190428946605331 -0.031857398991395454 -0.020362587718621296 -0.023878141460275341 0.036929779458635674 -0.040138652600476138 0.035325418133663279 -0.048593196200940256 0.048683773085040231 -0.02155569031838479 -0.018589883881023141 -0.027332192292641319 0.028996958788159694 0.0024220864765955065 0.0084315776704502968
leaf_weight=61.292272429447621 6.8849081161315544 3.7078786936472232 6.0161039456725112 5.2565398201113549 4.4221184516791237 6.5135671190801068 8.051397063652983 4.2244477449567048 3.2119650419335812 1.4576368608977643 3.474672619253397 3.1464278269559145 3.7298836003756151 20.706337299721781
leaf_count=2245 77 103 153 130 32 197 157 56 60 23 27 43 31 280
internal_value=-0.000728775 -0.00865374 -0.00255732 0.00214864 -1.80886e-05 0.00238459 -0.000196078 -0.0167568 0.0193867 0.0244931 0.0177815 -0.000271459 -0.0225284 0.00342934
internal_weight=142.096 37.3152 30.4303 104.781 92.9033 84.7513 76.7801 15.4878 7.43641 7.9712 11.8776 6.6211 8.152 24.4142
internal_count=3614 613 536 3001 2801 2738 2518 273 116 220 200 70 63 383
is_linear=0
shrinkage=0.05


Tree=210
num_leaves=15
num_cat=0
split_feature=3 7 15 23 11 1 16 21 14 21 18 7 20 3
split_gain=1.1389 1.44345 2.88203 1.58221 1.3823 1.35055 1.29439 1.59515 1.62589 1.32127 1.20459 1.19962 2.89007 2.04149
threshold=22.551802000000006 0.92716860500000009 0.033195592000000003 1.8180239500000002 0.10888515500000001 0.97473673000000016 24.930298000000004 0.56703628000000006 0.33188405500000001 0.58803912500000011 0.00011577659500000002 0.96488968500000005 0.06635168750000002 21.852879500000004
decision_type=2 2 2 2 2 2 2 2 2 2 2 2 2 2
left_child=1 2 4 11 -1 -6 -2 8 10 -9 -8 -3 -13 -14
right_child=6 3 -4 -5 5 -7 7 9 -10 -11 -12 12 13 -15
leaf_value=0.019598530899485846 0.024608747420648516 0.014247683057761605 0.016161526880025121 -0.018571836325938076 0.013090994451335403 -0.022201523735433101 -0.027175806896966144 0.019752755028948344 -0.052289976411059737 -0.010476674690916551 0.021826676304742731 0.025091786124064781 -0.01039412891668271 0.037392556770003541
leaf_weight=1.8699114286573628 1.7392617339501182 36.727245092508383 9.6288951485767011 5.1155872252420513 2.4255679593188715 21.080594108148944 1.4953567071352183 3.5953000420704511 3.1863766923779622 16.383110429625958 1.5343189258128402 8.6220232289051619 25.930568730953386 1.4593115597963322
leaf_count=38 19 571 208 592 38 455 41 44 56 213 16 688 623 17
internal_value=3.33432e-05 0.00228411 -0.00603676 0.00605445 -0.0147532 -0.0181742 -0.00882502 -0.0118682 -0.0320678 -0.00435435 -0.00310138 0.00801473 0.00144478 -0.00662066
internal_weight=140.793 112.86 35.005 77.8547 25.3761 23.5062 27.9337 26.1945 6.21605 19.9784 3.02968 72.7391 36.0119 27.3899
internal_count=3619 3230 739 2491 531 493 389 370 113 257 57 1899 1328 640
is_linear=0
shrinkage=0.05


Tree=211
num_leaves=15
num_cat=0
split_feature=23 21 16 20 20 17 16 20 23 15 19 21 16 20
split_gain=1.26014 1.1874 1.28043 2.80653 1.19261 1.57258 1.15734 1.09357 1.05352 1.07339 0.916197 1.57397 1.57083 2.4015
threshold=-1.8228599999999997 0.67731855500000016 60.358346000000004 0.069428149000000008 0.11051190500000001 0.0069129126000000004 59.618608500000008 0.11702090500000002 -1.2766055999999997 0.024243315000000005 0.26741154500000003 0.50853635500000005 25.003632000000003 0.064133348000000021
decision_type=2 2 2 2 2 2 2 2 2 2 2 2 2 2
left_child=-1 2 8 -4 -3 -6 -7 -8 9 -2 11 -10 -13 -14
right_child=1 4 3 -5 5 6 7 -9 10 -11 -12 12 13 -15
leaf_value=0.03050919065668839 -0.030689941295625522 0.02523792338308279 0.03045432498305304 -0.034913971256947979 -0.035939394361015078 -0.024389360243123725 0.038481842335556689 -0.011411457767902346 0.026120829319758829 0.0090766328189414852 -0.015318457501316819 -0.016462918681035454 0.037521722806723473 0.0011992730707831888
leaf_weight=2.5652614480350158 4.1775963358813888 7.9658565896388591 1.3231095121009264 5.7625510122161359 1.4700283505953846 0.78486670227721322 2.4544543199008335 1.0619788453914223 5.6420088183367616 1.9670805376663336 6.6932215979322782 10.465758085483683 3.8231696418370111 82.054198913567234
leaf_count=72 47 119 68 89 28 27 44 47 84 91 1358 136 77 1301
internal_value=0.00116579 0.000391649 -0.0012193 -0.0204509 0.0138005 -0.00338183 0.0124256 0.0242234 0.00013379 -0.018471 0.00134452 0.00257623 0.000943245 0.00322959
internal_weight=138.211 135.646 121.909 7.08566 13.7372 5.77133 4.3013 3.51643 114.823 6.14468 108.678 101.985 96.3431 85.8774
internal_count=3588 3516 3251 157 265 146 118 91 3094 138 2956 1598 1514 1378
is_linear=0
shrinkage=0.05


Tree=212
num_leaves=15
num_cat=0
split_feature=18 17 17 1 21 19 19 21 0 0 0 15 19 12
split_gain=1.11464 2.00129 1.81925 2.09736 1.66971 1.61848 1.60538 1.9818 1.96227 1.82851 1.74556 1.65444 1.4388 1.48178
threshold=0.00028335031500000002 0.0073512985500000004 0.0060457201000000014 0.97798158000000013 0.65823916500000013 0.26139667500000002 0.22986486500000003 0.48391779500000004 0.019545432500000005 0.014228864500000002 0.019075739000000005 0.026726190500000004 0.22565106500000001 0.35132102000000004
decision_type=2 2 2 2 2 2 2 2 2 2 2 2 2 2
left_child=5 2 -2 -4 -3 6 7 -1 12 -8 -11 -10 -9 -14
right_child=1 4 3 -5 -6 -7 9 8 11 10 -12 -13 13 -15
leaf_value=0.039939981688355691 0.0034180293266033186 -0.012327709469809095 0.01830504644724849 -0.036749958959269767 0.042569226862806515 -0.015457420873399018 -0.0098371422982977876 -0.0021400692211684192 0.027932698439017828 0.023363569364675464 -0.0051698437409779868 -0.012711446907871446 0.010055965199607435 -0.03481463483051956
leaf_weight=1.9602183300885361 6.8031345119234237 1.8767847297131077 1.4395087480661448 9.4523384263738972 2.0825661241542548 10.395960476074832 6.8284699668583917 50.129556152038276 7.8069164671469462 24.783803463680673 6.3625126304104915 2.8203314878046513 1.9792226960416863 6.0562965537537821
leaf_count=26 119 29 34 142 28 1515 214 824 102 352 84 43 24 101
internal_value=0.000597305 -0.00958042 -0.0167316 -0.0285463 0.0193086 0.00251177 0.00435511 -0.00013176 -0.0018295 0.0125037 0.0175553 0.0169807 -0.0054952 -0.0238728
internal_weight=140.778 21.6543 17.695 10.8918 3.95935 119.123 108.727 70.7525 68.7923 37.9748 31.1463 10.6272 58.1651 8.03552
internal_count=3637 352 295 176 57 3285 1770 1120 1094 650 436 145 949 125
is_linear=0
shrinkage=0.05


Tree=213
num_leaves=15
num_cat=0
split_feature=14 20 10 11 20 16 17 16 23 7 22 16 16 20
split_gain=1.47117 1.13965 1.05382 1.07965 1.77732 2.36443 2.13538 1.62856 1.59796 2.42674 1.96028 1.68533 2.81022 3.06531
threshold=0.14051282000000004 0.11775318000000001 0.63039380500000008 0.12086985500000001 0.065730215500000008 25.253168500000005 0.0021042058000000003 24.922671500000003 0.81407638500000012 0.97708315000000012 1.1312088000000002 60.049718000000006 30.047875000000001 0.075620500500000007
decision_type=2 2 2 2 2 2 2 2 2 2 2 2 2 2
left_child=-1 2 3 7 6 -6 -5 -2 11 10 -10 12 13 -7
right_child=1 -3 -4 4 5 8 -8 -9 9 -11 -12 -13 -14 -15
leaf_value=-0.027048523520524521 -0.036908132051111917 -0.030862441965272488 0.026946283443540237 -0.0067390353540211379 -0.038059210309448963 0.047181946594456625 0.031194732606176535 -0.0016422818846318615 0.039082894033167961 -0.031853025577816774 0.0069199681875416882 0.014827738987074554 -0.016395489888677683 -0.0027613063344570643
leaf_weight=3.4384118556044987 2.6092445075046262 1.5619502353947599 3.3886246441979884 4.9426860444364129 2.579433644656091 3.2035462775966144 10.901116749329956 36.47612776956521 7.1592768873088124 1.6415037929546077 12.617207749281077 11.309035806480095 24.451259949186351 11.049009944719726
leaf_count=42 30 143 47 1141 69 75 178 734 105 66 176 172 400 191
internal_value=0.00129129 0.00221421 0.00283318 0.00199697 0.00499969 0.00164029 0.0196633 -0.00485855 0.00357953 0.0146748 0.019884 -0.00136652 -0.00635267 0.0108218
internal_weight=137.328 133.89 132.328 128.939 89.8541 74.0103 15.8438 39.0854 71.4308 21.418 19.7765 50.0129 38.7038 14.2526
internal_count=3569 3527 3384 3337 2573 1254 1319 764 1185 347 281 838 666 266
is_linear=0
shrinkage=0.05


Tree=214
num_leaves=15
num_cat=0
split_feature=7 7 22 17 10 17 9 22 23 21 19 0 0 22
split_gain=2.03529 2.14103 2.05729 1.33845 1.44256 1.85483 1.20108 1.08233 1.38334 1.07513 1.02166 0.949907 1.62587 1.10148
threshold=0.81531366000000005 0.92186276000000011 1.2094182500000004 0.0020065293000000005 0.53162844000000009 0.005934085500000001 3.2916666500000002 0.97218572000000003 0.43948575500000003 0.6625971650000001 0.21452540500000003 0.019468581000000002 0.019075739000000005 1.0620639000000003
decision_type=2 2 2 2 2 2 2 2 2 2 2 2 2 2
left_child=3 2 -2 -1 6 10 -5 -8 -9 -10 -6 12 13 -3
right_child=1 11 -4 4 5 -7 7 8 9 -11 -12 -13 -14 -15
leaf_value=-0.027324225861399366 -0.038962878027793225 0.0020083997638203678 0.018568940683650371 -0.011925405706964414 0.032218092139278336 -0.031046758615161364 0.037146533512073303 -0.0059033587594856879 0.032873637083646316 -0.0063659935615509051 -0.0083019739788504042 0.0087389751165731638 -0.02918654915973401 -0.0100328983641873
leaf_weight=1.413710351625922 6.5650787071790537 47.764698221784784 1.3143899202696046 2.4009736224543365 2.1738739460706702 3.16066834051162 6.6910674171522286 5.837218207307159 6.4955341995228064 1.9002024361398069 2.4183778641745448 14.527969112969002 5.3036090582027091 30.243003171693999
leaf_count=231 85 1317 68 40 33 32 85 71 98 36 29 227 70 1203
internal_value=-0.00146623 -0.00483123 -0.0283555 0.00929986 0.0117657 -0.00631771 0.0177891 0.0215871 0.0123141 0.0242602 0.0132106 -0.00266899 -0.00473839 -0.00272782
internal_weight=138.21 105.719 7.87947 32.4916 31.0779 7.75292 23.325 20.924 14.233 8.39574 4.59225 97.8393 83.3113 78.0077
internal_count=3625 2970 153 655 424 94 330 290 205 134 62 2817 2590 2520
is_linear=0
shrinkage=0.05


Tree=215
num_leaves=15
num_cat=0
split_feature=18 18 19 17 20 20 17 20 16 17 20 20 17 19
split_gain=1.57907 2.02605 1.90153 1.69466 3.11066 3.05561 1.76924 1.99034 2.65786 1.57102 1.92859 2.35963 2.37542 1.59409
threshold=0.00039433847000000006 0.00028335031500000002 0.20538873000000005 0.0059791553500000002 0.10310140500000002 0.10607253000000001 0.0065867057500000005 0.11702090500000002 59.298369500000007 0.0058772791000000013 0.10060217 0.091536058000000017 0.0038084395000000004 0.22184936500000002
decision_type=2 2 2 2 2 2 2 2 2 2 2 2 2 2
left_child=1 3 -2 4 9 -5 -7 8 -8 10 11 12 -1 -12
right_child=2 -3 -4 5 -6 6 7 -9 -10 -11 13 -13 -14 -15
leaf_value=0.00054494002264230941 -0.020758612454908763 -0.020164205614895514 0.031003795818345808 0.032255306212214487 -0.042099176093874299 -0.030104509946659308 -0.023219203215569317 -0.032656195977977698 0.03145327136092279 0.03594815113309642 0.002262418076087104 0.028146377194857287 -0.032291656606931535 -0.041331127763900306
leaf_weight=68.672412913409062 1.5594717242056484 12.595154666370943 6.4531455481774174 9.5535363851813617 3.7861899726558468 3.3744282643310717 2.2814152115024608 1.5863438074011345 6.7851171884685755 1.8329249168164086 3.3016162061830974 6.0682704822393125 4.9850425609620279 4.3115859558456577
leaf_count=2399 31 216 98 168 36 50 49 100 77 42 36 177 108 33
internal_value=-0.000499971 -0.00189815 0.019744 0.000230745 -0.00282904 0.0119171 -0.00315922 0.00722701 0.0167561 -0.000713269 -0.00188088 0.000540677 -0.00208016 -0.0243582
internal_weight=137.147 129.134 8.01262 116.539 92.958 23.5808 14.0273 10.6529 9.06653 89.1719 87.3389 79.7257 73.6575 7.6132
internal_count=3620 3491 129 3275 2831 444 276 226 126 2795 2753 2684 2507 69
is_linear=0
shrinkage=0.05


Tree=216
num_leaves=15
num_cat=0
split_feature=20 15 17 16 20 21 17 20 1 3 17 17 20 17
split_gain=1.01667 1.39311 0.921374 1.88921 1.79895 1.54265 1.50681 1.60915 1.37495 1.07257 1.37077 2.48962 1.89562 2.43279
threshold=0.11605438500000002 0.040678434000000006 0.0070015666000000009 60.279294000000007 0.11103884500000001 0.63125361000000013 0.0066714933500000009 0.10607253000000001 0.98534779000000017 25.867864500000003 0.0064359169000000006 0.0061305935500000014 0.10310140500000002 0.0058772791000000013
decision_type=2 2 2 2 2 2 2 2 2 2 2 2 2 2
left_child=2 -2 4 5 6 -4 7 9 -9 10 11 12 13 -1
right_child=1 -3 3 -5 -6 -7 -8 8 -10 -11 -12 -13 -14 -15
leaf_value=-0.00013251958270197066 -0.038568511812783174 0.020360583803258531 -0.012563479122330504 -0.023628094146669918 -0.031675365235630713 0.032408101219269403 0.0255888629746454 0.0075105598774825519 -0.040872900316974416 -0.021089287296361024 -0.037496203897856718 0.035454110721384102 -0.020126441812814769 0.03738993368908574
leaf_weight=86.915187686885474 2.8337232377380128 0.65381103928666551 1.929515418712979 2.0458960450487202 4.0660246292827642 6.7650708767469041 4.0229734381719018 1.7377730644075189 3.7099522231146693 5.2515456649125545 1.3565834168693971 4.0123687010491258 10.127589317853561 3.545344892947468
leaf_count=2779 156 19 28 31 79 89 42 22 67 74 13 73 93 91
internal_value=-0.0020243 -0.0254457 -0.00123939 0.0121697 -0.0024815 0.0221615 -0.00124564 -0.00238067 -0.0266679 -0.000963862 0.000221463 0.00106107 -0.000646327 0.0017308
internal_weight=138.973 3.48753 135.486 10.7405 124.745 8.69459 120.679 116.656 5.44773 111.209 105.957 104.6 100.588 90.4605
internal_count=3656 175 3481 148 3333 117 3254 3212 89 3123 3049 3036 2963 2870
is_linear=0
shrinkage=0.05


Tree=217
num_leaves=15
num_cat=0
split_feature=22 23 0 7 23 18 12 18 17 20 7 0 17 16
split_gain=1.11875 2.00338 1.75906 2.09151 1.74583 1.58378 1.54966 1.95982 1.7787 2.25761 1.45098 1.38165 1.9006 1.86293
threshold=1.0309075000000003 0.9750253550000002 0.013262576500000003 0.53725766500000016 1.0570233500000004 7.9079652500000001e-05 2.4066622500000006 0.00011243943000000002 0.0061305935500000014 0.10086051500000003 0.9405634300000002 0.020769101000000005 0.0031207643500000006 50.013224500000007
decision_type=2 2 2 2 2 2 2 2 2 2 2 2 2 2
left_child=6 2 -2 -4 -3 -5 7 8 9 -1 -7 12 -9 -14
right_child=1 4 3 5 -6 10 -8 11 -10 -11 -12 -13 13 -15
leaf_value=0.00013252683464384988 -0.042274357994572423 0.033940276676388666 0.021054179860226972 0.0078981581249243493 -0.00080427484828450319 -0.041820682349505006 -0.023753664068479313 0.037294321888923475 0.020102959595779547 -0.032121027923384719 -0.011023757081033239 -0.019114672865399113 -0.0033912977360024896 0.021859533684961557
leaf_weight=18.328123091370806 3.7776244207052541 3.1373926761443753 4.0392780168913331 5.5181325955782112 28.330003675189801 5.1160141834989217 3.8153338957927181 7.0883999362122259 5.3768978986481661 6.7018741805804884 13.258450941182671 2.2476357985287896 14.316517389233924 13.436800241644958
leaf_count=669 182 57 45 112 1467 80 51 105 95 72 165 30 234 215
internal_value=-0.000504248 -0.00530588 -0.0139822 -0.00882689 0.00359853 -0.0145214 0.00376419 0.00564376 -0.00371371 -0.00940571 -0.0213145 0.0132114 0.0157719 0.00916899
internal_weight=134.488 63.1769 31.7095 27.9319 31.4674 23.8926 71.3116 67.4962 30.4069 25.03 18.3745 37.0894 34.8417 27.7533
internal_count=3579 2108 584 402 1524 357 1471 1420 836 741 245 584 554 449
is_linear=0
shrinkage=0.05


Tree=218
num_leaves=15
num_cat=0
split_feature=14 20 19 23 0 11 17 20 20 17 20 17 18 22
split_gain=1.04153 1.22598 1.94773 1.9747 1.92822 1.70453 1.61364 2.17582 2.13268 4.31298 2.88906 2.82604 1.68637 1.47056
threshold=0.13487526000000002 0.065730215500000008 0.22659300500000004 -0.54437478499999992 0.015031085000000001 0.12406693000000001 0.0028839208500000004 0.071024281500000022 0.075371021000000024 0.0032064466000000006 0.078237381500000022 0.0034985199000000006 0.00017923098000000002 1.0568722500000003
decision_type=2 2 2 2 2 2 2 2 2 2 2 2 2 2
left_child=-1 2 4 -4 5 -2 12 -8 13 -10 -11 -12 -3 -9
right_child=1 6 3 -5 -6 -7 7 8 9 10 11 -13 -14 -15
leaf_value=-0.02978007325532225 -0.030256349417876922 -0.025382144368153461 0.030552454585182687 -0.011149050030941011 0.040379152865659046 0.023204486637829994 -0.044730115429366481 0.042243301505678441 -0.0471029286073609 0.026606479497535723 -0.03941218066124054 0.00088386587536082967 0.018061916169374217 0.00064523563422409639
leaf_weight=1.9226103015243996 1.7973528179572915 10.891274053195955 2.6568593850242914 11.732142222812396 6.5395650016143918 2.1984802515362389 1.6041508538182814 4.1542044649831942 3.7534323766594744 9.3450459028827009 3.6324539602501309 71.034946600731928 1.9929552953690279 3.6680776615976356
leaf_count=33 24 189 186 1367 79 61 11 103 39 121 44 1300 22 44
internal_value=-0.000248748 0.000387698 0.0101756 -0.00196408 0.0254887 -0.00208546 -0.00190022 0.00037373 0.00158592 -0.000761117 0.00183902 -0.00157143 -0.0178452 0.025021
internal_weight=136.924 135.001 24.9244 14.389 10.5354 3.99583 110.077 97.1923 95.5882 87.7659 84.0124 74.6674 12.8842 7.82228
internal_count=3623 3590 1717 1553 164 85 1873 1662 1651 1504 1465 1344 211 147
is_linear=0
shrinkage=0.05


Tree=219
num_leaves=15
num_cat=0
split_feature=14 14 19 15 23 8 0 12 12 12 23 1 19 14
split_gain=1.02754 1.26393 1.00913 1.81614 2.35363 1.53574 1.98905 1.51398 2.3287 1.74065 2.51916 1.62228 1.59202 1.76448
threshold=0.14051282000000004 0.16892262500000002 0.20887321500000003 0.033195592000000003 -0.67335738999999994 0.42651070500000005 0.018812205500000002 0.45758862500000003 0.41469779500000004 1.9191526500000002 -0.07601951849999998 0.98418947500000009 0.21340824000000003 0.32824160500000005
decision_type=2 2 2 2 2 2 2 2 2 2 2 2 2 2
left_child=-1 -2 3 5 -5 -3 -7 8 12 10 -9 -11 -4 -14
right_child=1 2 7 4 -6 6 -8 9 -10 11 -12 -13 13 -15
leaf_value=-0.025201820380733445 0.025154480665302532 0.0031761844117639462 0.02454694570348756 -0.029415876608626108 0.030980486337989239 -0.028380522613629097 0.0077059437606774445 0.00643730646904625 0.022399461419000372 -0.016857714121444885 -0.027255501518661726 0.01556722271872742 0.0034609980323708832 -0.019541543761162447
leaf_weight=3.398886860755737 3.5926633405615567 9.3285710578784364 4.795593080809339 1.3697610024828462 4.6157129890052593 16.470006169634875 4.4165522884577504 8.2262495869363192 15.175374943210043 4.6245202978607294 14.202833263901994 11.599539153277872 26.779924087401014 10.959121417254208
leaf_count=49 68 130 68 54 126 200 58 335 318 432 595 347 557 289
internal_value=-0.00141541 -0.000642207 -0.00152443 -0.0085212 0.0149265 -0.0134955 -0.0207464 0.00116456 0.00625158 -0.0063966 -0.0151508 0.00588266 0.000108205 -0.00355077
internal_weight=139.555 136.156 132.564 36.2006 5.98547 30.2151 20.8866 96.3632 57.71 38.6531 22.4291 16.2241 42.5346 37.739
internal_count=3626 3577 3509 568 180 388 258 2941 1232 1709 930 779 914 846
is_linear=0
shrinkage=0.05


Tree=220
num_leaves=15
num_cat=0
split_feature=21 20 18 3 20 17 18 17 9 20 17 20 10 0
split_gain=1.25332 2.08281 1.91784 3.03292 1.73416 2.05874 1.78423 1.2443 3.78244 3.23738 2.72803 2.48668 1.51871 1.19871
threshold=0.64906421500000011 0.10441406500000001 0.00012059651 19.444909500000005 0.10503381000000002 0.0068466236000000007 5.6201090000000006e-05 0.0058158277000000006 4.7083333500000011 0.10060217 0.0048566131500000003 0.081653083000000015 0.32413762500000004 0.014972707000000002
decision_type=2 2 2 2 2 2 2 2 2 2 2 2 2 2
left_child=1 7 3 -3 6 -6 -2 9 -9 10 11 13 -13 -1
right_child=4 2 -4 -5 5 -7 -8 8 -10 -11 -12 12 -14 -15
leaf_value=-0.0094098599070219172 -0.0069807613118512291 0.03860089631317859 -0.03652425259689776 -0.034856531310631954 -0.021699615125261734 0.010848416340656359 0.032100000235270522 -0.024281402804512249 0.034928481753680928 -0.036759831287330187 0.032240103008769769 0.012152194247080519 -0.043730290542921928 0.0044447114110315834
leaf_weight=21.510555059590843 3.6380078978836563 2.0517597622238086 7.1248154453933239 1.6211516733746973 6.9269685553154003 11.570523692294953 9.3309153388836403 3.2748834125522972 6.7683762321248651 5.4422578165540463 5.103354026854503 1.0975609072484065 4.3218039183411747 49.949422549980227
leaf_count=1434 51 37 150 35 107 216 175 75 80 40 156 18 139 934
internal_value=-0.000510321 -0.00306978 -0.0229126 0.00565737 0.00811927 -0.00182802 0.0214222 -0.000661187 0.015171 -0.00263097 5.02877e-05 -0.00247305 -0.0322826 0.000201964
internal_weight=139.732 108.266 10.7977 3.67291 31.4664 18.4975 12.9689 97.4682 10.0433 87.425 81.9827 76.8793 5.41936 71.46
internal_count=3647 3098 222 72 549 323 226 2876 155 2721 2681 2525 157 2368
is_linear=0
shrinkage=0.05


Tree=221
num_leaves=15
num_cat=0
split_feature=20 9 18 19 18 9 21 13 13 9 21 3 19 11
split_gain=1.94643 1.66555 2.17864 1.94585 2.1742 1.40636 1.39312 1.37677 1.3525 1.11948 2.15119 2.78006 1.57715 2.02631
threshold=0.065730215500000008 10.166666500000002 0.00015830025000000003 0.22659300500000004 0.00011243943000000002 3.9000000000000004 0.54533916000000016 0.62638240000000012 0.6910889600000002 4.2916666500000007 0.64378646000000017 18.305031500000002 0.23127865500000003 0.12237271000000001
decision_type=2 2 2 2 2 2 2 2 2 2 2 2 2 2
left_child=1 2 3 -1 5 -5 8 -7 -2 10 11 -8 -11 -14
right_child=6 -3 -4 4 -6 7 9 -9 -10 12 -12 -13 13 -15
leaf_value=0.041678255679281892 -0.025692328678320497 -0.010809038810987387 -0.025115320392021381 0.024592635517871157 0.040532353909069729 -0.030034525218052627 0.0046510608944358373 0.01915289906027276 0.015762123624555213 -0.0043629307862370504 0.013673592835583965 -0.046814422828921093 -0.0096318547163995565 0.017529539626501157
leaf_weight=7.5886021730257296 10.041754278761799 5.5516807435778892 1.7318595647811879 1.7013207731652054 2.5062003271305002 4.4349030650337227 4.1376545179227815 1.1591362659819422 1.6876263503218059 53.113697363063693 4.1879992662870782 5.463529008673504 9.0104480588343012 22.147286854917184
leaf_count=137 191 321 17 551 45 506 239 153 27 743 145 58 147 323
internal_value=-0.000521431 0.0118875 0.0186866 0.0241773 0.00802348 -0.00668427 -0.00339228 -0.0184835 -0.0189582 -0.0013578 -0.0140476 -0.0262887 0.000858996 0.00961952
internal_weight=134.464 24.6737 19.122 17.3902 9.80156 7.29536 109.79 5.59404 11.7294 98.0606 13.7892 9.60118 84.2714 31.1577
internal_count=3603 1730 1409 1392 1255 1210 1873 659 218 1655 442 297 1213 470
is_linear=0
shrinkage=0.05


Tree=222
num_leaves=15
num_cat=0
split_feature=8 19 8 18 0 0 22 23 0 1 14 14 10 21
split_gain=1.50362 1.53899 1.27859 1.3565 1.21986 1.26252 1.59625 2.49487 1.34923 1.75651 2.02355 1.68458 1.52788 1.35319
threshold=0.85854566500000018 0.19006409000000002 1.4570107000000003 0.00016488591500000003 0.010436018500000002 0.015339914000000001 0.80370712500000019 -0.71420182999999993 0.015758290000000005 0.98757716000000018 0.92476415000000012 0.96178189000000003 0.28677167000000003 0.58348559500000008
decision_type=2 2 2 2 2 2 2 2 2 2 2 2 2 2
left_child=4 -2 -3 -4 -1 6 -6 -8 -7 10 12 -12 -10 -11
right_child=1 2 3 -5 5 8 7 -9 9 13 11 -13 -14 -15
leaf_value=0.029142552974564435 0.036939076870115321 0.010489796896487914 -0.028857331100371419 0.0087663245288118891 -0.039323293038909982 0.020236010285606832 0.029493980682526136 -0.013567019894665359 -0.011911433525744435 -0.017995984156629882 -0.038473505606766455 0.015148232909782884 0.026737758348560965 -0.00086813989983978751
leaf_weight=1.760685339453629 3.1654160276520988 21.493813796201724 4.1547705187113015 3.8012701813131571 3.932250319048765 5.8449169626110224 2.9543380960822168 23.000258832704272 2.6222970146918696 19.227956826973241 2.4943237178958944 1.7963369998615233 11.017735858738886 27.07341418415308
leaf_count=901 48 485 96 41 45 129 48 765 46 374 41 45 189 365
internal_value=-0.000761798 0.00842351 0.00424607 -0.0119097 -0.00376016 -0.00462258 -0.0130455 -0.00775314 -0.000897317 -0.00310112 0.00983066 -0.0174041 0.0190014 -0.00821104
internal_weight=134.34 32.6153 29.4499 7.95604 101.725 99.9638 29.8868 25.9546 70.077 64.2321 17.9307 4.29066 13.64 46.3014
internal_count=3618 670 622 137 2948 2047 858 813 1189 1060 321 86 235 739
is_linear=0
shrinkage=0.05


Tree=223
num_leaves=15
num_cat=0
split_feature=23 11 8 7 8 23 17 3 10 22 20 11 18 8
split_gain=1.32613 1.35997 1.27709 1.64427 1.65234 1.41739 1.35248 2.21017 1.75065 1.23505 1.18003 1.15814 1.25642 1.5547
threshold=1.90380185 0.12766797000000002 0.33353986500000005 0.51837760500000007 2.1175494000000006 -0.17096798999999999 0.0059791553500000002 20.293796000000004 0.29215312500000007 1.1510685000000003 0.11051190500000001 0.12949674000000003 4.7509138500000004e-05 0.32867753500000002
decision_type=2 2 2 2 2 2 2 2 2 2 2 2 2 2
left_child=1 2 5 4 -4 -1 -5 8 -8 -2 -10 -3 -13 -14
right_child=9 11 3 6 -6 -7 7 -9 10 -11 -12 12 13 -15
leaf_value=0.038469983482029312 0.013021007706874269 0.028238135542135757 0.027983189359692157 -0.014594839215113238 -0.014226821521193051 0.00085816540466618742 -0.020956539030043502 -0.020893281136739397 0.044969546970705571 -0.02805311567334506 0.0052222201418474544 0.02016051625379843 -0.027530600571708114 0.0044695278530891515
leaf_weight=2.6553091377136289 1.8410270411986847 5.3157939649536265 5.558016842172945 32.813716473814566 2.8218436513561755 8.1092447843984683 1.5538698108866791 4.8016632385551921 3.5920645259320736 5.7135587973461952 3.6484247541520745 10.70949409221066 3.1460429165745145 44.360561107634567
leaf_count=225 28 114 78 494 32 281 20 75 35 842 63 692 68 620
internal_value=0.00139337 0.0026377 -0.00240233 -0.00552652 0.013768 0.0126173 -0.0092273 0.00383955 0.018098 -0.0176915 0.0280054 0.0077948 0.00548274 0.0018265
internal_weight=136.641 129.086 65.5542 54.7896 8.37986 10.7646 46.4097 13.596 8.79436 7.55459 7.24049 63.5319 58.2161 47.5066
internal_count=3667 2797 1303 797 110 506 687 193 118 870 98 1494 1380 688
is_linear=0
shrinkage=0.05


Tree=224
num_leaves=15
num_cat=0
split_feature=14 19 3 3 17 23 23 3 11 3 8 9 11 13
split_gain=1.15115 1.11295 1.27721 1.35428 0.923712 0.954689 1.63705 0.871556 1.75803 1.46847 2.706 1.36363 2.78261 1.37975
threshold=0.14051282000000004 0.18016393500000003 18.666432500000003 21.397468500000006 0.0083195588500000004 1.7290762500000001 1.6205086000000002 20.407048500000005 0.13731205500000002 15.284159500000001 0.44001128000000006 5.7083333500000011 0.15147879500000003 0.56522137500000014
decision_type=2 2 2 2 2 2 2 2 2 2 2 2 2 2
left_child=-1 2 -2 -4 5 6 7 8 9 10 -3 12 -10 -14
right_child=1 4 3 -5 -6 -7 -8 -9 11 -11 -12 -13 13 -15
leaf_value=-0.02344979152877371 0.037134645735589174 0.024487256654354177 -0.022885857461847514 0.021761568556495647 -0.026652435454852824 -0.01250982263275895 0.035409604032628515 -0.0038452110572340633 0.037014658814369446 0.014140315782632954 -0.032044877754957561 -0.017925376248268676 0.0099685225890367123 -0.037586742506954596
leaf_weight=3.5532415802008464 3.7023743499303219 2.6493991774332235 2.2653069333173335 2.5398743380792439 1.9843571259116277 10.072108536463928 2.7432983140461138 41.765257987659425 3.3986935439170365 39.679538499331102 4.1951859790133312 11.082265828270463 2.2297949020867236 2.2809762487886474
leaf_count=48 78 361 30 27 61 966 73 570 79 587 49 164 463 37
internal_value=0.0012833 0.00212937 0.0186089 0.000396864 0.000839083 0.00150967 0.00289419 0.0017434 0.00531029 0.0104811 -0.00983039 -0.00724739 0.00804664 -0.0165358
internal_weight=134.142 130.588 8.50756 4.80518 122.081 120.097 110.024 107.281 65.5159 46.5241 6.84459 18.9917 7.90946 4.51077
internal_count=3593 3545 135 57 3410 3349 2383 2310 1740 997 410 743 579 500
is_linear=0
shrinkage=0.05


Tree=225
num_leaves=15
num_cat=0
split_feature=10 16 10 12 16 7 3 16 14 23 7 9 18 23
split_gain=1.49116 1.6001 1.5345 1.48199 1.95188 1.39871 1.22445 1.16972 1.75744 2.2715 2.12644 1.89966 1.79924 1.49512
threshold=0.46266937000000002 60.165851000000011 0.42646494500000004 0.38401956500000006 29.968304000000003 0.54558932000000004 25.867864500000003 60.000067000000008 0.25735931000000006 0.11031790000000001 0.93919042500000016 10.416666500000002 0.00026020433500000001 -0.44749943499999995
decision_type=2 2 2 2 2 2 2 2 2 2 2 2 2 2
left_child=2 6 5 -4 -5 -1 -2 8 13 12 11 -11 -10 -7
right_child=1 -3 3 4 -6 7 -8 -9 9 10 -12 -13 -14 -15
leaf_value=0.021820986318208724 0.016981405669251503 -0.018044053417486321 0.007721342162879086 -0.053665491525345277 -0.0089139459321330786 -0.04200507308023637 -0.020005393663050434 0.0084779939753343737 0.013967090343050492 -0.046315057164425244 -0.003989471404385104 0.015699334638555825 -0.018803633712965225 -0.0076170596228217965
leaf_weight=5.060262043203692 22.517312768322888 3.7946867283899328 3.42233347299043 3.4876843380625342 6.4331846822751686 4.5492663144832468 1.6369816928636272 16.955538095178781 23.080448962631639 5.0713303349330117 25.333285817352589 1.021858047111891 4.1652571802260345 8.6860813386156206
leaf_count=90 438 73 51 59 144 46 23 590 686 166 1002 34 75 179
internal_value=-0.00110536 0.00898434 -0.003793 -0.0190297 -0.0281198 -0.00145074 0.0137791 -0.00300401 -0.00579058 -0.00193222 -0.0109327 -0.0351679 0.00846883 -0.0215574
internal_weight=135.216 27.949 107.267 13.3432 9.92087 93.9233 24.1543 88.8631 71.9075 58.6722 31.4265 6.09319 27.2457 13.2353
internal_count=3656 534 3122 254 203 2868 461 2778 2188 1963 1202 200 761 225
is_linear=0
shrinkage=0.05


Tree=226
num_leaves=15
num_cat=0
split_feature=20 17 17 9 3 20 21 15 17 20 21 17 21 23
split_gain=1.14557 2.4238 2.23279 2.15666 2.19527 2.02475 1.60503 1.33208 1.05036 2.4138 1.42061 1.39055 2.85187 2.04296
threshold=0.10607253000000001 0.0066714933500000009 0.0061889249000000009 7.8333333500000011 16.058602000000004 0.10473688500000002 0.67731855500000016 0.015209345500000002 0.0022062351500000007 0.062297709500000006 0.57047906000000015 0.0024262726000000004 0.59248007000000003 -0.92497661999999992
decision_type=2 2 2 2 2 2 2 2 2 2 2 2 2 2
left_child=2 -2 5 7 -5 8 -6 -3 9 10 -1 12 -10 -13
right_child=1 3 -4 4 6 -7 -8 -9 11 -11 -12 13 -14 -15
leaf_value=-0.0062887879622874517 -0.034787691470242951 -0.014118701862459934 0.029717838389345431 0.027615858573427566 -0.036138448540424674 -0.04072038162483458 0.0066289929842602933 0.028994617947751097 0.031234715619788474 -0.041524943157857708 0.035051814144311556 0.023358713368963786 -0.023989865354836788 -0.0014302161812518766
leaf_weight=9.262666331836952 5.7137650228105512 1.7204930030275161 6.1804342601099043 1.7368262563832093 6.2569345744559524 1.8475631343899284 2.7522697772365063 6.0800090703414753 9.298870182130484 3.3744337524403809 1.6100832858937781 8.4371381213131809 2.2208143638563334 68.956037526921136
leaf_count=1505 124 46 104 19 86 17 71 141 145 30 33 191 18 1091
internal_value=0.000579348 -0.00904522 0.00274125 0.00025946 -0.0137749 0.000888134 -0.0237162 0.0189617 0.00201712 -0.0101461 0.00226977 0.00405729 0.0195225 0.00153568
internal_weight=135.448 24.2603 111.188 18.5465 10.746 105.008 9.0092 7.8005 103.16 14.2472 10.8727 88.9129 11.5197 77.3932
internal_count=3621 487 3134 363 176 3030 157 187 3013 1568 1538 1445 163 1282
is_linear=0
shrinkage=0.05


Tree=227
num_leaves=15
num_cat=0
split_feature=9 20 17 20 16 16 17 20 3 13 13 22 17 0
split_gain=1.17959 0.899766 1.20482 2.03018 1.84096 2.53657 1.8038 2.32264 1.55988 1.25192 1.8565 1.77002 2.45356 2.43995
threshold=21.250000000000004 0.11775318000000001 0.007051918600000001 0.11073135500000002 60.279294000000007 50.62977200000001 0.0066714933500000009 0.10503381000000002 16.732150000000004 0.072621222000000013 0.13450581000000003 0.92368301500000005 0.0039435091500000007 0.014611194500000002
decision_type=2 2 2 2 2 2 2 2 2 2 2 2 2 2
left_child=1 2 3 6 5 -4 7 9 -5 -1 -11 12 13 -12
right_child=-2 -3 4 8 -6 -7 -8 -9 -10 10 11 -13 -14 -15
leaf_value=0.017624658414360089 -0.031627501976242769 -0.029708747195998048 -0.01536969975322542 0.01588863826990411 -0.015203734394322649 0.042266361655866225 0.029420542998871098 -0.02534323650148132 -0.040876615037832922 -0.019650369227940837 -0.028382159073733294 -0.0015680503106856409 0.042149331140970789 0.016427871309597747
leaf_weight=10.163254205894189 1.9067369475378644 1.4073727275244881 2.0302049018500821 1.0032598176039744 2.7364986780448808 6.0117260125116445 4.3626314153079866 7.5266663462389252 3.9950555828399956 9.7469635078741685 3.364798303286082 61.514035939355381 5.0637709514121516 9.0400877320207638
leaf_count=365 33 136 47 13 39 70 37 112 102 427 160 1828 104 125
internal_value=-0.000129653 0.000581273 0.00114837 -0.000398126 0.016384 0.0276254 0.00112593 -0.000297087 -0.0287334 0.00184378 -0.000140067 0.00248321 0.0160617 0.00306268
internal_weight=129.873 127.966 126.559 115.781 10.7784 8.04193 110.782 106.42 4.99832 98.8929 88.7297 78.9827 17.4687 12.4049
internal_count=3598 3565 3429 3273 156 117 3158 3121 115 3009 2644 2217 389 285
is_linear=0
shrinkage=0.05


Tree=228
num_leaves=15
num_cat=0
split_feature=20 17 17 9 20 0 7 19 13 3 10 10 23 20
split_gain=1.34131 2.33513 2.00027 2.427 2.35773 2.08524 1.94155 1.60583 2.10516 1.62717 1.4447 2.17135 1.65023 1.31515
threshold=0.10503381000000002 0.0062644133500000003 0.0057897354500000007 7.1250000000000009 0.10177639500000001 0.017708565000000006 0.45923158000000003 0.26139667500000002 0.59862781500000006 25.867864500000003 0.49038487000000003 0.37702844500000005 0.51147285500000017 0.10687178000000001
decision_type=2 2 2 2 2 2 2 2 2 2 2 2 2 2
left_child=2 -2 4 5 7 6 -4 9 -9 10 11 -1 -13 -3
right_child=1 13 3 -5 -6 -7 -8 8 -10 -11 -12 12 -14 -15
leaf_value=0.012080201187157899 -0.039173293412685217 0.029058700185075743 -0.029543081579339631 0.034890693200904994 -0.038038135125791406 -0.030797962000414261 0.030561001235305897 0.0072292697238963968 -0.038752655519724843 -0.023313127027857795 0.025176566337406333 -0.016650777474293773 0.0095747308961720672 -0.0050121340515279326
leaf_weight=37.151035162212793 3.7568617799552184 2.2390464383643147 0.93076116591692226 10.040038669481872 2.574745940277352 2.7069837544113398 4.2256639175175223 4.4940102118125633 3.9342620549723506 3.5525143268750972 9.141413367353378 14.987416972348003 8.7755800173617882 21.590302737778984
leaf_count=777 64 27 8 118 20 23 140 1105 385 51 138 182 128 430
internal_value=0.00242736 -0.00718686 0.00505894 0.0197682 0.00175194 -0.00129822 0.0166754 0.00344383 -0.0160685 0.00586346 0.00765028 0.00465594 -0.00697025 -0.000769378
internal_weight=130.101 27.5862 102.514 17.9034 84.611 7.86341 5.15643 82.0362 8.42827 73.608 70.0554 60.914 23.763 23.8293
internal_count=3596 521 3075 289 2786 171 148 2766 1490 1276 1225 1087 310 457
is_linear=0
shrinkage=0.05


Tree=229
num_leaves=15
num_cat=0
split_feature=18 16 22 22 21 15 15 7 8 7 16 21 3 20
split_gain=1.27497 1.8825 0.894382 1.20083 1.03624 1.95631 1.48076 0.941351 0.939054 0.905661 2.05354 1.71467 1.88547 1.73198
threshold=0.00040447154000000006 59.506820000000012 0.87664407000000011 0.89238196500000011 0.56442791000000014 0.021164614000000002 0.042705167000000009 0.9783992450000002 0.35835545000000008 0.95288652500000015 24.945823500000007 0.55946972000000017 18.997685000000004 0.10376621000000001
decision_type=2 2 2 2 2 2 2 2 2 2 2 2 2 2
left_child=2 -2 4 -4 7 8 -7 -1 -6 10 -5 -12 -13 -14
right_child=1 -3 3 9 5 6 -8 -9 -10 -11 11 12 13 -15
leaf_value=0.021324060550952973 -0.01488025366440745 0.036752922379375282 0.02904063523568446 0.032022582131908242 -0.0012869195895142396 0.019286831611929164 -0.029857558287338489 -0.013115925661792847 -0.041378371430255807 0.0045622718365800055 -0.023034095928321622 0.011089681286272933 -0.0010178694549950237 -0.030494693046433409
leaf_weight=3.2493015034124282 1.9870906320866186 4.2521264159004204 2.6348907087231046 2.5582586633681776 1.9392950063338483 4.0578787465929054 1.2176273583609143 2.8091584469075315 5.8577484227716923 49.480482763843611 11.945078695251139 15.415289333090184 14.442715309909547 6.6675720287021241
leaf_count=57 66 48 60 52 25 58 54 89 56 1868 605 230 191 127
internal_value=0.000132491 0.0205246 -0.00106609 0.000807851 -0.0107077 -0.0182062 0.00499362 0.00575929 -0.0326866 -0.000211079 -0.00483831 -0.00739179 -0.00179874 -0.0112861
internal_weight=128.515 6.23922 122.275 103.144 19.131 13.0725 5.27551 6.05846 7.79704 100.509 51.0289 48.4707 36.5256 21.1103
internal_count=3586 114 3472 3133 339 193 112 146 81 3073 1205 1153 548 318
is_linear=0
shrinkage=0.05


Tree=230
num_leaves=15
num_cat=0
split_feature=0 18 18 17 22 9 21 17 3 10 11 9 22 3
split_gain=1.82467 1.15409 1.45117 1.31304 1.1387 1.11891 2.0904 2.01979 1.4205 0.94322 1.84696 2.58601 1.26912 0.834448
threshold=0.011635519000000002 2.5685991500000001e-05 2.0322295000000003e-05 0.0018848930500000001 1.1014998000000003 4.2916666500000007 0.64378646000000017 0.0026840837000000005 17.261467500000006 0.30841567500000006 0.11842088000000002 10.416666500000002 0.94753330000000002 19.475573000000004
decision_type=2 2 2 2 2 2 2 2 2 2 2 2 2 2
left_child=4 2 3 -2 -1 6 7 8 -3 10 -7 12 -12 -11
right_child=1 5 -4 -5 -6 9 -8 -9 -10 13 11 -13 -14 -15
leaf_value=0.038845155791335233 -0.030169314007419862 0.036417376865976812 -0.041396021978235553 0.014939949809271755 -0.010693040315097414 0.015850357208564921 0.019148999306110637 -0.032811043164604529 -0.013396684534460957 -0.00058844103036696511 -0.021577359946956375 -0.040811314699594786 0.011039933694941736 0.0094062446057782446
leaf_weight=3.6169938703824291 1.4696019684197361 1.3899920494295681 2.9186144660343416 3.6542006134986877 1.0627545129100324 5.6195200052461614 3.4600787642411879 8.982151805656029 2.6846410848665982 41.401516316982452 3.6360985497012752 5.3323365324467877 7.3629207485937513 40.912218845973257
leaf_count=826 636 26 86 52 208 111 58 96 44 632 47 53 152 614
internal_value=-4.66352e-05 -0.00125989 -0.0184893 -0.000812024 0.0276933 2.97614e-05 -0.0116712 -0.0206199 0.00742423 0.00197662 -0.00702448 -0.015356 -0.000642442 0.00443247
internal_weight=133.504 128.824 8.04242 5.1238 4.67975 120.781 16.5169 13.0568 4.07463 104.265 21.9509 16.3314 10.999 82.3137
internal_count=3641 2607 774 688 1034 1833 224 166 70 1609 363 252 199 1246
is_linear=0
shrinkage=0.05


Tree=231
num_leaves=15
num_cat=0
split_feature=20 9 13 20 10 13 21 16 22 12 9 20 16 16
split_gain=0.769852 2.413 1.81082 1.62492 1.55583 1.34405 1.29972 1.09244 1.02552 1.10742 0.996569 0.985776 8.0247 2.40317
threshold=0.067508926000000011 10.166666500000002 0.13450581000000003 0.071614835500000015 0.31179046000000005 0.62341058000000016 0.45959323000000002 25.130637500000002 1.0604747000000001 0.33057044000000008 2.6333333500000005 0.076390651000000018 50.62977200000001 30.226438000000005
decision_type=2 2 2 2 2 2 2 2 2 2 2 2 2 2
left_child=1 2 4 5 -1 -2 -4 -6 -3 -10 -5 12 -12 -13
right_child=3 8 6 10 7 -7 -8 -9 9 -11 11 13 -14 -15
leaf_value=0.024006222361980328 -0.037790568400583341 -0.029517307507891999 -0.012876475502166994 0.022657598201694964 -0.03739547106877799 0.0055785018200897448 0.027231637789141474 0.013614656186214595 -0.02767913534039796 0.023004099393689137 0.035297373829633688 -0.014408439789337422 -0.040179932907706599 0.0026756684326972786
leaf_weight=1.4859853601665296 4.6561948666349045 4.5683277007192364 1.7234345112228791 3.2273561463225624 2.8828865007380959 2.2733524926006794 14.507676432549486 0.85104379942640651 0.70096028834814239 2.0268733481352683 9.2476799785508756 33.323348917125259 4.4026081683114162 50.796480830351356
leaf_count=241 80 56 815 323 50 27 265 127 55 247 143 465 50 757
internal_value=-0.000914681 0.00622232 0.014561 -0.00285535 -0.00969819 -0.0246534 0.0224728 -0.0253491 -0.0170938 0.00604892 -0.00113272 -0.00213947 0.00987283 -0.00418182
internal_weight=136.674 28.7472 21.451 107.927 5.21992 6.92955 16.2311 3.73393 7.29616 2.72783 100.997 97.7701 13.6503 84.1198
internal_count=3701 1856 1498 1845 418 107 1080 177 358 302 1738 1415 193 1222
is_linear=0
shrinkage=0.05


Tree=232
num_leaves=15
num_cat=0
split_feature=20 16 20 17 3 20 19 17 13 20 16 17 20 17
split_gain=1.4243 3.02912 2.8127 2.27586 1.67694 1.25638 2.1176 1.14282 1.33242 1.09895 4.57298 2.85153 2.61089 4.80379
threshold=0.063898661000000009 25.253168500000005 0.067954421000000001 0.0021042058000000003 18.0688475 0.061286753000000006 0.29531531500000002 0.0027969301000000005 0.62341058000000016 0.07708854100000001 50.62977200000001 0.0033859059000000006 0.075371021000000024 0.0031913429500000003
decision_type=2 2 2 2 2 2 2 2 2 2 2 2 2 2
left_child=3 4 -3 5 -2 6 -1 8 -4 10 12 -11 -9 -14
right_child=1 2 7 -5 -6 -7 -8 9 -10 11 -12 -13 13 -15
leaf_value=0.031819677470253105 0.0019162457743233182 0.038208594329620323 -0.039768253848095271 0.031474769436773867 -0.040428607642011338 -0.030469717805758235 -0.021688656609134226 0.050953987899924058 0.0082809940468552556 -0.040759056860879703 -0.022977311836753785 0.0016542781027564278 -0.045481298908938789 0.03728153401403024
leaf_weight=3.079198825114875 3.4395913556800206 4.2581512276083222 2.5860050623305133 8.7314795715501514 5.7657076912000775 2.0751390545046888 2.4542282441398129 5.8445593409705925 1.9276490435004232 3.1792619663756332 5.0718200257979325 75.610337501013419 2.0035135499783792 3.220124245097395
leaf_count=93 53 102 42 127 100 13 1394 132 19 39 58 1383 15 52
internal_value=0.00208346 3.41067e-05 0.00256831 0.0154255 -0.0259689 -0.00450916 0.00840007 0.000676991 -0.0214677 0.00194272 0.0134173 -0.000546537 0.0306166 0.00333069
internal_weight=129.247 112.907 103.701 16.34 9.2053 7.60857 5.53343 99.4433 4.51365 94.9296 16.14 78.7896 11.0682 5.22364
internal_count=3622 1995 1842 1627 153 1500 1487 1740 61 1679 257 1422 199 67
is_linear=0
shrinkage=0.05


Tree=233
num_leaves=15
num_cat=0
split_feature=19 20 17 20 16 12 17 13 23 23 17 20 16 11
split_gain=0.972345 0.978623 1.46929 1.91463 1.81734 1.82524 1.7153 1.60583 0.866995 1.71008 1.35552 1.15602 2.89382 2.49444
threshold=0.15600907500000002 0.11775318000000001 0.0072907839500000009 0.10915670500000001 59.506820000000012 0.54574598500000016 0.0067224302500000005 0.62911270500000016 1.90380185 0.9750253550000002 0.0020065293000000005 0.063445956000000012 25.253168500000005 0.12800444000000002
decision_type=2 2 2 2 2 2 2 2 2 2 2 2 2 2
left_child=-1 2 3 6 -5 7 8 -6 9 11 -11 13 -13 -2
right_child=1 -3 -4 4 5 -7 -8 -9 -10 10 -12 12 -14 -15
leaf_value=-0.029167992135655102 -0.007741010767874622 -0.029892300998873408 0.022645895818555833 -0.041933183889309174 0.037127163283283235 -0.03186352691133526 0.044980586910182627 -0.010295761849588296 -0.017012775423060341 -0.022058318920777469 0.020187816282962862 -0.027644851447002003 0.0014068561495961199 0.038966471716743389
leaf_weight=1.6421533250831988 5.4325977929984202 1.4425523017998774 7.1235195089830077 3.8153060900513065 2.435016755014658 2.4232112433528528 1.3612701756355807 3.0256039323285222 4.7802451527386429 1.2972379027633021 17.160189329821151 8.9018012790475023 63.222633006313117 4.4570287401438691
leaf_count=17 137 142 104 122 27 43 15 34 790 258 293 106 1066 482
internal_value=0.000866681 0.00148046 0.00207483 0.000656834 -0.0177107 -0.00258783 0.00281824 0.0133247 0.00185473 0.00291122 0.0162376 -0.000247373 -0.0025078 0.0149543
internal_weight=128.52 126.878 125.436 118.312 11.6991 7.88383 106.613 5.46062 105.252 100.471 18.4574 82.0141 72.1244 9.88963
internal_count=3636 3619 3477 3373 226 104 3147 61 3132 2342 551 1791 1172 619
is_linear=0
shrinkage=0.05


Tree=234
num_leaves=15
num_cat=0
split_feature=14 16 19 3 9 13 3 19 13 14 3 19 13 0
split_gain=0.999842 0.882413 2.28284 1.45204 1.0793 1.1203 1.62986 2.63394 1.43544 1.72752 1.29094 1.36149 1.68817 1.40813
threshold=0.14051282000000004 60.01565750000001 0.19944751500000005 23.328412500000002 15.583333500000002 0.64679805000000012 18.997685000000004 0.19559145000000003 0.62341058000000016 0.31951603500000009 14.601729500000003 0.20668529000000002 0.53120517500000008 0.016922579500000003
decision_type=2 2 2 2 2 2 2 2 2 2 2 2 2 2
left_child=-1 4 -3 -4 5 8 7 -7 10 -10 -2 12 -12 -14
right_child=1 2 3 -5 -6 6 -8 -9 9 -11 11 -13 13 -15
leaf_value=-0.024227513161461291 0.020218461067525353 -0.02305200621540357 0.01942013048946542 -0.015370806082166621 0.015963224080203783 0.02802539056565554 0.0016963371745112475 -0.033185841681160871 0.026957942833556139 -0.015929171304194103 0.028647223595286399 -0.0098326263658440882 -0.024085250212305814 0.011397864064494081
leaf_weight=3.4439922893361645 4.3224071214208371 3.9933111268619568 18.893198962352475 2.7643440293031736 6.6016246863000552 1.2857628840720305 10.067007843230384 10.685312783200059 7.6520589052233827 2.4683562220307067 4.8643288505263618 44.033930248668185 4.1485562017187458 5.2113583041355014
leaf_count=45 803 58 642 48 136 21 180 203 157 48 95 1059 50 68
internal_value=-0.000915441 -9.88707e-05 0.00800581 0.014497 -0.00220847 -0.00362822 -0.013237 -0.0249576 -0.000575414 0.016006 -0.0034665 -0.00553532 0.00753986 -0.00513595
internal_weight=130.436 126.992 25.6509 21.6575 101.341 94.7391 22.0381 11.9711 72.701 10.1204 62.5806 58.2582 14.2242 9.35991
internal_count=3613 3568 748 690 2820 2684 404 224 2280 205 2075 1272 213 118
is_linear=0
shrinkage=0.05


Tree=235
num_leaves=15
num_cat=0
split_feature=16 21 10 16 10 14 12 3 17 12 17 0 15 14
split_gain=0.940909 1.81512 1.43489 1.27551 1.937 1.44411 1.05968 1.7714 1.75646 1.26967 1.00142 0.984681 1.14715 2.62732
threshold=29.892942000000001 0.60872293000000011 0.49297619000000009 24.997888500000006 0.33912961000000003 0.34930197000000002 0.27074441000000005 21.092564500000005 0.0078984182500000024 0.32810363500000006 0.0074444475000000005 0.011635519000000002 0.018433571500000006 0.27326839500000005
decision_type=2 2 2 2 2 2 2 2 2 2 2 2 2 2
left_child=1 2 3 -1 -5 -6 7 -2 9 -8 11 -11 13 -13
right_child=6 -3 -4 4 5 -7 8 -9 -10 10 -12 12 -14 -15
leaf_value=-0.018819203002527266 0.02996530545969079 -0.033130940275126627 0.025804443029263137 0.024708356310495273 -0.027963678779494308 0.01295838514589644 -0.016639480139192541 -0.013586863601046771 -0.038632773749626724 0.026041830025885778 0.029010124744987955 -0.015596763271061765 -0.0052698587053742673 0.016154735306192287
leaf_weight=11.522653428110067 5.9962645480991323 5.4110556250670916 2.7174207945354274 5.1058815713040513 4.4454572946415283 2.8022796341101639 9.0475689898303226 2.7929103717906401 2.023392377072013 2.7484668899851377 2.3426183681585817 8.2320286047761346 44.483186100056628 21.725897847645683
leaf_count=282 121 76 54 228 78 72 185 36 96 728 48 145 988 498
internal_value=-0.00190428 -0.00921934 -0.00332966 -0.00754951 0.00358425 -0.0124887 0.000519571 0.0161517 -0.00115663 0.000121138 0.00221077 0.00103681 -0.000219361 0.00720788
internal_weight=131.397 32.0047 26.5937 23.8763 12.3536 7.24774 99.3923 8.78917 90.6032 88.5798 79.5322 77.1896 74.4411 29.9579
internal_count=3635 790 714 660 378 150 2845 157 2688 2592 2407 2359 1631 643
is_linear=0
shrinkage=0.05


Tree=236
num_leaves=15
num_cat=0
split_feature=9 9 10 8 11 16 16 14 3 7 7 20 10 11
split_gain=0.955429 1.38852 1.00807 0.971097 1.15305 1.47853 0.843368 0.840219 0.769567 0.815128 1.76035 2.57605 1.74688 1.83269
threshold=21.250000000000004 15.583333500000002 0.65601807000000012 0.24310601500000004 0.10737518500000001 30.072936000000002 60.473228500000012 0.25735931000000006 26.863182500000004 0.96555148000000013 0.97048247500000018 0.10322841500000002 0.35479151500000006 0.14165906500000003
decision_type=2 2 2 2 2 2 2 2 2 2 2 2 2 2
left_child=1 2 3 -1 5 -5 8 -3 9 12 -11 -12 13 -6
right_child=-2 7 -4 4 6 -7 -8 -9 -10 10 11 -13 -14 -15
leaf_value=0.016617969280988989 -0.030772104636390935 -0.010870339783847147 0.025086133009317804 -0.044726882013550573 0.017301387051711262 0.0036236150495385479 0.019439897385682289 0.027916971980206803 0.020116055160335579 -0.027222628467886614 0.010010652490828064 -0.028051509153888061 -0.0067364053845641097 -0.012866487715782915
leaf_weight=4.9847969524853388 1.7767062124621578 1.2204051929875266 2.2684523221105328 2.7770153222954823 17.659505381103376 2.4803565174806863 3.1098706223419859 5.1352807214716449 2.3252288672083514 10.067846264719266 13.261749846162276 5.463762196362949 51.698206204542657 6.069732960604596
leaf_count=944 32 32 36 39 426 61 63 121 42 199 333 96 1101 134
internal_value=-0.00174686 -0.00111112 -0.00236312 -0.00308566 -0.00407637 -0.0249822 -0.00285735 0.0200038 -0.00368287 -0.00439997 -0.0114067 -0.00195426 -0.00161099 0.00937646
internal_weight=130.299 128.522 122.167 119.898 114.913 5.25737 109.656 6.35569 106.546 104.221 28.7934 18.7255 75.4274 23.7292
internal_count=3659 3627 3474 3438 2494 100 2394 153 2331 2289 628 429 1661 560
is_linear=0
shrinkage=0.05


Tree=237
num_leaves=15
num_cat=0
split_feature=13 1 20 14 20 20 16 1 20 8 13 10 3 9
split_gain=1.66696 1.11733 1.49183 1.51487 2.28978 1.41495 2.3714 1.91914 1.2377 1.18431 1.04921 1.24302 1.50463 1.18369
threshold=0.87977082500000015 0.99439591500000013 0.094759299000000005 0.95952771000000014 0.10503381000000002 0.063123610000000011 29.808117500000005 0.98418947500000009 0.080423944000000011 0.37726304000000005 0.64341861500000008 0.34970046000000005 19.503197000000004 10.416666500000002
decision_type=2 2 2 2 2 2 2 2 2 2 2 2 2 2
left_child=1 2 5 9 -5 -1 -7 -8 -9 -4 -3 13 -13 -12
right_child=-2 10 3 4 -6 6 7 8 -10 -11 11 12 -14 -15
leaf_value=0.019195036042340609 0.024800020074076654 -0.002642523114696311 -0.0058656732306339547 0.029062133912772833 -0.034290794394046371 -0.032778726118960121 -0.016179875168475397 0.021754480314453848 -0.018696720977011038 0.023177222302778237 0.015781668323895017 -0.036627770372781809 -0.0037086915566844287 -0.02270940905453073
leaf_weight=4.253409709082919 4.8094091592647592 49.715524696366629 3.9782378299569308 1.313033270271261 2.973559579346329 6.6369793387129929 8.5208819076360687 8.5345680117607099 1.5432933829724778 16.043831686489284 4.4627194084168904 8.1148573070531693 6.006253278872463 2.15403273596894
leaf_count=982 87 1111 246 35 47 104 275 114 44 237 76 127 99 25
internal_value=-0.00139993 -0.00260396 0.00279434 0.0117269 -0.0130585 -0.00471215 -0.00931969 0.000297042 0.0144313 0.0174021 -0.0067075 -0.0158827 -0.0237973 0.00191481
internal_weight=129.061 124.251 53.7978 24.3087 4.28659 29.4891 25.2357 18.5987 10.0779 20.0221 70.4534 20.7379 14.1211 6.61675
internal_count=3609 3522 2084 565 82 1519 537 433 158 483 1438 327 226 101
is_linear=0
shrinkage=0.05


Tree=238
num_leaves=15
num_cat=0
split_feature=0 17 21 13 14 13 17 11 11 17 21 21 14 12
split_gain=0.862087 1.03209 1.2124 0.90611 0.92825 0.895883 0.90711 0.941299 1.00665 1.53081 1.06607 1.46992 1.17267 1.14259
threshold=0.011635519000000002 0.00018579475000000002 0.48391779500000004 0.88742762500000005 0.17458538500000001 0.78010647500000008 0.0077101201500000003 1.0000000180025095e-35 0.12259280500000001 0.0045417656500000006 0.53510995500000014 0.54533916000000016 0.37155499500000005 0.38098443000000004
decision_type=2 2 2 2 2 2 2 2 2 2 2 2 2 2
left_child=-1 -2 -3 4 -4 6 7 -6 9 -9 12 -12 -10 -13
right_child=1 2 3 -5 5 -7 -8 8 10 -11 11 13 -14 -15
leaf_value=0.019508587496665543 -0.031559140273403258 0.030370096755917144 -0.027495594653438479 0.019301174443648796 -0.025391971084401405 0.02153286813630606 -0.027484200460676192 -0.0026906665016664753 -0.0036491092394192511 0.018154376536685116 -0.034207774566732123 -0.016000538991146888 0.034585454414822518 0.00025710540485033109
leaf_weight=4.48626278960728 1.6593966523068946 2.1864090940216547 2.4151306347921482 4.3186429608613244 2.8316820012405506 3.2451210133731356 2.3557144631049587 19.062403390882537 4.0657988404855123 15.027301244670523 3.2462940854020408 13.189153649611397 2.6571018071845174 45.213994505465962
leaf_count=1020 844 33 27 49 28 42 87 268 53 223 41 181 44 680
internal_value=0.000118831 -0.000750708 -6.63338e-05 -0.000883311 -0.00181473 -0.00101471 -0.00188634 -0.00106047 -0.00014911 0.00675367 -0.00363851 -0.00575278 0.013984 -0.0036219
internal_weight=125.96 121.474 119.815 117.628 113.31 110.895 107.649 105.294 102.462 34.0897 68.3723 61.6494 6.7229 58.4031
internal_count=3620 2600 1756 1723 1674 1647 1605 1518 1490 491 999 902 97 861
is_linear=0
shrinkage=0.05


Tree=239
num_leaves=15
num_cat=0
split_feature=23 18 19 12 13 9 22 22 13 18 10 10 14 22
split_gain=1.19355 1.14741 1.16155 1.02326 0.996191 0.992493 0.958279 1.29111 1.7831 1.54186 1.93844 1.70945 1.35416 1.42921
threshold=2.1356292500000005 0.00039433847000000006 0.20538873000000005 0.23270943000000002 0.82131460500000009 4.5833333500000011 1.1932324000000001 1.0309075000000003 0.65856091000000017 9.3544949000000014e-05 0.51163108000000013 0.36743371500000005 0.25735931000000006 0.97319529000000016
decision_type=2 2 2 2 2 2 2 2 2 2 2 2 2 2
left_child=1 3 -3 -1 6 -2 7 12 9 10 11 -9 13 -5
right_child=5 2 -4 4 -6 -7 -8 8 -10 -11 -12 -13 -14 -15
leaf_value=0.018400554880348481 0.014659074500236045 -0.015112108677434614 0.029320646497367014 -0.032123449256216761 -0.022712743822385511 -0.033878084390222829 0.012429420256759825 -0.0093153434554756123 0.013721274414335592 -0.022196791056302539 -0.03929205714704713 0.02796785039964645 0.0050306050790607038 0.013469871795388069
leaf_weight=5.5832185138715422 0.75516237929696117 1.253558009979314 5.060637919785222 4.2487128200009456 4.4627137995557851 3.4488280897785444 11.157198041561058 5.6777865412586817 6.1305778759997329 20.273796594468877 1.5537418404128391 4.8781427869107574 51.349445051018847 1.8781633330509064
leaf_count=101 103 30 87 51 57 585 456 307 89 339 23 81 1280 31
internal_value=-0.000560798 0.00042413 0.0196393 -0.000768556 -0.00188236 -0.0240179 -0.000812778 -0.00246423 -0.00942748 -0.0140896 0.000141222 0.00884335 0.00228317 -0.0182181
internal_weight=127.712 123.508 6.3142 117.193 111.61 4.20399 107.148 95.9904 38.514 32.3835 12.1097 10.5559 57.4763 6.12688
internal_count=3620 2932 117 2815 2714 688 2657 2201 839 750 411 388 1362 82
is_linear=0
shrinkage=0.05


Tree=240
num_leaves=15
num_cat=0
split_feature=12 22 10 0 22 1 23 13 19 3 21 20 17 13
split_gain=1.00674 1.75517 1.76661 1.54412 1.34436 2.21054 1.79487 1.58916 1.66177 1.28301 1.19945 2.29987 1.79571 1.49235
threshold=0.57236142000000012 0.85408132500000011 0.53614204000000021 0.016191184500000004 0.92368301500000005 0.97570810500000016 -0.4147494149999999 0.65296463000000016 0.21568935000000003 22.880871000000003 0.5520050150000001 0.098712049500000024 0.0066714933500000009 0.63602557500000001
decision_type=2 2 2 2 2 2 2 2 2 2 2 2 2 2
left_child=4 -2 3 -3 7 9 -7 -1 -9 -6 13 -12 -13 -8
right_child=1 2 -4 -5 5 6 10 8 -10 -11 11 12 -14 -15
leaf_value=0.022326561818291825 -0.039393535296964224 0.016749508767804712 -0.032798602130490323 -0.008991604495268533 0.032300075981910044 -0.026843609738291654 -0.025801265685477165 -0.023329797016072976 0.016728744956048296 -0.014025576844129126 0.013362532886702402 -0.018101256923626699 0.0085666012041186318 0.0065681907541477284
leaf_weight=13.202374128159137 3.1360626600217101 8.9030796905281075 3.4516694524209006 13.174487875745397 5.7410655974526881 7.0482393712736657 8.6573656583786924 4.4395122552523372 3.9841993722366169 1.300334839033894 22.658634414896369 15.693503012880685 9.3870595502667111 5.1040041178348465
leaf_count=193 111 1094 63 292 161 81 516 44 66 25 316 197 176 252
internal_value=-0.00105341 -0.00911915 -0.00405546 0.00166483 0.0013935 -0.00178486 -0.00463237 0.0120908 -0.00461849 0.0230648 -0.0016981 0.00211222 -0.00817435 -0.014164
internal_weight=125.882 28.6653 25.5292 22.0776 97.2163 75.5902 68.5488 21.6261 8.42371 7.0414 61.5006 47.7392 25.0806 13.7614
internal_count=3587 1560 1449 1386 2027 1724 1538 303 110 186 1457 689 373 768
is_linear=0
shrinkage=0.05


Tree=241
num_leaves=15
num_cat=0
split_feature=14 14 11 21 14 10 10 22 12 16 23 22 22 21
split_gain=0.887247 0.925278 1.11395 1.07736 1.06465 1.53003 1.43538 1.43358 1.32381 1.27672 1.06738 1.20776 1.77308 1.36162
threshold=0.14051282000000004 0.23395676000000001 0.124392185 0.57221738000000011 0.25735931000000006 0.45467968500000006 0.43079173500000006 1.1779279 0.33792120000000009 60.325051500000008 1.7290762500000001 1.1291336000000003 1.0620639000000003 0.63125361000000013
decision_type=2 2 2 2 2 2 2 2 2 2 2 2 2 2
left_child=-1 2 -2 -4 5 8 10 9 -3 -8 11 12 13 -6
right_child=1 4 3 -5 6 -7 7 -9 -10 -11 -12 -13 -14 -15
leaf_value=-0.024137623059089938 0.026110821340787162 0.0061779239978609901 0.026371909845107677 -0.013706556349227845 0.011645459049933655 0.016135038854145689 -0.017498925646910916 0.015949455553893665 -0.041601857254337536 0.019075859090352004 -0.015190466322991434 0.01893384504683614 -0.015182059749665276 -0.0067696949154897245
leaf_weight=3.2079898952797512 5.682846033072563 1.6537863418925542 1.3380543029052203 4.9818524825386703 31.972521127114305 1.7358845592243595 23.718092648894533 3.7524452709185416 4.4753913006861694 1.8218279471620906 6.4365797460486638 11.380513365525983 11.385574288142378 13.654979001963509
leaf_count=45 112 36 54 70 1007 39 337 241 79 30 671 297 267 300
internal_value=-0.00155533 -0.000782619 0.0118562 -0.00277758 -0.00223018 -0.018866 -0.000806058 -0.00999963 -0.0296516 -0.0142695 0.00287719 0.00477195 0.00166742 0.00610735
internal_weight=127.198 123.99 12.0028 6.31991 111.988 7.86506 104.123 29.2924 6.12918 25.5399 74.8302 68.3936 57.0131 45.6275
internal_count=3585 3540 236 124 3304 154 3150 608 115 367 2542 1871 1574 1307
is_linear=0
shrinkage=0.05


Tree=242
num_leaves=15
num_cat=0
split_feature=11 13 16 17 22 21 18 16 16 21 7 9 22 0
split_gain=0.967129 1.50819 1.9008 1.53547 1.31169 1.78618 1.0923 1.01144 1.45413 1.16136 0.979305 0.954941 0.968726 1.62052
threshold=0.13607421500000003 0.64548308500000007 50.117237500000009 0.0042426091500000008 0.97418861000000012 0.56892709000000019 0.0003238216850000001 24.936011500000003 24.879500000000004 0.49346807500000006 0.97124238000000018 18.750000000000004 1.1901136000000003 0.013770264000000003
decision_type=2 2 2 2 2 2 2 2 2 2 2 2 2 2
left_child=7 4 -3 -4 6 10 -2 8 -1 -9 -6 12 -11 -14
right_child=1 2 3 -5 5 -7 -8 9 -10 11 -12 -13 13 -15
leaf_value=0.014439899250666294 0.037749262099134845 0.013339024007875809 0.010873973653643074 -0.041189360862242966 -0.021238862780751693 0.016925967635262065 -0.013823562110485705 -0.024141785474412279 -0.036901250777115972 0.0042344945208344842 0.019264743288203861 -0.022627457273241561 0.027078665789498094 -0.022193497669640336
leaf_weight=1.3764492983464141 6.0906217861047507 4.7761376564158109 1.5233300207764839 3.711435804143548 5.6270428580173784 13.362970095826311 0.67756872810423363 3.8213435755751552 3.3401716486550868 70.599758352444042 1.0820565526373682 3.0423308978788546 1.2007119256886634 7.1085153798339888
leaf_count=34 284 102 50 47 277 242 14 674 52 1333 310 37 27 138
internal_value=0.0011414 0.00785624 -0.00813506 -0.0267247 0.0138987 0.00676092 0.0314714 -0.00164916 -0.0220134 -0.000288555 -0.0130548 0.00110133 0.00228791 -0.0129295
internal_weight=127.34 36.8512 10.0109 5.23477 26.8403 20.0721 6.76819 90.4893 4.71662 85.7727 6.7091 81.9513 78.909 8.30923
internal_count=3621 1326 199 97 1127 829 298 2295 86 2209 587 1535 1498 165
is_linear=0
shrinkage=0.05


Tree=243
num_leaves=15
num_cat=0
split_feature=20 17 20 22 20 17 17 16 16 15 16 17 20 20
split_gain=0.824916 2.53128 2.03122 2.31051 1.97157 2.71203 1.57451 2.1648 1.62098 1.90727 1.54833 4.06507 6.06878 2.34742
threshold=0.10607253000000001 0.0059791553500000002 0.10193072000000002 0.92671797500000008 0.093111191000000024 0.0038084395000000004 0.0068466236000000007 50.074187000000009 59.832568500000008 0.029925373000000002 59.75835450000001 0.0030985177000000005 0.069428149000000008 0.07708854100000001
decision_type=2 2 2 2 2 2 2 2 2 2 2 2 2 2
left_child=1 2 4 -4 5 10 -2 -8 -9 -10 13 12 -12 -1
right_child=6 -3 3 -5 -6 -7 7 8 9 -11 11 -13 -14 -15
leaf_value=0.0018152560933804554 -0.025314894566447355 0.02132691181546105 0.017744457448094202 -0.035630418126470435 0.017214319426016641 -0.033237053999086906 -0.036474861615932892 0.03226451781072727 0.0098840232058899913 -0.039308181097725971 0.031804925654192517 0.045337418306878201 -0.045725161769534346 -0.023799127319904349
leaf_weight=39.884440984547837 8.4811595234787109 12.148803544288965 2.0188152473710925 7.1134641914977692 13.551592998002887 5.7103827582614022 2.1319284002529448 3.9892768881982184 6.4095162877347303 1.693137099733576 4.0727321896119957 5.1918734129285431 4.0587819581851363 10.486430612218099
leaf_count=1498 181 214 22 68 307 123 84 73 103 42 586 86 52 154
internal_value=-0.00110939 0.000797848 -0.00211046 -0.0232444 0.00046523 -0.00300317 -0.00952967 0.000927062 0.00980376 -0.00358428 0.000179251 0.0147135 -0.00766311 -0.00387674
internal_weight=126.942 104.237 92.0885 9.13228 82.9562 69.4046 22.705 14.2239 12.0919 8.10265 63.6943 13.3234 8.13151 50.3709
internal_count=3593 3110 2896 90 2806 2499 483 302 218 145 2376 724 638 1652
is_linear=0
shrinkage=0.05


Tree=244
num_leaves=15
num_cat=0
split_feature=15 15 0 15 14 0 1 19 7 17 17 14 23 14
split_gain=1.1248 1.45218 1.14319 1.98094 1.76651 1.69938 2.53257 1.79445 1.4652 1.36645 1.35475 1.1481 1.31472 1.12699
threshold=0.015936508000000005 0.017021585000000002 0.017643084500000007 0.013606072000000002 0.23836580000000004 0.015979486000000005 0.98894994000000014 0.24357284000000004 0.95683309000000005 0.005836314950000001 0.0021569054500000006 0.3574705150000001 1.1274749500000001 0.29716350000000008
decision_type=2 2 2 2 2 2 2 2 2 2 2 2 2 2
left_child=2 -2 5 4 -4 6 9 -7 -8 10 -1 12 -6 -3
right_child=1 13 3 -5 11 7 8 -9 -10 -11 -12 -13 -14 -15
leaf_value=0.014661258116073113 0.028422662685776229 0.015188919124256959 0.019192178031303238 0.031691117234860948 -0.027839786064738581 -0.030995149987865581 -0.0042904653724686178 0.011962255249441951 0.028865830088147221 0.010907427389785274 -0.038134133413556703 0.016268543646662921 0.011464029520391925 -0.00092751949695426411
leaf_weight=0.92041616883943778 4.7721668235026291 12.490343583369393 4.9559840611182215 4.0157690147461826 8.6217009713873249 11.660719001200048 5.883962858148152 2.4415673751500426 6.0581828120048158 2.169317582534859 5.897774328594096 1.927194272953783 2.1274967966601244 54.865698730485747
leaf_count=145 104 231 62 64 95 145 171 92 175 47 82 42 55 2151
internal_value=0.000220765 0.00433687 -0.00500156 0.00392405 -0.00376135 -0.010473 -0.00119067 -0.0232582 0.0134603 -0.0200566 -0.0300434 -0.0134824 -0.0197471 0.00223956
internal_weight=128.808 72.1282 56.6801 21.6481 17.6324 35.0319 20.9297 14.1023 11.9421 8.98751 6.81819 12.6764 10.7492 67.356
internal_count=3661 2486 1175 318 254 857 620 237 346 274 227 192 150 2382
is_linear=0
shrinkage=0.05


Tree=245
num_leaves=15
num_cat=0
split_feature=8 10 0 18 0 16 9 23 11 14 11 3 0 18
split_gain=0.978017 1.34347 1.184 1.28814 1.65676 1.38062 1.16002 1.11039 1.00752 1.25663 0.955627 0.939741 0.841099 2.02188
threshold=0.57226156000000017 0.35479151500000006 0.019170719000000006 9.5415383500000006e-05 0.016624893500000005 59.876322500000008 8.833333350000002 -0.89505757999999991 0.14165906500000003 0.95366726000000013 0.14987703000000002 11.873039000000002 0.013504312500000002 0.00022978099500000002
decision_type=2 2 2 2 2 2 2 2 2 2 2 2 2 2
left_child=11 10 3 4 8 6 7 -5 9 -3 -2 -1 13 -13
right_child=1 2 -4 5 -6 -7 -8 -9 -10 -11 -12 12 -14 -15
leaf_value=0.023168397309088373 0.03435797313668263 -0.040317273419640524 -0.016847518078253444 -0.0094077444097184614 0.013836610044314177 -0.0087439423358007251 -0.00040862862259046515 0.034476444116067685 0.0087536566902473769 0.013357601082613227 -0.0059093713162177326 -0.029762115377079176 -0.0043665954160560308 0.024005743531057701
leaf_weight=1.8450543872313563 4.3113188760471521 4.6551562797685637 7.2829613692592821 1.2600815640762437 4.3118924875161611 5.4459338248707345 5.0831748177297404 8.5328362583532016 1.5768493123468941 0.83595170645276073 1.6777032547397537 7.6282961721881275 76.796303204144351 1.3922107520047573
leaf_count=902 104 173 111 15 93 78 70 149 99 43 35 322 1485 24
internal_value=-0.00228171 0.0036595 3.9488e-05 0.00431554 -0.00867709 0.0116568 0.0192056 0.0284813 -0.0224245 -0.031347 0.0238463 -0.00533667 -0.00620933 -0.0198962
internal_weight=132.636 44.9739 38.9848 31.7019 11.3798 20.322 14.8761 9.79292 7.06796 5.49111 5.98902 87.6619 85.8168 9.02051
internal_count=3703 970 831 720 408 312 234 164 315 216 139 2733 1831 346
is_linear=0
shrinkage=0.05


Tree=246
num_leaves=15
num_cat=0
split_feature=23 1 23 3 20 21 7 18 19 3 1 20 7 18
split_gain=0.796289 1.83173 1.69296 1.56326 2.10436 2.02663 1.65281 1.55339 2.11034 1.18418 1.1208 1.09894 1.99143 1.52597
threshold=0.085436774000000007 0.97798158000000013 1.0000000180025095e-35 16.898298000000004 0.10177639500000001 0.56703628000000006 0.54558932000000004 0.00017105681000000004 0.22442851500000002 15.725217000000002 0.97604704500000017 0.10687178000000001 0.96628834000000008 2.5685991500000001e-05
decision_type=2 2 2 2 2 2 2 2 2 2 2 2 2 2
left_child=2 -2 10 9 5 6 -5 -7 -9 -3 -1 13 -13 -12
right_child=1 3 -4 4 -6 7 -8 8 -10 -11 11 12 -14 -15
leaf_value=-0.016825776858146103 0.016984348436596724 -0.0060078862629707021 0.034269395900637961 0.022443361023696803 -0.023761175352839004 0.017784799242001034 -0.021828534328932031 0.013135065487265589 -0.03865427988448538 0.02601961172316225 -0.022587753378576783 -0.027334740924289287 0.019652108988959947 0.011115069071343214
leaf_weight=5.8058089129044665 8.7930111535824818 4.9620710897434019 3.4879210903600315 1.6454893647460256 16.878194445045665 12.717422289773824 13.101892893988405 3.5270134359598151 2.609218583907932 5.0144968136737589 2.7566702771000555 5.2745776060037306 2.6461184611544013 36.829937301110476
leaf_count=536 603 319 67 83 314 182 578 50 34 206 46 80 34 514
internal_value=0.000414891 -0.00316505 0.00475862 -0.00632437 -0.00989417 -0.00244321 -0.0157772 0.00825604 -0.0112173 0.0109939 0.00223251 0.00486046 -0.0111942 0.00826942
internal_weight=126.05 69.2488 56.801 60.4558 50.4792 33.601 14.7474 18.8537 6.13623 9.97657 53.3131 47.5073 7.9207 39.5866
internal_count=3646 2369 1277 1766 1241 927 661 266 84 525 1210 674 114 560
is_linear=0
shrinkage=0.05


Tree=247
num_leaves=15
num_cat=0
split_feature=7 18 14 7 23 20 21 20 16 21 20 20 10 12
split_gain=0.789376 1.48122 2.00176 1.31221 1.15028 1.96724 1.63484 1.20393 1.7406 1.50009 2.49448 1.53137 1.4314 1.95328
threshold=0.55003015500000008 5.5272957500000011e-05 0.28856066500000005 0.61044363000000013 0.9750253550000002 0.11361144000000001 0.62914976000000011 0.060923370000000011 29.892942000000001 0.59115637500000007 0.066834719000000015 0.10503381000000002 0.46490633500000006 0.37083273500000008
decision_type=2 2 2 2 2 2 2 2 2 2 2 2 2 2
left_child=1 -1 -3 -2 7 6 -6 -5 12 10 -10 -11 13 -9
right_child=3 2 -4 4 5 -7 -8 8 9 11 -12 -13 -14 -15
leaf_value=-0.019748735478033238 -0.029790712074577338 -0.011843724520161358 0.027421347476081159 0.023775407223558156 0.0025875789737728147 -0.033382575491114772 0.029542339464694492 -0.0005356321664346745 0.033529632633369742 0.01362530057905542 -0.018015866360072689 -0.0063946749935110099 0.013305284061097987 -0.035665231167787484
leaf_weight=2.7566745519870919 3.2229886249406254 4.005875405156984 9.5784560102038068 2.6552478101802981 17.515765808493605 1.7333191098878149 7.4437672756612292 6.0861580903874772 1.7486249477660774 20.389175535470713 17.856765221513342 16.440152942319401 2.4383127973414949 10.47684769312036
leaf_count=146 59 48 147 505 1174 90 120 61 79 412 313 291 30 171
internal_value=-0.000887223 0.00903049 0.0158243 -0.00245681 -0.00134239 0.00744287 0.0114547 -0.00440147 -0.00569133 -0.00117787 -0.0120144 0.00475583 -0.0183674 -0.0235222
internal_weight=124.348 16.341 13.5843 108.007 104.784 26.6929 24.9595 78.0913 75.436 56.4347 19.6054 36.8293 19.0013 16.563
internal_count=3646 341 195 3305 3246 1384 1294 1862 1357 1095 392 703 262 232
is_linear=0
shrinkage=0.05


Tree=248
num_leaves=15
num_cat=0
split_feature=12 19 10 12 3 3 21 14 20 17 16 10 1 3
split_gain=1.20456 1.70344 1.35128 1.01374 1.49666 1.09946 0.98321 0.95473 1.38622 2.01553 1.72512 1.15982 1.80364 1.94172
threshold=0.45758862500000003 0.17817460500000001 0.65601807000000012 0.47565236000000005 21.281561000000004 18.997685000000004 0.53784159500000006 0.14051282000000004 0.065730215500000008 0.0021042058000000003 25.253168500000005 0.31388242500000002 0.98757716000000018 19.040920000000003
decision_type=2 2 2 2 2 2 2 2 2 2 2 2 2 2
left_child=7 -2 3 4 -3 -5 -7 -1 9 -9 -10 -12 -13 -14
right_child=1 2 -4 5 -6 6 -8 8 10 -11 11 12 13 -15
leaf_value=-0.020343618883538018 0.025249722198575564 -0.045200166271992873 0.025001480790126481 0.001474653693869046 0.0061505434393196229 0.011950201416370499 -0.018879243202243004 -0.010816149568666949 -0.035679786772029216 0.028948643540025017 -0.007641378660351238 0.022186775634531516 -0.013094183609682539 0.012316173769575478
leaf_weight=3.2184651823190498 2.8454704218020188 3.6247842576121903 1.7658188541536208 16.736835815594532 1.7343693847651591 2.2693551213888012 19.636926874285564 3.8752644105989011 2.0869606179185203 9.9694604137912375 18.005261049576802 12.651152660371734 13.554106363910252 14.551119290466884
leaf_count=43 61 76 27 1347 29 140 313 563 60 116 250 178 179 226
internal_value=-0.000963712 -0.0070618 -0.00956759 -0.0114796 -0.0302278 -0.00818262 -0.0153032 0.0028825 0.00413883 0.0178393 0.00078357 0.00265396 0.00727628 3.28514e-05
internal_weight=126.525 48.6136 45.7681 44.0023 5.35915 38.6431 21.9063 77.9118 74.6933 13.8447 60.8486 58.7616 40.7564 28.1052
internal_count=3608 1993 1932 1905 105 1800 453 1615 1572 679 893 833 583 405
is_linear=0
shrinkage=0.05


Tree=249
num_leaves=15
num_cat=0
split_feature=0 21 21 16 9 14 17 15 11 0 16 17 17 17
split_gain=0.758243 0.914048 0.830026 1.57752 1.47499 1.83024 1.31355 1.2825 1.05521 1.14653 0.999378 3.9256 7.25024 3.0022
threshold=0.011635519000000002 0.11479071000000002 0.52930046000000008 29.753196000000006 6.1666666500000007 0.45512082500000006 0.0025475561500000006 0.016194597500000005 0.12343429500000001 0.017520128000000003 50.405428000000008 0.0030985177000000005 0.0036929515500000007 0.0030985177000000005
decision_type=2 2 2 2 2 2 2 2 2 2 2 2 2 2
left_child=-1 -2 8 4 5 -4 -5 -6 9 -3 13 -12 -13 -8
right_child=1 2 3 6 7 -7 10 -9 -10 -11 11 12 -14 -15
leaf_value=0.019472969239437823 -0.029972816946814702 -0.021241127808664717 0.019487018036159036 0.029454912762081276 -0.037274167243578786 -0.028521629632859136 0.043748915923277842 0.0025345094772330381 0.022934484071811513 0.019781438988453356 -0.039201870296328496 0.048191694731186736 -0.0071837954362952375 0.0015380392334308831
leaf_weight=4.3485945476277257 1.4543924514437083 3.1340271634981018 4.6748780421912661 3.1359147103503338 6.5161493304185552 2.06159633025527 3.7427349044010034 2.6024002698250115 7.7723468524636701 1.9325130353681741 5.8977036830037823 5.9885613527148953 37.359297796385363 38.434044672816526
leaf_count=995 819 51 60 61 67 28 50 45 114 29 75 74 520 640
internal_value=0.00103801 0.000245373 0.000840308 -0.000601159 -0.0146997 0.00300715 0.00189189 -0.0267853 0.0123845 -0.00491253 0.000637973 -0.00416311 0.00138057 0.0062103
internal_weight=129.055 124.707 123.252 110.413 15.855 6.73647 94.5583 9.11855 12.8389 5.06654 91.4223 49.2456 43.3479 42.1768
internal_count=3628 2633 1814 1620 200 88 1420 112 194 80 1359 669 594 690
is_linear=0
shrinkage=0.05


Tree=250
num_leaves=15
num_cat=0
split_feature=14 14 14 18 23 19 17 7 17 17 18 18 9 21
split_gain=0.981568 1.0947 1.61256 2.42563 1.35412 1.47849 1.38708 1.32953 2.33727 1.33648 1.30382 1.58566 1.81494 1.36907
threshold=0.14051282000000004 0.3216338250000001 0.36913919500000009 0.00024415867500000003 -0.57420934999999984 0.23191614000000002 0.0059791553500000002 0.97076015000000015 0.005836314950000001 0.0060608607500000017 0.00031827714000000004 0.00029008378500000007 5.7083333500000011 0.63125361000000013
decision_type=2 2 2 2 2 2 2 2 2 2 2 2 2 2
left_child=-1 10 7 4 -4 -6 -7 9 -9 -3 11 12 -2 -12
right_child=1 2 3 -5 5 6 -8 8 -10 -11 13 -13 -14 -15
leaf_value=-0.026371570116288174 0.018554267191284165 -0.02763093411578409 0.026138650143494525 -0.021406092946904084 0.011286507965240423 -0.019245220983618007 0.019127778386790847 0.02917927963936124 -0.031716663414644485 0.0065036542214329173 -0.012487809231196849 -0.036684200823480867 -0.0023435945341919121 0.034237309373674522
leaf_weight=2.7309015948849256 13.485612744465469 14.316593493596889 6.317320662841662 8.5672595058858843 16.458913868933458 9.4952844819636066 2.1679869811341623 3.161806712683755 1.5650108412373809 3.1159103505779049 1.5070888868067402 1.5694391173310567 36.108056772500277 5.3153705986915156
leaf_count=40 265 324 347 218 400 913 43 94 27 55 31 17 766 80
internal_value=-0.00110464 -0.000336438 -0.00474909 0.00095735 0.00696758 0.00191135 -0.0111652 -0.0153873 0.00699951 -0.0215078 0.00461908 0.00167831 0.00359341 0.0236388
internal_weight=125.883 123.152 65.1661 43.0068 34.4395 28.1222 11.6633 22.1593 4.72682 17.4325 57.9856 51.1631 49.5937 6.82246
internal_count=3620 3580 2421 1921 1703 1356 956 500 121 379 1159 1048 1031 111
is_linear=0
shrinkage=0.05


Tree=251
num_leaves=15
num_cat=0
split_feature=18 19 18 20 15 1 0 19 18 18 20 21 18 12
split_gain=0.812682 1.91957 1.29929 1.25514 1.18879 1.07121 1.58614 1.52784 2.91495 1.49768 1.48921 1.43592 1.40871 2.83155
threshold=0.00039433847000000006 0.20538873000000005 0.00027673956000000006 0.11640078500000002 0.026726190500000004 0.99259218500000013 0.016155258000000002 0.23191614000000002 0.00013348649000000001 3.0345258000000004e-05 0.10205400500000002 0.59370758500000009 7.3509723000000015e-05 0.3935135600000001
decision_type=2 2 2 2 2 2 2 2 2 2 2 2 2 2
left_child=2 -2 3 5 -4 -1 12 10 9 -9 11 -8 13 -7
right_child=1 -3 4 -5 -6 6 7 8 -10 -11 -12 -13 -14 -15
leaf_value=0.0068376077833737468 -0.026150201101555404 0.027338190828122916 -0.025234376921312741 -0.032666175650213194 0.0062117690594208179 0.020729994879390735 -0.017756746512362497 -0.018850512036351918 -0.020949335163845825 0.031201634374048139 -0.035827988394916348 0.01237973052646656 0.015339242833576209 -0.03192609030976034
leaf_weight=44.630370678962208 1.375492768594994 5.5802840128308162 9.0172179447254148 1.8344355383887876 3.8117847583489484 3.6910124600399303 11.146600364707416 1.1507798882957994 5.9851182186976075 6.5666577840456739 6.6036385893821707 5.0154351727105668 15.245503465761429 4.7337926353502553
leaf_count=1883 31 96 147 114 89 175 148 119 67 103 76 67 224 289
internal_value=-0.000680946 0.0148035 -0.0016982 0.000170726 -0.0161175 0.00104909 -0.0032883 -0.00972617 0.00334739 0.0224319 -0.0174048 -0.00822832 0.00662257 -0.00910501
internal_weight=126.388 6.95578 119.432 106.603 12.829 104.769 60.1385 36.4682 13.7026 7.71744 22.7657 16.162 23.6703 8.42481
internal_count=3628 127 3501 3265 236 3151 1268 580 289 222 291 215 688 464
is_linear=0
shrinkage=0.05


Tree=252
num_leaves=15
num_cat=0
split_feature=14 13 13 23 16 13 14 0 20 12 20 19 20 11
split_gain=1.06487 1.0177 1.217 1.81993 1.87853 1.47697 1.30287 1.18499 1.16604 2.26164 2.16965 1.19704 1.16888 1.12185
threshold=0.14051282000000004 0.65856091000000017 0.57017408500000011 -0.024737545499999996 29.858190500000003 0.54962891500000011 0.27326839500000005 0.018734348500000005 0.10226136500000001 1.9191526500000002 0.10945155000000002 0.20668529000000002 0.090281126000000003 0.12389565000000001
decision_type=2 2 2 2 2 2 2 2 2 2 2 2 2 2
left_child=-1 2 5 4 -4 8 -6 -7 11 -10 -11 -2 -13 -5
right_child=1 -3 3 13 6 7 -8 -9 9 10 -12 12 -14 -15
leaf_value=-0.024643426825335851 0.026398448651400459 0.0093909931190261434 -0.017635349539643252 -0.026749236683335648 -0.015955415694900874 0.032766825719647195 0.022978858200274881 -0.010322085372571449 -0.02921876503040324 0.030890371270642272 -0.019326524513989186 -0.0068249559687927966 0.019625921262944997 -0.0065853018382557808
leaf_weight=3.1271053352393201 4.9648582625377484 27.81545999206719 5.0157377703581032 10.290103648585502 1.9003367795376096 5.8102737692242945 10.332563143107107 1.5612458394607527 6.9108582962071505 3.7968457203824073 2.9963212661095895 13.872043181938354 4.8087421806121702 20.199819979869062
leaf_count=44 176 521 58 295 27 147 154 25 179 59 84 1172 170 485
internal_value=0.00033607 0.00118337 -0.00135986 -0.00684397 0.00592064 0.00451592 0.0161819 0.023498 0.000254493 -0.0108953 0.00910302 0.00689631 0.000635182 -0.0140238
internal_weight=123.402 120.275 92.4597 47.7386 17.2486 44.7212 12.2329 7.37152 37.3497 13.704 6.79317 23.6456 18.6808 30.4899
internal_count=3596 3552 3031 1019 239 2012 181 172 1840 322 143 1518 1342 780
is_linear=0
shrinkage=0.05


Tree=253
num_leaves=15
num_cat=0
split_feature=20 17 19 12 10 16 20 21 17 20 20 17 17 20
split_gain=0.83108 2.19093 1.59477 1.18684 0.92464 0.958619 0.889095 2.75231 2.0282 1.4868 2.18181 2.0422 1.36073 3.08584
threshold=0.063445956000000012 0.0022537885500000005 0.7972222200000002 0.30506638500000011 0.31812149500000003 24.973359000000002 0.067508926000000011 0.59248007000000003 0.0028839208500000004 0.078237381500000022 0.071614835500000015 0.0035259032000000004 0.0031207643500000006 0.074158984000000011
decision_type=2 2 2 2 2 2 2 2 2 2 2 2 2 2
left_child=2 -2 3 -1 5 -5 7 -3 -8 10 -10 -11 13 -12
right_child=1 6 -4 4 -6 -7 8 -9 9 11 12 -13 -14 -15
leaf_value=-0.011454744099739719 -0.042836180738964356 0.024930537675414779 -0.021282940573288268 -0.016854268975110855 0.035996468724080216 0.027663952184237367 -0.025578484922145137 -0.031150655455662514 -0.034195860461832803 -0.034142731822703054 0.022897869582540389 -2.554484984108472e-05 0.028423838540707104 -0.041562894270418524
leaf_weight=1.9634243874461379 1.994823480665217 9.0081406120443699 2.0990351317159357 1.8962381591263677 6.385867970646359 1.0817970336647702 6.7642270498909047 1.8868594079394814 1.2684612013399625 3.6992286600871003 4.1051417800481458 65.875981940131169 10.941486110154072 1.9179217392811549
leaf_count=23 21 166 1392 45 91 62 136 19 11 59 69 1296 200 19
internal_value=0.00084302 -0.000663692 0.0121126 0.0195255 0.0264999 0.0022063 0.000528812 0.0134158 -0.00108064 0.0010733 0.0133869 -0.00229759 0.0186502 -0.000623717
internal_weight=120.889 107.462 13.4264 11.3273 9.3639 2.97804 105.467 10.895 94.5724 87.8082 18.233 69.5752 16.9645 6.02306
internal_count=3609 1996 1613 221 198 107 1975 185 1790 1654 299 1355 288 88
is_linear=0
shrinkage=0.05


Tree=254
num_leaves=15
num_cat=0
split_feature=16 20 18 7 8 21 18 20 11 19 17 16 22 20
split_gain=0.990514 1.541 1.80023 1.73616 1.84726 1.46856 1.20646 2.58966 1.56783 1.35415 1.42657 5.01584 1.52582 1.4631
threshold=29.858190500000003 0.060923370000000011 5.7729875000000009e-05 0.56746430500000011 0.35650367000000005 0.55621753000000007 2.7163356000000001e-05 0.069428149000000008 0.12758656000000004 0.25419047000000006 0.0030475874500000004 59.298369500000007 0.75672024000000004 0.076390651000000018
decision_type=2 2 2 2 2 2 2 2 2 2 2 2 2 2
left_child=1 -1 5 -4 -5 -3 8 -8 -2 10 11 -9 -12 -14
right_child=6 2 3 4 -6 -7 7 9 -10 -11 12 -13 13 -15
leaf_value=0.016717952259075609 -0.043048165251774198 0.031284351534490128 0.014592674955439235 0.0021993552394263785 -0.036036412952571401 -0.013170501937983636 0.035973546549580834 0.034672664825268922 0.0042518891589957732 0.017620403740794328 -0.024538824035716448 -0.048967455943591115 0.028931838611512245 -1.7957780573453972e-05
leaf_weight=3.7577838572033242 2.5262473890907122 2.5889671551703968 2.2367523539578569 3.9688553587184314 12.619233256671576 3.0082036382518709 4.2686800332157864 1.8193410425446916 3.1594247357279528 8.5773530740698316 4.892096085502998 4.4752386445179582 3.6899669600243206 62.852620150137227
leaf_count=351 418 40 27 81 150 41 189 33 705 173 46 53 103 1173
internal_value=-0.00199152 -0.0100617 -0.0146778 -0.0218225 -0.0272832 0.00901727 0.00045013 0.00194259 -0.0200598 -0.000133323 -0.00229136 -0.0233536 -0.000138641 0.00199197
internal_weight=124.441 28.1798 24.422 18.8248 16.5881 5.59717 96.261 90.5753 5.68567 86.3066 77.7293 6.29458 71.4347 66.5426
internal_count=3583 690 339 258 231 81 2893 1770 1123 1581 1408 86 1322 1276
is_linear=0
shrinkage=0.05


Tree=255
num_leaves=15
num_cat=0
split_feature=16 7 7 1 14 14 23 8 23 21 17 18 17 8
split_gain=0.949295 1.36247 0.992065 2.27026 1.9675 1.74247 1.23369 1.51194 1.18703 1.05257 0.986147 1.11424 1.30679 1.02019
threshold=24.997888500000006 0.90327121500000007 0.92186276000000011 0.97633053500000011 0.95141620500000013 0.24885321000000002 0.11031790000000001 1.0665053000000002 2.4487601000000008 0.67256394000000008 0.0058945617500000009 0.00028335031500000002 0.0072907839500000009 0.5125269400000001
decision_type=2 2 2 2 2 2 2 2 2 2 2 2 2 2
left_child=1 -1 3 -2 5 -5 7 -7 10 -6 13 -12 -13 -4
right_child=2 -3 8 4 9 6 -8 -9 -10 -11 11 12 -14 -15
leaf_value=0.013974315890263021 0.030282343308795319 -0.02089763408252689 -0.0019391013031952505 0.012027366006600853 0.025734455975010281 -0.032317856212270818 -0.034696036467591847 0.0049578501355896443 -0.028430986367455766 -0.016466482734021969 0.021284193057756681 -0.013470054333322613 0.022967056115359916 0.015271638233170948
leaf_weight=2.9951879404834463 2.9251052345498492 9.8148057534999662 40.630652237072354 3.8053279932064532 4.1833152261679052 3.2880614213645476 9.3867457224987429 6.8500778866000473 1.6486168265691947 1.281867502722889 15.806840486678995 5.9549216106533986 2.8086593927000649 9.8701121832709742
leaf_count=73 64 258 1458 69 111 46 328 88 305 22 367 138 38 211
internal_value=3.06277e-05 -0.0123225 0.00158916 -0.00573243 -0.0102845 -0.0165327 -0.0224138 -0.00894776 0.00465115 0.0148202 0.00574184 0.0137468 -0.000635984 0.00165587
internal_weight=121.25 12.81 108.44 31.7205 28.7954 23.3302 19.5249 10.1381 76.7198 5.46518 75.0712 24.5704 8.76358 50.5008
internal_count=3576 331 3245 728 664 531 462 134 2517 133 2212 543 176 1669
is_linear=0
shrinkage=0.05


Tree=256
num_leaves=15
num_cat=0
split_feature=16 9 12 0 14 0 17 9 18 16 17 17 17 0
split_gain=0.872869 1.40876 1.47723 2.17434 1.10868 1.21716 1.07154 0.900143 1.73342 1.27612 1.87286 2.81487 1.92598 1.26867
threshold=25.130637500000002 5.7083333500000011 1.8344520000000002 0.013489656500000001 0.33813173000000007 0.018166333000000003 0.0021226489500000005 6.1666666500000007 0.00024415867500000003 50.264559500000011 0.0054134777000000005 0.0068890908000000008 0.0031521934000000008 0.018355128000000002
decision_type=2 2 2 2 2 2 2 2 2 2 2 2 2 2
left_child=1 2 3 -1 -3 6 -6 8 9 -2 12 -12 13 -11
right_child=7 4 -4 -5 5 -7 -8 -9 -10 10 11 -13 -14 -15
leaf_value=-0.029808320613258166 0.017104006581609116 -0.029954223840724936 -0.024691034672835718 0.026428107585861383 0.015796861259244881 0.024329961339000675 -0.034830381030312184 0.0053653179602803983 -0.022626515520193905 -0.030463744432853275 -0.045859561264445292 0.02667403839399933 0.030656373918735925 0.022869772037769333
leaf_weight=1.3144026080553901 8.3295140621194204 7.5194409188115952 2.1873297652055035 6.7641983673674986 0.91314650449203361 1.9368174243718383 1.8900625789538024 70.509844594897004 8.5096567092696187 2.6077063332777457 3.859105991141405 1.0979488494922405 3.6693033014889807 0.76921326364390541
leaf_count=102 549 115 107 109 84 33 36 1646 198 365 76 42 117 19
internal_value=0.000311086 -0.0083601 0.00510443 0.0150028 -0.0191698 0.000176373 -0.0185213 0.00234076 -0.00498528 0.00311246 -0.00716547 -0.0280131 0.00915972 -0.0158657
internal_weight=121.878 22.5254 10.2659 8.0786 12.2595 4.74003 2.80321 99.3523 28.8424 20.3328 12.0033 4.95705 7.04622 3.37692
internal_count=3598 586 318 211 268 153 120 3012 1366 1168 619 118 501 384
is_linear=0
shrinkage=0.05


Tree=257
num_leaves=15
num_cat=0
split_feature=7 1 0 12 7 0 12 16 12 19 19 12 8 16
split_gain=1.14149 1.05209 2.00177 1.8741 1.63465 1.51483 2.4786 2.05521 1.80456 1.54901 1.49886 1.31711 1.29649 1.21562
threshold=0.81531366000000005 0.99735449500000006 0.015300441000000003 1.8563827000000002 0.93554342000000013 0.015758290000000005 0.38098443000000004 60.173731000000011 0.3935135600000001 0.21388443000000004 0.22659300500000004 0.43274377000000003 0.48809504000000009 29.808117500000005
decision_type=2 2 2 2 2 2 2 2 2 2 2 2 2 2
left_child=-1 2 10 -4 -3 8 7 -7 -6 -10 -2 -8 -13 -12
right_child=1 4 3 -5 5 6 11 -9 9 -11 13 12 -14 -15
leaf_value=0.008483933537371301 -0.02407105499501435 -0.02855296175935575 0.017726055404346432 -0.012821990831826661 0.026005431546126972 -0.030636165451118188 0.02152240307141505 0.015747972257722665 0.023608709862022195 -0.019509997693094902 -0.023151652208609926 -0.018242959200741479 0.019170316746171742 0.018151796793707924
leaf_weight=29.010649599105818 8.3402981812832859 6.8176750591665032 21.416151679324688 5.682774286804487 6.92081569044967 13.179407340212494 5.7167211177584241 2.2253911531006443 2.0332052228040993 5.8994723531068303 1.58701517805457 6.5273841828166024 2.4155107983388007 4.9432214329135604
leaf_count=685 324 154 430 135 192 174 102 31 35 185 166 140 50 810
internal_value=-1.3736e-05 -0.00270638 0.00313756 0.0110917 -0.00741675 -0.00365672 -0.0100081 -0.023384 0.00901919 -0.0070526 -0.0111429 0.00464345 -0.0072258 0.00637251
internal_weight=122.716 93.705 41.9695 27.0989 51.7356 44.9179 30.0644 15.4048 14.8535 7.93268 14.8705 14.6596 8.94289 6.53024
internal_count=3613 2928 1865 565 1063 909 497 205 412 220 1300 292 190 976
is_linear=0
shrinkage=0.05


Tree=258
num_leaves=15
num_cat=0
split_feature=11 20 17 20 11 17 10 20 10 9 17 20 9 3
split_gain=1.17795 0.79396 1.52443 1.62064 1.21757 0.77928 1.69858 1.52226 1.3802 0.992398 0.804359 1.78525 1.21889 0.845712
threshold=1.0000000180025095e-35 0.11775318000000001 0.0072907839500000009 0.11361144000000001 0.12217016000000001 0.0066714933500000009 0.33310076500000002 0.10607253000000001 0.43079173500000006 11.416666500000002 0.0061889249000000009 0.10441406500000001 8.4166666500000016 25.867864500000003
decision_type=2 2 2 2 2 2 2 2 2 2 2 2 2 2
left_child=-1 2 3 5 -4 7 -7 10 -8 -9 11 13 -12 -2
right_child=1 -3 4 -5 -6 6 8 9 -10 -11 12 -13 -14 -15
leaf_value=-0.018710422972202642 0.0037513585463683045 -0.027583317493042617 -0.0016998065042099577 -0.035093793902055768 0.04297502007895334 -0.017402940860646993 0.0431698966085255 -0.036784925838539824 0.0022015640991347222 0.0064149348793532306 -0.0070526237388907065 -0.033859483988686052 0.040113506582057958 -0.01842340474886156
leaf_weight=6.1465572068118481 84.546505416277796 1.205569915822706 2.3214698620140544 1.9727149782702316 3.0704876875097398 2.3179234794515633 3.8986432714154944 3.2177230406086883 3.7375060487538576 1.5593690420500932 1.9002597574726667 2.477936850860714 2.3049405422061682 3.5431292632129034
leaf_count=97 2868 136 27 58 59 57 39 84 37 18 43 22 27 60
internal_value=0.0010175 0.00219298 0.00273155 0.00135744 0.0264838 0.00232575 0.0149864 0.000923347 0.0256948 -0.0240139 0.00241794 0.00130455 0.0215397 0.00266266
internal_weight=124.221 118.074 116.869 111.477 5.39196 109.504 9.95407 99.5499 7.63615 4.77709 94.7728 90.5676 4.2052 88.0896
internal_count=3632 3535 3399 3313 86 3255 133 3122 76 102 3020 2950 70 2928
is_linear=0
shrinkage=0.05


Tree=259
num_leaves=15
num_cat=0
split_feature=16 13 18 14 11 10 23 13 18 21 0 13 11 10
split_gain=1.29533 2.06933 1.85402 1.83732 1.80126 1.66856 1.67928 1.2864 1.22201 1.06117 1.26411 1.02881 1.7594 2.11857
threshold=30.001139000000006 0.88742762500000005 0.00013348649000000001 0.16892262500000002 0.12371448500000001 0.28903527000000001 -0.92497661999999992 0.65856091000000017 7.1092702500000001e-05 0.6918964150000001 0.013262576500000003 0.57017408500000011 0.12259280500000001 0.46266937000000002
decision_type=2 2 2 2 2 2 2 2 2 2 2 2 2 2
left_child=2 11 3 -1 7 -4 -7 8 -5 10 -6 -2 13 -13
right_child=1 -3 5 4 9 6 -8 -9 -10 -11 -12 12 -14 -15
leaf_value=-0.040861505784681271 0.0080373988535505161 0.039815804609560884 0.018301120420510842 0.0049280817334995354 -0.01517571684947352 0.0068293154781545063 -0.031704194425249459 0.020824623157145714 -0.032339102319738362 -0.024868144590187102 0.026001605441075611 -0.0033902884074271606 -0.010922781216367668 0.03343309147158828
leaf_weight=1.3921866082819203 28.467739228071878 2.5486395695770616 1.8603179969068175 3.1285859555646329 1.5264953849546117 3.1100473869591996 13.730460651509926 1.7396294994105108 4.9139836837421171 0.5965954741113827 11.080814598099094 11.158833259454697 29.919625184644246 4.8813922429981167
leaf_count=24 1366 52 71 142 332 30 213 42 63 8 267 292 621 83
internal_value=-0.00137385 0.00251126 -0.00821546 0.000964262 0.00509544 -0.0196236 -0.024604 -0.0105595 -0.0189003 0.0166204 0.020267 0.000722903 -0.0038824 0.00912025
internal_weight=120.055 76.9762 43.0791 24.3783 22.9861 18.7008 16.8405 9.7822 8.04257 13.2039 12.6073 74.4276 45.9599 16.0402
internal_count=3606 2414 1192 878 854 314 243 247 205 607 599 2362 996 375
is_linear=0
shrinkage=0.05


Tree=260
num_leaves=15
num_cat=0
split_feature=18 20 16 9 0 3 19 15 21 7 21 18 17 20
split_gain=0.724477 0.959681 1.90576 2.76287 1.38061 0.973527 1.03464 0.92588 0.868925 0.973381 1.19698 1.23193 1.43399 1.63099
threshold=0.00045932134000000005 0.10869161000000001 59.399861000000008 7.5833333500000011 0.017992940000000002 24.500218500000003 0.26139667500000002 0.028235450500000005 0.48391779500000004 0.9635395550000001 0.63592961500000011 0.00010001840950000001 0.0030475874500000004 0.06635168750000002
decision_type=2 2 2 2 2 2 2 2 2 2 2 2 2 2
left_child=1 5 -3 -4 -5 6 8 -7 -1 -10 11 12 13 -11
right_child=-2 2 3 4 -6 7 -8 -9 9 10 -12 -13 -14 -15
leaf_value=0.031326335646720459 0.02419835842441409 -0.036016540034771442 0.027944003072741863 -0.031909776790731779 0.010560063264666386 -0.0022540585977952258 -0.011849627136244925 -0.037038020279954141 0.0085486337722885768 0.018036195832016773 -0.019964736291803224 -0.0065732896610317341 0.032953188368950517 -0.032573562914298013
leaf_weight=2.2154945679940274 2.3950058958725995 4.0554495909018433 4.5017872712633089 4.6002489263191819 2.3007214739918709 6.5216175341047329 8.3707784342986979 1.7952733604470266 54.419893373735249 2.7774450307188143 6.5243321174057192 13.44878590342705 4.6725876779819373 1.7670840077917089
leaf_count=37 55 154 104 77 44 99 1479 29 795 113 146 290 137 42
internal_value=0.00142269 0.000760795 -0.0104619 0.000797814 -0.0182062 0.00253782 0.00402519 -0.0129319 0.00569214 0.00465067 -0.00265883 0.00295576 0.0161422 -0.00396842
internal_weight=120.367 117.971 15.4582 11.4028 6.90097 102.513 94.1964 8.31689 85.8256 83.6101 29.1902 22.6659 9.21712 4.54453
internal_count=3601 3546 379 225 121 3167 3039 128 1560 1523 728 582 292 155
is_linear=0
shrinkage=0.05


Tree=261
num_leaves=15
num_cat=0
split_feature=16 3 3 23 14 8 3 3 15 3 11 16 8 10
split_gain=0.804888 1.649 1.70747 1.45991 1.44347 1.32291 1.11157 1.00551 0.962951 0.882217 0.800087 0.733 1.1636 1.12806
threshold=29.961235500000004 14.601729500000003 23.328412500000002 1.0062195500000002 0.95186515500000013 0.43153226000000006 19.705980500000006 24.376614500000006 0.020067114000000004 18.627838500000006 0.12148035000000001 30.023901000000002 0.41402962000000004 0.28995949500000007
decision_type=2 2 2 2 2 2 2 2 2 2 2 2 2 2
left_child=1 -1 3 4 5 9 -5 -4 -8 -3 -7 12 13 -2
right_child=11 2 7 6 -6 10 8 -9 -10 -11 -12 -13 -14 -15
leaf_value=0.024172060182345075 0.022222107048606308 0.011652652244097799 0.033051333658614485 0.024380027955004647 0.007987021176172119 -0.050383204439026268 -0.03320804648761768 -0.0040928406511113102 0.013552014731107093 -0.020239478477029144 -0.021215470350387341 -0.00032714558772692885 0.025459957531631827 -0.029254017312756366
leaf_weight=2.8479498201049855 0.84281972196185817 3.0872317062458121 2.2104615726275361 2.9340129883203181 3.3313778543379149 4.6631115106865755 1.4750463119999042 3.7730702678090893 1.2265733668755272 3.7756898107472807 9.0112732793204469 74.355703749664826 5.8848009443609044 1.7229088235762899
leaf_count=339 86 51 33 192 48 45 47 56 44 47 117 2314 158 41
internal_value=-0.00144703 -0.00733869 -0.0104606 -0.0153506 -0.0205944 -0.0253862 0.00661496 0.012397 -0.0140525 -0.00623564 -0.0339176 0.00133558 0.0144523 -0.0108546
internal_weight=121.142 38.3358 35.4878 29.5043 23.8687 20.5373 5.63563 5.98353 2.70162 6.86292 13.6744 82.8062 8.45053 2.56573
internal_count=3618 1019 680 591 308 260 283 89 91 98 162 2599 285 127
is_linear=0
shrinkage=0.05


Tree=262
num_leaves=15
num_cat=0
split_feature=20 16 9 8 16 17 20 20 17 20 17 17 16 1
split_gain=1.6944 2.46244 1.79058 1.99533 1.41036 4.42985 5.22356 4.02999 3.19605 7.18597 3.19255 2.81713 2.46624 2.29811
threshold=0.10915670500000001 50.62977200000001 7.5833333500000011 1.3911493500000003 50.62977200000001 0.0056031558000000006 0.078237381500000022 0.097617986500000017 0.0030985177000000005 0.069428149000000008 0.0036929515500000007 0.0045417656500000006 29.928088500000005 0.97837774500000008
decision_type=2 2 2 2 2 2 2 2 2 2 2 2 2 2
left_child=4 -2 3 -3 5 6 12 8 9 -6 -10 -12 -1 -9
right_child=1 2 -4 -5 7 -7 -8 13 10 -11 11 -13 -14 -15
leaf_value=-0.00029684127420921111 -0.042869901542657414 0.035354596405384631 -0.015843701287419569 -0.024104563498243026 0.031402415984730814 0.02852740647533776 -0.033041183851109393 0.019129115855316989 0.048343815218493964 -0.048563248399166856 -0.030777605576360192 0.025085032630712201 0.028562340933258726 -0.030718447507496763
leaf_weight=26.654899657383794 4.2264452415402074 3.7613689662539391 8.1679873487446439 1.1941094533540306 4.2640795647748764 16.671136258170009 8.9983537252119259 2.0453431914502263 5.8718183459131961 5.1325194498058408 3.0318054368253797 4.1269072334398516 9.2389472708746307 13.651050275191665
leaf_count=749 179 100 142 20 685 296 208 62 106 74 71 114 633 133
internal_value=0.000140175 -0.0138346 -0.00211043 0.0193852 0.00268565 0.00732048 -0.00100493 -0.00479466 0.0087172 -0.0127455 0.0239997 0.000553925 0.00770424 -0.0234663
internal_weight=117.037 17.3499 13.1235 4.95548 99.6869 61.5633 44.8922 38.1235 22.4271 9.3966 13.0305 7.15871 35.8938 15.6964
internal_count=3572 441 262 120 3131 1886 1590 1245 1050 759 291 185 1382 195
is_linear=0
shrinkage=0.05


Tree=263
num_leaves=15
num_cat=0
split_feature=18 20 17 10 11 3 19 20 17 20 17 17 11 13
split_gain=1.11866 1.62001 2.88772 1.75865 1.86335 1.71854 1.3493 1.27349 1.28469 1.17665 1.82404 2.14412 1.4456 1.5887
threshold=0.00039433847000000006 0.10915670500000001 0.0059791553500000002 0.32691094500000006 0.13278071500000002 21.959023000000006 0.20538873000000005 0.10310140500000002 0.0057897354500000007 0.10086051500000003 0.0048566131500000003 0.0037421708500000005 0.12999543500000002 0.57472465000000017
decision_type=2 2 2 2 2 2 2 2 2 2 2 2 2 2
left_child=1 2 7 4 -4 -5 -2 8 9 10 11 -1 -12 -14
right_child=6 -3 3 5 -6 -7 -8 -9 -10 -11 12 -13 13 -15
leaf_value=-0.0011844297177346754 -0.01839616406558597 -0.017560875688707036 0.01965428829576852 0.047597703509688734 -0.027206572829790516 -0.0040845556929827798 0.030963088211672842 -0.02702464599045136 0.018680746607002346 -0.028622183805739304 0.041617119072178084 -0.031399214228735754 0.029109604093059016 -0.027061568114133034
leaf_weight=58.953067812049994 1.1132715492276464 12.589167866914066 4.4615760628948902 5.7336033833562396 2.4714728538820054 1.9173822365701196 4.4739368650480174 4.0938149777939534 6.3939781583903814 3.2848726961528874 3.1365311108529559 5.532552433316595 1.2637835098430517 1.8449150584638117
leaf_count=2396 30 351 114 80 31 21 91 40 99 26 140 142 54 21
internal_value=-0.000201093 -0.00137026 0.00084168 0.0206291 0.00162567 0.0356708 0.0198284 -0.00277465 -0.00122325 -0.00316879 -0.00160415 -0.00421661 0.0222299 -0.00269916
internal_weight=117.264 111.677 99.0876 14.584 6.93305 7.65099 5.58721 84.5035 80.4097 74.0157 70.7308 64.4856 6.24523 3.1087
internal_count=3636 3515 3164 246 145 101 121 2918 2878 2779 2753 2538 215 75
is_linear=0
shrinkage=0.05


Tree=264
num_leaves=15
num_cat=0
split_feature=1 1 17 19 20 17 18 20 19 20 10 7 20 20
split_gain=0.694376 1.56033 1.06154 0.934816 0.693245 0.921697 1.3327 1.15896 1.39491 1.2319 0.904509 1.84122 1.76633 1.67929
threshold=0.95628285000000013 0.97350877000000013 0.0051046198000000006 0.29531531500000002 0.11702090500000002 0.0072907839500000009 0.00029008378500000007 0.10473688500000002 0.22696970000000002 0.10146809000000001 0.31179046000000005 0.9522560200000002 0.098211033500000017 0.07685541550000001
decision_type=2 2 2 2 2 2 2 2 2 2 2 2 2 2
left_child=-1 2 -2 4 5 6 10 9 -9 -8 -3 13 -13 -12
right_child=1 3 -4 -5 -6 -7 7 8 -10 -11 11 12 -14 -15
leaf_value=0.023908999662734715 -0.033617526938097025 -0.0052984850563659314 0.0054310342775186786 -0.027433709980948441 -0.023296608340344287 0.020911542253376533 -0.018626929453551905 -0.04129766824531203 0.0018798569703395414 0.020670198880811886 0.011336162807100326 0.0069919707060009141 0.033482977980131154 -0.0090194337315005046
leaf_weight=2.0967043848067979 4.5168776405043891 20.359886769903824 2.1808088661637157 1.7423476911790192 1.6271053765085515 5.5562521810643366 2.6810673000290972 4.04692851472646 2.8390683140605688 3.3784838523715734 16.406853824388236 19.886587446788329 8.7401285390369576 23.247498768148944
leaf_count=892 128 312 39 857 136 66 42 71 39 36 240 299 112 344
internal_value=0.000539157 -7.76162e-05 -0.0218493 0.00142598 0.00213398 0.00273203 0.00154355 -0.0128552 -0.0255148 0.00310744 0.00376636 0.00650676 0.0159372 -0.000525695
internal_weight=119.307 117.21 6.69769 110.512 108.77 107.143 101.587 12.9455 6.886 6.05955 88.641 68.2811 28.6267 39.6544
internal_count=3613 2721 167 2554 1697 1561 1495 188 110 78 1307 995 411 584
is_linear=0
shrinkage=0.05


Tree=265
num_leaves=15
num_cat=0
split_feature=8 9 13 21 12 18 1 14 0 0 18 22 9 18
split_gain=1.15152 1.8175 1.36249 1.15088 1.14056 1.321 1.63022 1.61371 1.41419 1.23699 1.17766 1.42508 1.66952 1.39043
threshold=0.96370440500000021 4.2916666500000007 0.48657315500000003 0.57732082500000015 0.45758862500000003 0.00014831025000000003 0.99290744500000006 0.25735931000000006 0.019956398000000004 0.013545615000000002 0.00028335031500000002 1.0960644000000002 8.4166666500000016 0.00035035187000000004
decision_type=2 2 2 2 2 2 2 2 2 2 2 2 2 2
left_child=4 2 -2 -4 5 6 9 -8 -9 -1 11 -7 -13 -12
right_child=1 -3 3 -5 -6 10 7 8 -10 -11 13 12 -14 -15
leaf_value=-0.021856514521003109 -0.035071479759871876 0.017099963004387746 0.02538729450047791 -0.015234534014398225 -0.010194712738416616 0.026084969479337562 -0.034895822732033836 -0.010503423610539233 0.024863921317438198 0.015758018547993316 -0.026629610082872176 0.023523560957223365 -0.021277502324401537 0.011662589281585464
leaf_weight=1.768427748378598 2.4546709260321249 18.821559650881682 2.3671763416496105 2.6702479721861891 31.460036775795743 11.792208487575413 5.0546305719180991 15.805224312294742 2.4228038915025527 10.787926017015705 3.3372611282975404 2.6458385072182855 3.8531566795427352 4.3415099168196321
leaf_count=134 41 452 73 50 1648 170 105 371 39 313 50 40 54 81
internal_value=1.63641e-05 0.00905615 -0.0107855 0.00489761 -0.00260301 0.00136187 -0.00481672 -0.0124652 -0.0047539 0.00923893 0.00975087 0.0163901 -0.00233364 -0.00613033
internal_weight=119.583 26.3137 7.4921 5.03742 93.269 61.809 35.839 23.2827 18.228 12.5564 25.97 18.2912 6.499 7.67877
internal_count=3621 616 164 123 3005 1357 962 515 410 447 395 264 94 131
is_linear=0
shrinkage=0.05


Tree=266
num_leaves=15
num_cat=0
split_feature=20 23 11 15 1 0 0 11 18 11 1 9 9 20
split_gain=0.994253 0.858262 1.06482 1.00697 1.04172 0.750594 1.33507 1.11504 1.10752 1.0442 1.3464 1.51951 1.4449 1.14449
threshold=0.11702090500000002 -1.3464990999999997 0.13861438000000004 0.016194597500000005 0.98418947500000009 0.019341571000000005 0.019170719000000006 0.12468805000000001 8.6042522500000013e-05 0.12086985500000001 0.99439591500000013 10.416666500000002 8.833333350000002 0.065730215500000008
decision_type=2 2 2 2 2 2 2 2 2 2 2 2 2 2
left_child=1 2 3 -1 -5 6 9 -7 -9 -3 11 12 -11 -12
right_child=-2 5 -4 4 -6 7 -8 8 -10 10 13 -13 -14 -15
leaf_value=-0.038189102068521136 -0.030656802859160361 -0.0055450366601359942 0.015920394576907075 -0.027773642328387173 0.019911706004782481 0.025057612686276279 -0.028631875554634947 0.018471413389051429 -0.01222389292027456 0.013133616072417193 0.015801165357432406 0.030093546242306674 -0.01731270531928129 -0.0055837212939082483
leaf_weight=3.1703553335973984 1.414934646221808 28.376563037018059 1.6084693826560394 0.93369605499901842 1.8098490070551632 7.7678508073731818 2.6462632748880415 4.0388263809727487 6.0526088846381754 13.493937871564418 7.093478123570093 8.7175383160647453 4.3806826813670332 26.590270809130743
leaf_count=37 142 694 54 60 30 130 38 81 91 1159 385 221 105 402
internal_value=0.00111856 0.00176112 -0.0135515 -0.0227106 0.000599193 0.0029298 0.001042 0.0120135 0.000618848 0.00223725 0.00593168 0.0141214 0.00514997 -0.000754532
internal_weight=118.095 116.68 7.52237 5.9139 2.74355 109.158 91.2987 17.8593 10.0914 88.6525 60.2759 26.5922 17.8746 33.6837
internal_count=3629 3487 181 127 90 3306 3004 302 172 2966 2272 1485 1264 787
is_linear=0
shrinkage=0.05


Tree=267
num_leaves=15
num_cat=0
split_feature=23 8 17 20 20 17 21 21 20 17 10 13 20 10
split_gain=0.749932 0.62396 0.62971 3.23659 1.70499 2.12484 1.7689 1.55712 1.39517 2.05078 1.27763 1.44742 1.14413 1.65417
threshold=2.4978355500000005 2.1175494000000006 0.0045417656500000006 0.080423944000000011 0.10310140500000002 0.0060114085500000006 0.57491414500000015 0.61674762000000005 0.098712049500000024 0.0056782438500000013 0.39977042500000004 0.53526713500000012 0.10607253000000001 0.33681580000000005
decision_type=2 2 2 2 2 2 2 2 2 2 2 2 2 2
left_child=1 2 3 7 6 -6 -4 -1 -8 -10 11 -11 -7 -14
right_child=-2 -3 4 -5 5 12 8 -9 9 10 -12 -13 13 -15
leaf_value=0.0026601827106318499 -0.024082405101235507 -0.022778670170181453 -0.021546885967656068 -0.039642307385464537 -0.0316834067347651 0.017643252025475883 0.044306915296605923 -0.026075152518709684 -0.019304396991331449 0.037278944162971991 0.04417597336871306 -0.0043717450277274798 -0.028675636537958273 0.0038025116428339447
leaf_weight=53.521212993044173 2.4924793663958544 2.077850086905527 2.1134315349918351 4.5971130561083546 4.4688833756081321 7.6113609415770069 3.6712584756605819 4.1607159373234017 3.2950365920842151 2.0063307832751871 3.1551264869049183 6.2499426028516609 4.1502486207173233 15.681366581935434
leaf_count=1840 449 32 38 163 56 134 137 66 60 93 42 66 155 297
internal_value=-0.00125003 -0.000562263 3.36902e-05 -0.00334096 0.00403179 -0.00320845 0.014932 0.000178418 0.0200225 0.0115253 0.0212655 0.00868362 0.00237939 -0.0040446
internal_weight=119.252 116.76 114.682 62.279 52.403 31.9119 20.4911 57.6819 18.3777 14.7064 11.4114 8.25627 27.443 19.8316
internal_count=3628 3179 3147 2069 1078 642 436 1906 398 261 201 159 586 452
is_linear=0
shrinkage=0.05


Tree=268
num_leaves=15
num_cat=0
split_feature=12 11 16 12 0 12 19 3 9 9 11 14 10 17
split_gain=0.786233 1.15303 1.00992 0.939663 1.72707 1.2046 1.07758 1.28096 1.06886 1.15612 0.965332 1.01467 1.72249 1.66189
threshold=0.27074441000000005 0.13317534000000003 29.939767500000006 0.31471300500000005 0.014228864500000002 0.35132102000000004 0.19309523500000003 17.675938500000004 13.833333500000002 20.750000000000004 0.16558298000000002 0.36913919500000009 0.49599376500000003 0.0057897354500000007
decision_type=2 2 2 2 2 2 2 2 2 2 2 2 2 2
left_child=1 2 -1 4 -2 6 -5 -8 10 -10 11 12 -7 -13
right_child=3 -3 -4 5 -6 8 7 -9 9 -11 -12 13 -14 -15
leaf_value=-0.0081771497391182682 0.023735448784596311 -0.013994455822371635 0.031403179077228692 -0.018880899539042498 -0.028201985311107847 -0.016932091590955805 -0.0082930931657215195 0.031429646566769366 0.016904152505909025 -0.01946225018627263 0.014972031811042839 -0.0089508629954817894 0.0093474300279642025 0.013867596076717101
leaf_weight=1.7399995815067066 1.1924193769227693 2.5282135340385139 4.8555439802003093 1.3106249694246788 6.9695006440451834 34.769083499180852 2.3651066761813109 5.9718994363793172 9.4930544365779479 1.8691288665286254 4.234404925024136 21.102896074022283 6.8771896266262038 11.489982681407126
leaf_count=34 47 47 103 18 125 787 87 116 219 36 493 988 143 340
internal_value=-0.00229064 0.0110732 0.0212595 -0.00351482 -0.0188517 -0.00208145 0.0138613 0.0204795 -0.00392733 0.00983131 -0.00601808 -0.00739838 -0.012475 -0.000733309
internal_weight=116.769 9.12376 6.59554 107.645 8.16192 99.4834 9.64763 8.33701 89.8357 11.3622 78.4736 74.2392 41.6463 32.5929
internal_count=3583 184 137 3399 172 3227 221 203 3006 255 2751 2258 930 1328
is_linear=0
shrinkage=0.05


Tree=269
num_leaves=15
num_cat=0
split_feature=20 16 20 22 0 20 13 17 19 18 3 18 16 15
split_gain=1.10373 1.00014 2.83381 1.3812 1.18058 1.1092 1.25736 1.16826 0.911532 2.16085 1.50951 1.3981 1.37859 1.2656
threshold=0.11640078500000002 25.130637500000002 0.060923370000000011 1.2279682000000001 0.012909028000000001 0.063898661000000009 0.59862781500000006 0.0021569054500000006 0.21568935000000003 3.5698328500000005e-05 17.175076000000004 0.00019517628500000003 29.939767500000006 0.014389234000000002
decision_type=2 2 2 2 2 2 2 2 2 2 2 2 2 2
left_child=1 2 -1 5 -3 6 7 -4 10 -10 11 -6 -11 -12
right_child=-2 4 3 -5 8 -7 -8 -9 9 12 13 -13 -14 -15
leaf_value=0.026362084655380244 -0.028351990622389068 0.020263917942179119 -0.016958175199436359 0.014493615721092918 0.029574885680383939 -0.038308417259362605 -0.026176546825448579 0.02708168717229395 -0.023233817580454764 0.029604843939670791 -0.024558519712470268 -0.011229282244491393 0.0048474101352878754 -0.0021816132962764832
leaf_weight=3.5799267403781441 2.4345740358694448 7.6222724856052073 1.7894173479289763 2.1497954903170458 4.1548728952184311 6.0809114343137471 4.3825353011488914 2.433016569702886 5.1425948288524514 5.6105708062532349 9.6504150922410208 2.8358248476870358 42.190662598703057 16.076974859228358
leaf_count=345 172 1024 23 33 78 116 28 40 599 98 130 39 642 258
internal_value=-0.000425448 0.000414494 -0.00934356 -0.0179883 0.00262653 -0.0233641 -0.00991442 0.00874467 0.000841422 0.00486343 -0.00561813 0.0136886 0.00830036 -0.0111801
internal_weight=116.134 113.7 20.4156 16.8357 93.2842 14.6859 8.60497 4.22243 85.6619 52.9438 32.7181 6.9907 47.8012 25.7274
internal_count=3625 3453 585 240 2868 207 91 63 1844 1339 505 117 740 388
is_linear=0
shrinkage=0.05


Tree=270
num_leaves=15
num_cat=0
split_feature=9 9 14 18 20 3 12 12 14 20 20 18 12 10
split_gain=0.721897 1.48157 0.870543 0.801508 0.634634 0.654754 1.28501 1.26391 1.24706 1.15306 1.07982 1.46596 1.06507 1.17615
threshold=15.583333500000002 21.250000000000004 0.24885321000000002 0.00045932134000000005 0.11702090500000002 19.353120500000003 0.48074987500000005 0.60530170000000016 0.32934002500000009 0.063898661000000009 0.111734445 0.00014192148000000002 0.34147881000000008 0.35617298000000003
decision_type=2 2 2 2 2 2 2 2 2 2 2 2 2 2
left_child=3 2 -2 4 5 6 -1 -8 -7 -10 11 -9 -11 -14
right_child=1 -3 -4 -5 -6 8 7 10 9 12 -12 -13 13 -15
leaf_value=-0.010876004642071217 -0.010460126308917985 -0.02060199170208115 0.033538346206655516 0.02236073494614008 -0.028916564520423266 0.009632708211671932 0.023261892486632702 0.0059412685207388717 0.018267308106699753 -0.038397010654947307 0.028194993805013859 -0.02803414015674506 0.0099690486109955626 -0.01372566290731388
leaf_weight=36.662540138902841 0.91329854060313564 1.5431639377784447 4.4555551903904416 2.3787741155829272 1.2124178905505676 26.437604349717731 5.4140822864719693 6.522158391075207 3.4285635216510881 1.8683730675838912 1.2719220838916943 4.7106252418016084 7.2462380228098509 13.741012550075537
leaf_count=888 27 29 119 51 112 463 158 1003 185 22 39 173 136 211
internal_value=-0.000628614 0.013974 0.0255865 -0.00165554 -0.00238138 -0.00181733 -0.00560906 0.00517259 0.00213947 -0.00547431 -0.00380197 -0.00943377 -0.00965223 -0.0054633
internal_weight=117.806 6.91202 5.36885 110.894 108.516 107.303 54.5813 17.9188 52.7218 26.2842 12.5047 11.2328 22.8556 20.9873
internal_count=3616 175 146 3441 3390 3278 2261 1373 1017 554 1215 1176 369 347
is_linear=0
shrinkage=0.05


Tree=271
num_leaves=15
num_cat=0
split_feature=22 0 18 15 0 22 7 9 9 21 14 14 0 14
split_gain=0.828689 1.83245 1.44084 1.01674 0.968257 0.958411 0.794322 0.765784 1.06554 0.765615 1.40821 0.713715 1.05607 0.938646
threshold=0.940246625 0.014779904000000002 4.4152891000000004e-05 0.041885965000000004 0.010710238000000002 0.91060416500000019 0.96432892000000014 15.583333500000002 21.250000000000004 0.63390261500000011 0.32571205000000009 0.24366987000000004 0.019468581000000002 0.35097051000000007
decision_type=2 2 2 2 2 2 2 2 2 2 2 2 2 2
left_child=1 4 -3 6 -1 -6 -4 11 -9 10 -8 12 -2 -13
right_child=7 2 3 -5 5 -7 9 8 -10 -11 -12 13 -14 -15
leaf_value=0.023136594806961452 -0.0014089737282244215 -0.013338207086213799 0.032292635774628438 -0.012776840888236919 -0.027779564068937813 0.0091998192265895871 -0.023810092459908578 0.024217504067114322 -0.021813381319059383 0.027646835966463158 0.022622133911189411 -0.012544676981335115 0.033374613448962823 -0.00094672774762618065
leaf_weight=0.7537177740159694 10.373206266667692 3.4041532990522709 8.9343757159076649 1.5958058331161726 5.7729451074264944 1.8105555800721047 2.6884767878800622 3.9380444157577577 0.82793066612794053 2.1115234531462193 1.9480191534385083 35.909719869378023 1.7392260488122691 33.415069210401271
leaf_count=259 221 46 160 24 80 25 30 122 22 28 37 892 25 1614
internal_value=-0.00144913 0.00573196 0.0135497 0.019287 -0.0130358 -0.0189075 0.0231201 -0.00390459 0.0138249 0.00837521 -0.00374922 -0.00509729 0.00574997 -0.00704733
internal_weight=115.223 29.0196 20.6824 17.2782 8.33722 7.5835 15.6824 86.2032 4.76598 6.74802 4.6365 81.4372 12.1124 69.3248
internal_count=3585 689 325 279 364 105 255 2896 144 95 67 2752 246 2506
is_linear=0
shrinkage=0.05


Tree=272
num_leaves=15
num_cat=0
split_feature=18 8 16 9 8 11 16 1 3 21 17 12 16 22
split_gain=0.810171 0.849724 1.25263 1.61928 1.97424 2.51387 1.61483 1.80101 1.635 1.57033 1.43395 1.40457 1.32157 1.5059
threshold=0.00045932134000000005 0.43866070000000007 29.961235500000004 12.166666500000002 0.59329661000000011 0.11909757500000002 30.047875000000001 0.9855593800000001 14.799402500000001 0.67575216500000013 0.0026840837000000005 2.1011896500000007 50.405428000000008 1.0519562500000001
decision_type=2 2 2 2 2 2 2 2 2 2 2 2 2 2
left_child=1 -1 3 4 -3 -6 7 -4 -8 10 -10 12 -12 -14
right_child=-2 2 6 -5 5 -7 8 -9 9 -11 11 -13 13 -15
leaf_value=0.0038813356034499459 0.023544695751151576 -0.034197308765391836 -0.020953673613782395 0.01738495102005538 -0.032931247939642617 0.013477306026613893 -0.033819841857233801 0.031313121648211817 0.024010834341695549 0.022360698440168775 0.0060206833101322547 0.014947167106147101 -0.0058198848416028759 -0.033491479647962459
leaf_weight=42.989062529057264 2.2873258742038152 9.7786494782485587 1.3993235517700657 2.7481525616312856 3.5670951615320501 7.1217530779831577 3.2069976317579849 5.8633580666210037 2.8414597960072561 5.1385900174500412 6.4598550916416633 4.5540554318577042 10.974679509177806 8.7419507069280353
leaf_count=1878 53 167 48 62 56 173 105 153 320 118 109 86 135 121
internal_value=-0.000947308 -0.00163095 -0.00491246 -0.0142214 -0.0190773 -0.00350255 -0.000322327 0.0199256 -0.00421303 -0.000970345 -0.00508493 -0.00844715 -0.0129174 -0.0191133
internal_weight=117.672 115.385 72.3959 23.2157 20.4675 10.6888 49.1803 7.26268 41.9176 38.7106 33.572 30.7305 26.1765 19.7166
internal_count=3584 3531 1653 458 396 229 1195 201 994 889 771 451 365 256
is_linear=0
shrinkage=0.05


Tree=273
num_leaves=15
num_cat=0
split_feature=14 20 16 8 19 18 0 9 19 3 9 15 3 20
split_gain=0.880977 0.840695 2.10304 1.39585 1.13911 1.62673 0.945638 0.939106 1.29995 1.36144 1.49321 0.914311 1.31555 0.900574
threshold=0.14051282000000004 0.064987920000000018 25.253168500000005 0.34677132500000002 0.24930939000000005 6.258670400000002e-05 0.012223517500000001 11.416666500000002 0.23268876500000005 20.327855500000002 14.750000000000002 0.011173533000000001 18.738570500000005 0.067954421000000001
decision_type=2 2 2 2 2 2 2 2 2 2 2 2 2 2
left_child=-1 3 -3 -2 5 -5 -4 13 9 10 -9 -7 -13 -8
right_child=1 2 6 4 -6 11 7 8 -10 -11 -12 12 -14 -15
leaf_value=-0.02823600323733156 0.031144944608163146 -0.032131774716401697 0.021268562888628623 0.037039950108343413 -0.018482583736051238 0.019239768844086222 0.023534670086538815 0.026114278792922448 0.023586012964556112 -0.018437807169937315 -0.011889278666375487 -0.03434816098933749 0.0080260508855878477 -0.005895997634089648
leaf_weight=1.9330197162926186 4.1945019300037556 4.6097202539676791 3.7069359711022107 2.6991792926564795 4.2276415161322793 2.265828893519938 1.7378180078230787 5.0936809259001183 6.8079926205100483 5.9253213281044728 3.7031718958169222 2.5304343104362488 3.1822026297450066 62.719767797505483
leaf_count=39 710 120 385 46 830 32 29 67 120 89 55 30 38 1015
internal_value=-0.00117944 -0.000475472 -0.00243128 0.00882178 0.000976627 0.00960415 -0.000567418 -0.00174245 0.00708767 -0.00155659 0.0105355 -0.00276924 -0.0130645 -0.00475511
internal_weight=115.337 113.404 94.3044 19.0998 14.9053 10.6776 89.6947 85.9878 21.5302 14.7222 8.79685 7.97847 5.71264 64.4576
internal_count=3605 3566 1880 1686 976 146 1760 1375 331 211 122 100 68 1044
is_linear=0
shrinkage=0.05


Tree=274
num_leaves=15
num_cat=0
split_feature=1 13 20 17 10 8 11 10 10 18 20 20 18 16
split_gain=0.713883 1.02136 0.994971 1.1407 0.788835 1.42866 1.77468 1.14918 1.13163 1.06529 1.42944 1.42901 0.937757 0.888258
threshold=0.97966078500000009 0.61865493500000013 0.10503381000000002 0.0056782438500000013 0.37809557500000007 0.5125269400000001 0.15841659000000002 0.36892108000000007 0.35479151500000006 0.00011577659500000002 0.10376621000000001 0.073594889000000011 0.00016092136500000002 29.965119000000005
decision_type=2 2 2 2 2 2 2 2 2 2 2 2 2 2
left_child=1 2 3 -1 5 7 8 9 -7 -2 11 12 -11 -10
right_child=4 -3 -4 -5 -6 6 -8 -9 13 10 -12 -13 -14 -15
leaf_value=-0.0049053147074804224 -0.012750469668228154 0.024157510452809509 -0.025682387363700356 0.034632735245644614 -0.0061435140213382698 0.034617743799488641 -0.025609051286670181 0.026382228201919433 0.025727518171302734 0.0070184129952325413 -0.015488411496458483 0.024440438650360739 -0.028732230926990572 -0.014384632920406554
leaf_weight=4.9994160411006288 17.931314676621696 6.0826298247557125 1.9844461713219059 1.7032337264245141 45.595558263012208 7.0046792407811136 1.2912367880635418 2.3409156862471709 1.2433806729677601 4.5253443182446089 5.943688236991874 8.2377137378789467 1.7957838699221609 2.5922159387264401
leaf_count=860 639 145 88 124 1056 193 33 55 27 64 107 131 19 57
internal_value=0.000177543 0.0100599 -0.00128587 0.00833367 -0.00139047 0.00274377 0.0170941 -0.00183281 0.023914 -0.00417677 0.00356596 0.0118405 -0.00567535 0.00124988
internal_weight=113.272 14.7697 8.6871 6.70265 98.5018 52.9063 12.1315 40.7748 10.8403 38.4338 20.5025 14.5588 6.32113 3.8356
internal_count=3598 1217 1072 984 2381 1325 310 1015 277 960 321 214 83 84
is_linear=0
shrinkage=0.05


Tree=275
num_leaves=15
num_cat=0
split_feature=22 12 7 22 17 20 20 10 17 16 22 9 16 13
split_gain=0.73878 0.780253 0.66653 1.01106 0.839534 2.52169 2.45102 1.68278 2.64785 1.59818 2.43723 1.51023 1.4905 1.29081
threshold=0.75672024000000004 0.37337084500000006 0.51498846000000009 1.0852076500000003 0.0058598260000000011 0.10607253000000001 0.10086051500000003 0.34597823000000005 0.0032561661500000003 59.399861000000008 1.0336898000000001 9.583333350000002 59.455620500000009 0.6861693900000001
decision_type=2 2 2 2 2 2 2 2 2 2 2 2 2 2
left_child=1 -1 3 -2 6 9 7 8 11 -6 -11 -4 -8 -10
right_child=2 -3 4 -5 5 -7 12 -9 13 10 -12 -13 -14 -15
leaf_value=0.0048958168940422229 0.021316631697071913 -0.024888115898034677 0.0095442291494765002 -0.011280101611711514 0.034204790225591163 -0.0075381737999203197 -0.0039570858409661161 -0.007197988887431288 0.040932289547618107 0.034797704656335547 -0.023167755728016583 -0.020142105936190358 -0.044139062230317057 -0.0088171395133645556
leaf_weight=2.960011844057588 6.8584439861588162 5.2248345586995129 10.160745267523458 2.6710099498741329 7.8127956071984972 16.056234536808915 4.2588040106347744 35.671291614504298 6.1181988808966699 2.0189247892994899 3.5413274969323538 5.9643065142445257 4.6640337299322709 1.212681259436067
leaf_count=36 98 74 1000 116 188 416 46 1016 243 59 32 237 44 20
internal_value=-0.00114808 -0.0147566 1.97927e-05 0.0119765 -0.00125883 0.00567566 -0.00429652 -0.000430088 0.00973586 0.0209614 -2.4498e-05 -0.00197109 -0.0272921 0.0326322
internal_weight=115.194 8.18485 107.009 9.52945 97.4793 29.4293 68.0501 59.1272 23.4559 13.373 5.56025 16.1251 8.92284 7.33088
internal_count=3625 110 3515 214 3301 695 2606 2516 1500 279 91 1237 90 263
is_linear=0
shrinkage=0.05


Tree=276
num_leaves=15
num_cat=0
split_feature=3 10 11 11 20 1 0 3 12 10 10 20 23 10
split_gain=1.00419 1.61903 0.902424 2.03519 1.22561 0.860405 0.790278 1.3033 0.781024 0.781777 1.15223 1.6283 1.03125 1.2067
threshold=25.867864500000003 0.41481789500000005 0.13332413500000004 0.13278071500000002 0.11361144000000001 0.98406349000000015 0.013216631000000001 20.003407000000003 0.21008461500000003 0.31283763500000006 0.28578133500000008 0.10245470000000001 -1.3818829999999998 0.39393113000000007
decision_type=2 2 2 2 2 2 2 2 2 2 2 2 2 2
left_child=2 -2 3 8 5 -4 7 -7 -1 10 11 -10 -11 -14
right_child=1 -3 4 -5 -6 6 -8 -9 9 12 -12 -13 13 -15
leaf_value=0.024428253866527111 0.0055087837589099077 -0.044726200640884256 0.025694070796028007 -0.038572697634123798 -0.022246467747140165 -0.037571897779652468 0.0091578934133353662 0.014796571460247245 0.01478770574152438 -0.020879186523158497 -0.022550715084762814 -0.024971439706901549 0.01271874160291687 -0.0031657325338764297
leaf_weight=2.1853330533776889 2.9317640090303021 2.0939092839544173 6.4051345679326905 2.5511810166062778 2.1956184266018672 1.5594448630581639 24.802749603026314 1.4545821556530425 6.9498257760860742 3.4006882385292547 7.9799876844917881 2.8143905759498011 21.869681925745681 24.395327734324383
leaf_count=76 54 34 670 38 84 85 553 40 485 46 194 117 565 546
internal_value=0.000507424 -0.0193704 0.00159601 -0.00165103 0.00790089 0.0104118 0.00612334 -0.0149087 0.000229645 -0.000900459 -0.00961344 0.0020725 0.00234075 0.00445316
internal_weight=113.59 5.02567 108.564 72.1464 36.4175 34.2219 27.8168 3.01403 69.5952 67.4099 17.7442 9.76422 49.6657 46.265
internal_count=3587 88 3499 2067 1432 1348 678 125 2029 1953 796 602 1157 1111
is_linear=0
shrinkage=0.05


Tree=277
num_leaves=15
num_cat=0
split_feature=9 3 21 12 17 3 7 16 3 8 10 9 14 18
split_gain=1.00023 2.75476 1.30522 1.01912 0.948902 0.903016 0.80972 1.10539 0.731602 2.23503 1.13059 0.964425 0.964316 0.865163
threshold=4.2916666500000007 14.931143500000003 0.64378646000000017 0.30219714000000003 0.00018579475000000002 19.393127500000002 0.52088066000000011 59.75835450000001 14.758259500000003 0.44001128000000006 0.26324152500000003 13.833333500000002 0.25735931000000006 5.1513116500000008e-05
decision_type=2 2 2 2 2 2 2 2 2 2 2 2 2 2
left_child=1 -1 3 -3 -2 -4 7 -6 9 -8 -10 13 -13 -12
right_child=4 2 5 -5 6 -7 8 -9 10 -11 11 12 -14 -15
leaf_value=0.030827607904537136 -0.029142486981380111 0.0044942393806084889 -0.016053642652732295 -0.031439349512614893 0.032395285991724643 0.026897962024631905 0.020418201459457677 -0.0049018017181758182 -0.01863000335638831 -0.036433308812052111 0.01374848691454935 -0.0069569217688277467 0.024157811932446857 -0.0009848801734325121
leaf_weight=2.4626746674184714 1.3884140987938725 2.1125585899571879 1.3533133711898693 10.279206541017627 4.0188336407300076 1.691508022136986 2.0492569743655613 2.9038611087016761 4.8506075751502058 3.326319940853864 11.177424039226024 2.8160412339493623 8.9619281401392055 54.218948266992811
leaf_count=936 812 29 22 206 67 32 36 44 89 46 189 40 150 939
internal_value=-2.28975e-05 -0.0105432 -0.0186173 -0.0254352 0.00203321 0.00855831 0.00279302 0.0181063 0.00138901 -0.0149574 0.00262753 0.00418485 0.0167562 0.00170246
internal_weight=113.611 17.8993 15.4366 12.3918 95.7116 3.04482 94.3232 6.92269 87.4005 5.37558 82.0249 77.1743 11.778 65.3964
internal_count=3637 1225 289 235 2412 54 1600 111 1489 82 1407 1318 190 1128
is_linear=0
shrinkage=0.05


Tree=278
num_leaves=15
num_cat=0
split_feature=9 10 10 12 12 17 20 10 17 20 23 20 17 17
split_gain=0.942694 0.892985 0.699771 1.19835 0.978827 0.752977 1.49612 1.36462 1.19444 1.02155 1.58695 1.35526 2.34185 1.34972
threshold=21.250000000000004 0.65601807000000012 0.53614204000000021 0.56033931500000012 0.31938352500000006 0.005836314950000001 0.10322841500000002 0.29942742500000002 0.0064359169000000006 0.10086051500000003 -0.07601951849999998 0.090281126000000003 0.0037421708500000005 0.0045417656500000006
decision_type=2 2 2 2 2 2 2 2 2 2 2 2 2 2
left_child=1 2 5 4 -4 9 8 -8 -7 11 -11 12 -1 -13
right_child=-2 -3 3 -5 -6 6 7 -9 -10 10 -12 13 -14 -15
leaf_value=0.00017982261243896822 -0.031873821806170696 0.02517093418106809 -0.025850259975894144 -0.034385356889922232 0.013567735911934907 0.038046206306563031 -0.020029114369705728 0.0067814940987123195 -0.0072717831892076916 -0.038659119858489799 0.0045353525673474107 -0.02365336392447677 -0.035686409513938505 0.026847743364210315
leaf_weight=51.45366521392134 1.3557748001767311 2.4405724740936412 1.2903317156014944 3.0248701727250591 4.05436073828605 4.558433411162695 5.0272843845887136 21.366325550246984 1.5855624419200465 3.5763745143194683 3.6211155442288137 0.80656268354505201 3.991809796949382 6.2855066754564177
leaf_count=2239 27 39 15 67 99 133 166 402 31 30 45 23 92 215
internal_value=-0.000568953 8.24706e-05 -0.000691441 -0.0137708 0.00147691 0.000501896 0.00666808 0.00113004 0.0269703 -0.00242878 -0.0190254 -0.00024929 -0.00298886 0.0188911
internal_weight=114.439 113.083 110.642 8.36956 5.34469 102.273 32.5376 26.3936 6.144 69.735 7.19749 62.5375 55.4455 7.09207
internal_count=3623 3596 3557 181 114 3376 732 568 164 2644 75 2569 2331 238
is_linear=0
shrinkage=0.05


Tree=279
num_leaves=15
num_cat=0
split_feature=8 0 0 3 0 18 18 8 10 11 3 18 3 16
split_gain=0.727966 0.98583 0.988404 0.880129 0.980295 1.31648 1.24069 0.943294 0.870517 1.20717 0.987135 1.06822 1.04425 1.01099
threshold=0.57511287000000011 0.019468581000000002 0.019075739000000005 14.860523000000002 0.012990565000000001 0.00023991787500000003 0.00025331597500000006 0.43866070000000007 0.43079173500000006 0.16038249500000004 16.143355500000002 0.000124459995 17.326937000000004 59.715813000000004
decision_type=2 2 2 2 2 2 2 2 2 2 2 2 2 2
left_child=1 2 3 7 5 -5 -6 -1 9 -2 11 -10 -12 -14
right_child=8 -3 -4 4 6 -7 -8 -9 10 -11 12 -13 13 -15
leaf_value=0.028445739660616216 0.021399772346436384 0.00909127630309506 -0.02810433436878464 -0.03387778771177459 0.00040635165299795828 0.014886069557441843 -0.019039437889428249 -0.011909648925403226 0.0088584257888636841 -0.014128400978607271 0.028418909363833039 -0.035468478473782677 0.0087677239180124159 -0.015510574761306437
leaf_weight=2.9840727688278994 10.835353315254904 11.932276016654212 3.7495868239202528 4.8514135153673115 40.600220881780842 1.1807393124327061 9.2668995771091414 1.572802513517672 1.6330204254481966 2.2521256266627452 2.6235074858414036 2.6688095787540078 9.438845610682618 6.2847825403150628
leaf_count=927 332 215 61 210 993 19 163 63 83 59 68 30 202 143
internal_value=-0.000846362 -0.00359831 -0.00605985 -0.00425756 -0.00605178 -0.0235732 -0.00351055 0.0148804 0.00495513 0.0147171 -0.00106951 -0.0201445 0.00421302 -0.00128359
internal_weight=111.874 76.138 64.2057 60.4561 55.8993 6.03215 49.8671 4.55688 35.7364 13.0875 22.649 4.30183 18.3471 15.7236
internal_count=3568 2651 2436 2375 1385 229 1156 990 917 391 526 113 413 345
is_linear=0
shrinkage=0.05


Tree=280
num_leaves=15
num_cat=0
split_feature=0 16 11 16 8 1 3 18 22 12 3 22 22 19
split_gain=0.65403 0.68856 0.908098 0.918371 0.725373 0.649483 0.604892 0.603267 1.04183 1.05494 1.61986 1.21477 1.61436 1.13664
threshold=0.020856280000000001 25.000238000000003 0.13607421500000003 24.951951000000005 2.1175494000000006 0.97948664000000008 22.406531500000003 3.1928933500000007e-05 0.94753330000000002 0.45758862500000003 17.467262000000002 0.98214381500000014 1.1901136000000003 0.23798983000000004
decision_type=2 2 2 2 2 2 2 2 2 2 2 2 2 2
left_child=1 2 5 -4 7 -1 -2 -3 -9 11 -11 13 -13 -10
right_child=6 4 3 -5 -6 -7 -8 8 9 10 -12 12 -14 -15
leaf_value=0.0097572244937798591 0.023264612798980414 -0.011645883102115133 0.019195661914398039 -0.02034431966979108 -0.025421768043402862 -0.028927072235233595 -0.0066485548498305324 0.010432879260956294 -0.030274080069961014 0.012291095842269645 -0.016495859441512006 0.013013710692487893 -0.013961621728047189 0.011931940604111091
leaf_weight=0.788741075055439 4.1439022296108297 8.1890744882693962 2.7994388402148616 1.4231156443711368 1.7697479076741718 5.7074388347100466 1.9710060919169334 24.015215080682538 3.5514668456744394 5.6955491022672531 18.625943571300013 25.333231654425621 6.1463315201690412 1.7837659199722109
leaf_count=58 105 1323 77 60 34 132 26 457 48 324 367 416 165 31
internal_value=-0.000642563 -0.00161465 -0.0130507 0.00452577 -0.000203457 -0.0235551 0.0140435 0.000539085 0.0018325 -0.00165939 -0.00953542 0.00365843 0.00747912 -0.016507
internal_weight=111.944 105.829 10.7187 4.22255 95.1103 6.49618 6.11491 93.3406 85.1515 61.1363 24.3215 36.8148 31.4796 5.33523
internal_count=3623 3492 327 137 3165 190 131 3131 1808 1351 691 660 581 79
is_linear=0
shrinkage=0.05


Tree=281
num_leaves=15
num_cat=0
split_feature=20 17 17 20 0 14 0 14 17 0 16 16 20 7
split_gain=0.889431 2.63153 1.30937 2.99779 1.71131 1.83816 1.46627 1.53854 1.39287 1.29418 1.28963 1.27814 2.58242 1.2044
threshold=0.10503381000000002 0.0066714933500000009 0.0045417656500000006 0.080423944000000011 0.014697743000000001 0.95186515500000013 0.014945580000000002 0.35604829000000005 0.0021042058000000003 0.015530677000000001 59.807210000000005 59.399861000000008 0.10945155000000002 0.95722294500000016
decision_type=2 2 2 2 2 2 2 2 2 2 2 2 2 2
left_child=2 -2 3 6 -4 -6 7 10 -8 -3 -1 12 -11 -10
right_child=1 9 4 -5 5 -7 8 -9 13 11 -12 -13 -14 -15
leaf_value=-0.027897481053294589 -0.029844887895636548 -0.017189655198941174 0.033635511690279826 -0.037445123401924928 -0.00088531045905248054 0.036020072396268518 -0.015389219615165607 0.010208049955796265 0.02002681485819393 0.036773659570330998 0.010107630912223005 0.020026115350949104 -0.037297424218502719 0.00075335190993034069
leaf_weight=8.5756615079299099 7.358606448920912 4.3531882828392581 6.1940296793909537 4.0423080142354584 19.821716863662008 3.0551580344326785 4.5087279004801522 6.0276639485673504 18.529333340469748 0.88269694894552175 2.3414359352027523 10.075311915599739 2.3213662256603129 13.995368237141518
leaf_count=307 168 127 266 158 248 70 408 958 267 5 143 143 91 205
internal_value=0.00143679 -0.00670729 0.00382337 -0.00055577 0.0122912 0.00534548 0.00283763 -0.00900676 0.00835139 0.00403226 -0.0195822 0.0117057 -0.0129981 0.0120033
internal_weight=112.083 24.9912 87.0914 58.0205 29.0709 22.8769 53.9782 16.9448 37.0334 17.6326 10.9171 13.2794 3.20406 32.5247
internal_count=3564 534 3030 2446 584 318 2288 1408 880 366 450 239 96 472
is_linear=0
shrinkage=0.05


Tree=282
num_leaves=15
num_cat=0
split_feature=22 22 19 20 21 19 0 9 8 10 21 9 11 0
split_gain=0.704563 1.611 1.48862 1.38444 1.56704 1.14442 1.09109 1.08177 0.925821 1.46012 0.926728 0.902331 0.80641 0.79301
threshold=0.95716270500000011 0.75672024000000004 0.21532974000000002 0.10322841500000002 0.60312914000000017 0.22184936500000002 0.019905089500000004 3.4500000000000006 0.44739724000000003 0.46490633500000006 0.65430170500000007 3.6333333500000005 0.16984710500000003 0.020856280000000001
decision_type=2 2 2 2 2 2 2 2 2 2 2 2 2 2
left_child=1 5 8 4 11 -1 -4 -6 10 -10 -3 -2 13 -13
right_child=3 2 6 -5 7 -7 -8 -9 9 -11 -12 12 -14 -15
leaf_value=0.0062988184129670237 0.020146674509999088 0.027971561610288048 0.02680706536844718 -0.013228444415114549 -0.020804863885852606 -0.028760906566295208 -0.0088257832465915217 0.016758721301940713 -0.026724789076408448 0.020150263775100166 -0.014498235337411082 -0.0063280012027942248 -0.03250821876563606 0.019715617817040659
leaf_weight=3.8462569550028993 2.5449868789000893 2.6534469729667784 12.909805991817846 20.945952556707198 1.2917060040927051 3.9352695925917942 2.0433033630251876 17.059562027454376 4.6191917038522661 1.5179046085104344 1.2167936686309984 32.524862330232281 1.752579372114268 2.2317780451849094
leaf_count=47 510 99 452 483 81 65 26 273 67 26 26 1341 60 49
internal_value=3.03074e-05 0.0060821 0.012197 -0.00254343 0.00151503 -0.0126877 0.0216899 0.0131762 -0.00266933 -0.0139322 0.0143839 -0.00415663 -0.00634272 -0.00415109
internal_weight=111.093 32.742 24.9604 78.3514 57.4055 7.78153 14.9531 18.3513 10.0073 6.1371 3.87024 39.0542 36.5092 34.7566
internal_count=3605 808 696 2797 2314 112 478 354 218 93 125 1960 1450 1390
is_linear=0
shrinkage=0.05


Tree=283
num_leaves=15
num_cat=0
split_feature=3 21 12 12 15 0 13 10 19 13 0 15 21 15
split_gain=1.04488 0.875655 0.602006 0.633328 0.935496 0.735494 1.69804 1.14318 1.43987 0.979643 0.947353 0.825373 0.867027 0.669877
threshold=25.867864500000003 0.60630993500000008 2.6678022000000001 2.4066622500000006 0.045199182500000011 0.018034371500000004 0.62341058000000016 0.31030600500000005 0.25324894500000006 0.61261060000000012 0.017924854 0.016877938000000006 0.53370012500000008 0.033195592000000003
decision_type=2 2 2 2 2 2 2 2 2 2 2 2 2 2
left_child=2 -2 3 4 5 10 9 -8 -9 11 13 -7 -13 -1
right_child=1 -3 -4 -5 -6 6 7 8 -10 -11 -12 12 -14 -15
leaf_value=-0.0053029247397331329 -0.035342707956479043 0.004426812058071934 0.023120341298642579 -0.018749200129701504 0.020744206443400259 0.013420769566989336 -0.017053970616997004 0.030383883795757929 -0.013539966094272963 -0.029593451730617629 -0.035138053668265501 0.019846100051010045 -0.014083682873386306 0.0097885891958738609
leaf_weight=56.777848872327013 3.1049253953970029 1.7837311376351861 1.5508721561636765 4.0496759351517531 3.8946161263447712 6.1396208544029021 1.3113728407188308 9.5445190093014372 1.6624465224158473 2.3405161728151134 1.4651119643240225 1.3971922099299252 9.0879920418374223 7.4918388622027114
leaf_count=1605 69 32 39 117 936 112 30 148 35 40 26 46 156 237
internal_value=-0.00203755 -0.0225444 -0.000897533 -0.00146618 -0.000597144 -0.00165459 0.00453694 0.0181173 0.0232928 -0.00488544 -0.00464357 7.47834e-05 -0.00822809 -0.00342071
internal_weight=111.602 4.88866 106.714 105.163 101.113 97.2185 31.4837 12.5183 11.207 18.9653 65.7348 16.6248 10.4852 64.2697
internal_count=3628 101 3527 3488 3371 2435 567 213 183 354 1868 314 202 1842
is_linear=0
shrinkage=0.05


Tree=284
num_leaves=15
num_cat=0
split_feature=13 13 13 17 21 17 17 16 17 17 11 17 16 17
split_gain=0.636474 0.59429 1.15954 1.11526 1.29221 0.989094 0.987141 0.997886 2.03163 2.07993 1.71964 1.53351 1.50052 1.37923
threshold=0.91430377000000007 0.57017408500000011 0.54962891500000011 0.0024262726000000004 0.57221738000000011 0.0029143062500000005 0.0068466236000000007 59.298369500000007 0.0054134777000000005 0.0032561661500000003 0.12309334500000001 0.0037421708500000005 60.225696000000006 0.0025045454500000008
decision_type=2 2 2 2 2 2 2 2 2 2 2 2 2 2
left_child=1 2 3 -1 -5 -4 7 -3 9 12 -10 -11 13 -9
right_child=-2 6 5 4 -6 -7 -8 8 10 11 -12 -13 -14 -15
leaf_value=0.018420893788508561 0.022950045471800087 -0.00029351843706941082 -0.0026727437731987463 -0.022392757916434844 0.0021681090783084679 0.034831905620264884 0.011772857927361165 0.01330751390892719 0.0054146114284770756 0.039034410212115359 -0.038772500168925743 -0.00614585987191323 0.017039976055869779 -0.044906505902129829
leaf_weight=5.9532080828212193 2.0396772730164221 36.785966379189631 2.4802869455888858 6.1067116652557187 21.144108420936391 4.0918685827637091 8.7232034189510141 0.83273107398417945 2.6189178370404971 3.224222669377923 7.9947043226566166 2.9563445892417803 1.413763373653637 3.2827894203364849
leaf_count=985 41 812 110 212 645 69 185 187 39 52 84 73 57 45
internal_value=0.000386547 -0.000248506 0.0045373 0.000495739 -0.00393362 0.0221942 -0.00307999 -0.00543132 -0.0135221 0.00108336 -0.0283419 0.0195771 -0.019421 -0.0328287
internal_weight=109.649 107.609 39.7762 33.204 27.2508 6.57216 67.8326 59.1094 22.3235 11.7099 10.6136 6.18057 5.52928 4.11552
internal_count=3596 3555 2021 1842 857 179 1534 1349 537 414 123 125 289 232
is_linear=0
shrinkage=0.05


Tree=285
num_leaves=15
num_cat=0
split_feature=20 17 16 12 3 13 17 16 20 17 19 9 20 17
split_gain=0.76889 1.6948 1.3132 1.39054 1.21338 1.19752 1.17269 2.12713 1.27388 1.16435 0.950728 0.884513 1.27485 2.53611
threshold=0.10607253000000001 0.0067224302500000005 50.074187000000009 0.54574598500000016 18.738570500000005 0.67614743500000019 0.0059791553500000002 59.776466000000006 0.10310140500000002 0.005836314950000001 0.20055866000000003 5.7083333500000011 0.07849097250000002 0.0032561661500000003
decision_type=2 2 2 2 2 2 2 2 2 2 2 2 2 2
left_child=6 10 -3 5 -5 -4 8 -8 9 11 -2 -1 13 -13
right_child=1 2 3 4 -6 -7 7 -9 -10 -11 -12 12 -14 -15
leaf_value=0.0079350283826267742 0.0054910685831055109 -0.026173257823226409 0.033222513452865289 0.013299935254448742 -0.034721956522608462 -0.004873135505617408 0.031530642234871668 -0.010982390872766316 -0.024687124982941219 0.026258612318208408 -0.039047522449874826 -0.005021275438164375 -0.014248784685156385 0.026781416239509373
leaf_weight=22.178800619192771 1.2541967373108516 2.4705245873192316 4.7461670193588343 1.651511285279412 1.9210987382102755 2.8617824458051473 6.9813197138719243 4.0141263472032733 4.0490855396492398 3.3846545026026424 4.3482233125250787 28.399963938834844 17.835293892771006 6.9727235892787567
leaf_count=1302 32 100 93 53 32 46 168 54 34 76 122 1102 339 82
internal_value=-0.000112682 -0.008955 0.00102974 0.00869597 -0.0144691 0.0199912 0.0017773 0.0163886 -0.000334913 0.00121064 -0.0297553 -0.000242975 -0.00373533 0.00181168
internal_weight=113.069 19.2535 13.6511 11.1806 3.57261 7.60795 93.816 10.9954 82.8205 78.7714 5.60242 75.3868 53.208 35.3727
internal_count=3635 478 324 224 85 139 3157 222 2935 2901 154 2825 1523 1184
is_linear=0
shrinkage=0.05


Tree=286
num_leaves=15
num_cat=0
split_feature=20 17 0 11 18 17 12 0 20 17 17 10 22 20
split_gain=0.952855 1.91517 0.83014 0.793938 1.05711 0.851245 1.61253 1.47626 1.07212 1.44765 1.57046 1.04117 1.49192 1.28457
threshold=0.10687178000000001 0.0067674246500000002 0.015582206500000003 0.14096000500000003 3.2610354000000003e-05 0.0057897354500000007 0.40175392000000004 0.015979486000000005 0.10086051500000003 0.0048566131500000003 0.0037421708500000005 0.3284849600000001 1.0752584000000003 0.074649112500000017
decision_type=2 2 2 2 2 2 2 2 2 2 2 2 2 2
left_child=3 -2 -3 4 -1 8 7 -7 9 10 11 -6 -13 -14
right_child=1 2 -4 -5 5 6 -8 -9 -10 -11 -12 12 13 -15
leaf_value=-0.018055716291191078 -0.037193623032455603 -0.018870402597129625 0.0061028498673036669 0.010208482292541201 0.012676889064204298 0.019487016674279989 0.025774936761320845 -0.020638623922841881 -0.024186427592367856 0.025603952064274727 -0.028858718383031324 -0.012862545951703483 0.023494342557458171 -0.01047590206930637
leaf_weight=7.032188321783905 4.0433357518631992 3.6916905618272713 10.472530262544749 19.452821322294767 11.673677203943951 2.8427061667607614 7.7465707225928782 4.772110790014267 3.9298182346392414 4.072924008985864 4.0445994241745202 17.945165253186136 5.9966222161019669 3.8644589181058109
leaf_count=848 141 119 208 1014 345 36 200 43 34 152 107 241 129 53
internal_value=-0.000583259 -0.0107301 -0.00122123 0.00148807 -0.000912395 0.00112934 0.0110747 -0.00513598 -0.00198996 0.000302638 -0.00258688 0.000751019 -0.00452199 0.0104429
internal_weight=111.581 18.2076 14.1642 93.3737 73.9208 66.8887 15.3614 7.61482 51.5273 47.5974 43.5245 39.4799 27.8062 9.86108
internal_count=3670 468 327 3202 2188 1340 279 79 1061 1027 875 768 423 182
is_linear=0
shrinkage=0.05


Tree=287
num_leaves=15
num_cat=0
split_feature=22 22 11 22 7 18 11 7 11 12 19 19 0 12
split_gain=0.823235 1.52442 2.10694 1.9336 1.73228 1.12839 1.35546 0.919423 1.53929 1.3002 0.909885 1.34025 1.2311 1.15876
threshold=0.95716270500000011 0.98535469500000017 0.11503625500000002 0.99376083000000015 0.96811249500000007 9.2119774500000026e-05 0.13807340000000004 0.96958861000000007 0.12758656000000004 0.30797674500000005 0.24722188000000003 0.23398510000000003 0.019468581000000002 0.51119263500000012
decision_type=2 2 2 2 2 2 2 2 2 2 2 2 2 2
left_child=5 2 -2 -3 -4 6 -1 9 -9 -7 11 12 -5 -14
right_child=1 3 4 10 -6 7 -8 8 -10 -11 -12 -13 13 -15
leaf_value=-0.014923239645714665 0.025992975211124598 0.031201180514978735 -0.040592823007648042 -0.0064518816354281958 0.018220511532743976 -0.0081636874201554532 0.021810584608314299 0.01291748362915386 -0.03463394762088564 0.02571796859994422 -0.014368380967142845 0.017610229027635777 0.026945575542391981 -0.011008530310438648
leaf_weight=8.5219735540304082 1.1815292746759931 3.746946875791763 6.0728257382288575 37.259787563496502 0.91665057235513803 3.0277487616986098 2.4502931420865925 4.1157984227029365 1.5602281255269188 13.203649562783538 10.879754900437545 8.8656045621028152 4.9378465015324755 2.3629971379414201
leaf_count=208 19 83 87 796 145 32 191 118 27 225 1354 199 92 39
internal_value=0.000679157 -0.00217804 -0.0213149 0.000395095 -0.0315645 0.00717168 -0.00558339 0.0135249 -0.00338338 0.0192908 -0.00185018 0.000916194 -0.00271881 0.014815
internal_weight=109.104 76.2239 8.17101 68.0529 6.98948 32.8797 10.9723 21.9074 5.67603 16.2314 64.306 53.4262 44.5606 7.30084
internal_count=3615 2814 251 2563 232 801 399 402 145 257 2480 1126 927 131
is_linear=0
shrinkage=0.05


Tree=288
num_leaves=15
num_cat=0
split_feature=16 20 18 18 9 14 14 18 9 9 17 20 20 19
split_gain=0.605301 1.3109 1.62477 1.53159 1.05495 0.913402 1.16046 1.08247 0.91654 0.908964 1.11705 2.08277 0.793786 1.28598
threshold=60.01565750000001 0.10354431000000001 3.0345258000000004e-05 0.00020325504000000003 6.7083333500000011 0.95366726000000013 0.9371044300000001 0.00017923098000000002 8.4166666500000016 14.750000000000002 0.0031521934000000008 0.069962455000000021 0.061286753000000006 0.25324894500000006
decision_type=2 2 2 2 2 2 2 2 2 2 2 2 2 2
left_child=5 2 -2 -3 -5 6 12 -7 -9 10 11 -4 13 -1
right_child=1 3 9 4 -6 7 -8 8 -10 -11 -12 -13 -14 -15
leaf_value=0.03604511791876034 -0.020563659044869897 -0.027437212349306735 0.031184806006529998 -0.016465603344645193 0.022780681977598527 0.019658068847299853 -0.026464098842183117 0.012003755062384165 -0.026353548015599533 -0.010686792976224496 0.038306237407317131 -0.03296299228219008 -0.0046028565430716768 -0.011993973436873105
leaf_weight=2.1589833944744892 1.7728152101917682 4.1255079366383125 1.7471274482377324 1.8147595556220038 3.7062436691485345 7.7085405307443562 4.872053884289925 2.1153978536021896 2.3146281336667016 1.2303343806415785 6.6339107558305841 1.3486738242208955 68.918800166196888 1.8095666718145365
leaf_count=83 327 104 50 25 45 291 191 47 52 22 160 18 1305 916
internal_value=-0.0011985 0.0059906 0.016007 -0.00749212 0.00933364 -0.00303438 -0.00504139 0.00922759 -0.00919991 0.0231471 0.0280227 0.00201409 -0.00327063 0.0161351
internal_weight=112.277 22.3794 12.7329 9.64651 5.521 89.898 77.7594 12.1386 4.43003 10.96 9.72971 3.0958 72.8874 3.96855
internal_count=3636 751 577 174 70 2885 2495 390 99 250 228 68 2304 999
is_linear=0
shrinkage=0.05


Tree=289
num_leaves=15
num_cat=0
split_feature=13 13 16 0 0 18 15 14 17 12 0 19 15 18
split_gain=0.914739 1.28126 0.995484 1.88702 0.988561 0.985304 0.930438 1.41851 1.53588 1.03636 1.35749 1.23504 1.02732 0.818387
threshold=0.62341058000000016 0.57139120500000018 30.020661000000004 0.017013303500000004 0.023489716000000004 5.1513116500000008e-05 0.016597796500000001 0.30040650500000005 0.0056031558000000006 0.36888717500000007 0.018166333000000003 0.23055315500000004 0.034632684000000004 0.00011243943000000002
decision_type=2 2 2 2 2 2 2 2 2 2 2 2 2 2
left_child=1 4 3 5 -1 -3 9 12 -9 -2 11 -11 -8 -7
right_child=6 2 -4 -5 -6 13 7 8 -10 10 -12 -13 -14 -15
leaf_value=0.0035361193081082814 0.0073715276673563986 0.016185275508337541 -0.020328099283395018 0.02262310915624097 -0.034255044722982839 -0.041488414987269677 0.034488086552531765 -0.025331060501385061 0.022632828360172236 -0.034973733888120265 0.01347921618102137 0.0081375624147693709 -0.005456675262030101 -0.0046289218133988659
leaf_weight=40.887623129412532 18.703843434108425 1.180911402450876 14.231216025975298 4.2595141027704813 0.8080690125352693 2.4145195728633553 7.1632520381535851 2.8402219471463459 1.9825761171523479 4.8149525678600167 2.9059443364385515 1.871692265209276 1.6955690971808506 3.2064077504910529
leaf_count=2059 418 75 414 76 12 40 133 70 40 64 41 103 27 58
internal_value=0.000224263 -0.00338715 -0.0120365 -0.00056784 0.00201857 -0.016129 0.00593205 0.0161463 -0.00511314 0.000610807 -0.0120228 -0.0234175 0.0270647 -0.0243371
internal_weight=108.966 66.9883 25.2926 11.0614 41.6957 6.80184 41.9781 13.6816 4.8228 28.2964 9.59259 6.68664 8.85882 5.62093
internal_count=3630 2734 663 249 2071 173 896 270 110 626 208 167 160 98
is_linear=0
shrinkage=0.05


Tree=290
num_leaves=15
num_cat=0
split_feature=22 20 16 20 8 8 12 0 20 16 16 16 20 16
split_gain=0.556724 0.639528 1.63322 1.83833 1.43624 1.10926 0.761601 1.02057 0.778346 0.666854 0.999232 1.65363 1.65665 7.75303
threshold=1.3911645500000003 0.061731599500000005 25.130637500000002 0.067954421000000001 0.34975820500000004 0.88772504500000016 0.37083273500000008 0.023489716000000004 0.042721384000000008 60.279294000000007 59.984685500000005 59.867350000000009 0.075371021000000024 50.62977200000001
decision_type=2 2 2 2 2 2 2 2 2 2 2 2 2 2
left_child=1 6 4 -4 -3 -6 -1 8 -8 10 11 12 13 -5
right_child=-2 2 3 9 5 -7 7 -9 -10 -11 -12 -13 -14 -15
leaf_value=-0.010743905032286807 -0.025956322731483451 0.0094837207878215868 0.02944521539584978 0.046112431467444974 -0.036058169303073775 -0.0040912639229458477 -0.0064796753250507657 -0.024227992807004963 0.04000513235040154 -0.014044241850422814 0.012064712210488493 -0.026620783704510865 -0.0035555351591347846 -0.044403189539124602
leaf_weight=1.669179918069857 1.3353118259110477 3.4208350448752745 4.1471819610742378 6.4835978846531344 7.0409274077974242 4.5243048518896103 0.83339825694565695 0.24672004161402572 3.0892210914753377 8.1935553262446756 13.480644756782565 5.3859571065258924 48.657558620048803 2.5431316923350096
leaf_count=66 872 75 127 147 95 51 543 2 125 161 269 104 989 32
internal_value=-0.00178539 -0.00125943 -0.00221464 0.000426629 -0.0169283 -0.0248736 0.0135741 0.0235048 0.030819 -0.00132031 0.000205117 -0.0024785 0.000190875 0.018726
internal_weight=111.052 109.716 103.878 88.8916 14.9861 11.5652 5.83852 4.16934 3.92262 84.7444 76.5509 63.0702 57.6843 9.02673
internal_count=3658 2786 2050 1829 221 146 736 670 668 1702 1541 1272 1168 179
is_linear=0
shrinkage=0.05


Tree=291
num_leaves=15
num_cat=0
split_feature=19 19 23 23 23 11 9 13 1 17 19 12 9 14
split_gain=0.927645 1.23224 1.22676 1.1143 1.90398 1.57824 1.68454 1.3245 0.953094 0.991162 0.989111 0.899428 0.861379 0.826491
threshold=0.22357395000000002 0.22917482000000003 -0.15944054999999999 -0.37454740999999997 0.209358185 0.13807340000000004 12.416666500000002 0.62911270500000016 0.97837774500000008 0.0022275554000000006 0.22184936500000002 0.48074987500000005 12.166666500000002 0.32709790500000008
decision_type=2 2 2 2 2 2 2 2 2 2 2 2 2 2
left_child=3 2 -2 5 12 6 7 13 -6 -10 -11 -4 -5 -1
right_child=1 -3 11 4 8 -7 -8 -9 9 10 -12 -13 -14 -15
leaf_value=0.014865746253009699 0.0057691470631879849 -0.0011190939884197942 -0.037360475195063469 0.029173603158679551 0.021864515199792683 0.021169748739665102 0.017815268967062838 -0.044957348054908509 0.025975944417857701 -0.0099599015758035578 0.018396064437200554 0.0015933172975140894 -0.0071366485362471576 -0.018531675122642137
leaf_weight=1.920132702216504 3.1445753123261966 44.331872378927073 5.862562377995344 10.371725691889877 3.6507440819696084 2.9551375872979397 2.3380185617133966 3.4535829785163514 1.7162048704922224 19.884114915097602 2.6650467705330803 1.7886324199789667 1.5033004279248405 4.4432336758909514
leaf_count=24 73 2260 89 205 139 72 41 44 34 375 41 49 22 151
internal_value=-0.000429636 -0.00496663 -0.0193319 0.00413342 0.0084712 -0.00710651 -0.0150678 -0.0238222 0.00109492 -0.00277159 -0.00596969 -0.0291226 0.0243797 -0.00780381
internal_weight=110.029 55.1276 10.7958 54.9012 39.7911 15.1101 12.155 9.81695 27.9161 24.2654 22.5492 7.65119 11.875 6.36337
internal_count=3619 2471 211 1148 816 332 260 219 589 450 416 138 227 175
is_linear=0
shrinkage=0.05


Tree=292
num_leaves=15
num_cat=0
split_feature=16 20 18 3 3 22 19 20 19 17 16 20 16 16
split_gain=0.799693 1.86477 1.22417 1.57258 1.67753 1.34509 1.14524 1.10385 2.04666 1.40126 4.80439 1.09775 3.17188 2.47897
threshold=29.892942000000001 0.061286753000000006 4.641773850000001e-05 23.643038000000004 16.898298000000004 0.93803509000000018 0.25324894500000006 0.067954421000000001 0.29531531500000002 0.0030039902500000001 50.62977200000001 0.10177639500000001 59.826603000000006 30.154036500000004
decision_type=2 2 2 2 2 2 2 2 2 2 2 2 2 2
left_child=1 6 -3 4 -4 -6 -1 8 -2 10 -9 13 -13 -11
right_child=7 2 3 -5 5 -7 -8 9 -10 11 -12 12 -14 -15
leaf_value=0.037426580010165293 0.041791608164677065 0.011619859784786917 0.0033811303127987825 0.013269578215828949 -0.0050035542713821428 -0.039813093394058537 -0.010757254479225459 0.03812670944301029 -0.018883821788146331 -0.0047022902091367405 -0.041740403540446037 0.010288909401800808 -0.018854686070444077 0.022399578944950177
leaf_weight=2.4867214167607048 3.2635909688833626 3.8349546331737683 4.6566124882374487 3.0499046873301259 4.1815104000270358 9.6648219143971783 1.3462042521568944 1.8056270059314545 1.3617997370020019 15.538379075660485 5.2188512911088765 19.691520853360998 16.0455124945438 16.74145728527219
leaf_count=109 114 64 106 40 44 141 296 27 1096 334 81 464 276 410
internal_value=-0.000219385 -0.00715471 -0.0121828 -0.0167455 -0.0221197 -0.0303459 0.0217792 0.00238156 0.0237464 0.000769716 -0.0190178 0.00305923 -0.00295328 0.0096044
internal_weight=108.887 29.2207 25.3878 21.5528 18.5029 13.8463 3.83293 79.6667 4.62539 75.0413 7.02448 68.0169 35.737 32.2798
internal_count=3602 800 395 331 291 185 405 2802 1210 1592 108 1484 740 744
is_linear=0
shrinkage=0.05


Tree=293
num_leaves=15
num_cat=0
split_feature=20 17 20 20 17 21 17 20 16 16 20 9 16 19
split_gain=0.91613 1.66695 2.13458 1.7084 1.49798 1.37681 1.05224 1.22541 2.06523 1.73358 1.34454 2.48271 1.15971 0.90772
threshold=0.078237381500000022 0.0031207643500000006 0.074158984000000011 0.072736333000000014 0.0034985199000000006 0.59248007000000003 0.0029143062500000005 0.067954421000000001 59.298369500000007 59.298369500000007 0.062769538500000013 5.7083333500000011 29.872106500000005 0.29531531500000002
decision_type=2 2 2 2 2 2 2 2 2 2 2 2 2 2
left_child=1 2 6 -3 -2 -5 7 9 12 10 -1 -12 -9 -11
right_child=4 3 -4 5 -6 -7 -8 8 -10 13 11 -13 -14 -15
leaf_value=0.013111533696140685 -0.035384461881881789 -0.017414885880808615 -0.040895341699077076 0.040706827698431529 -0.0021124949774753315 0.0037959489574696174 0.027338142927373188 -0.016881674660058753 -0.037333755867404769 0.041204059841313166 0.012089149863412928 -0.032097825692967416 0.036889938499035817 -0.010969568779633282
leaf_weight=8.1308330140455052 2.6013736499298821 1.8562809537106648 2.0243940016953266 6.3509438341716287 59.029388959970674 4.1902821096009575 2.9129225448996285 0.99736459949053768 3.8859259909950197 3.1289198641898106 5.118714981043011 5.9357033157721162 1.2843901292653752 0.59446217103686638
leaf_count=972 54 27 37 151 1310 59 64 46 64 113 64 65 11 588
internal_value=-9.09194e-05 0.00515344 -0.000710107 0.0200928 -0.00405942 0.0276345 0.00299553 -0.000271038 -0.0183962 0.00517411 -0.00143331 -0.0123317 0.015404 0.0323153
internal_weight=108.042 46.4111 34.0136 12.3975 61.6308 10.5412 31.9892 29.0763 6.16768 22.9086 19.1853 11.0544 2.28175 3.72338
internal_count=3625 2261 2024 237 1364 210 1987 1923 121 1802 1101 129 57 701
is_linear=0
shrinkage=0.05


Tree=294
num_leaves=15
num_cat=0
split_feature=18 19 12 0 17 17 13 9 8 20 17 11 17 20
split_gain=0.741248 0.980228 0.650992 1.2213 1.05555 1.04131 1.03642 1.05864 0.932951 0.912882 1.94596 1.12836 2.08126 1.57239
threshold=0.00035992960500000007 0.21073191000000002 0.37834802500000003 0.015958009000000006 0.0045417656500000006 0.0057380459000000014 0.6397840800000002 8.833333350000002 0.44316280500000005 0.078237381500000022 0.0035259032000000004 0.10318708500000001 0.0031207643500000006 0.063898661000000009
decision_type=2 2 2 2 2 2 2 2 2 2 2 2 2 2
left_child=2 -2 3 4 8 -5 -7 -8 -1 11 -11 -4 13 -13
right_child=1 -3 9 5 -6 6 7 -9 -10 10 -12 12 -14 -15
leaf_value=0.010202669700065932 -0.012628637430179552 0.022156088867369094 -0.01979823890014391 -0.0061769582684054643 0.021017744523720714 -0.044312724711853733 -0.026238263811033877 0.017239168641121006 -0.022501951677814741 -0.036585747803222213 -0.00072772974199309737 0.017941977119797958 0.031976820941201745 -0.0094966504921508797
leaf_weight=3.343698111450065 2.1217291011998887 5.8169262576993788 2.6344540255668134 14.599381095846185 4.6555799360212404 3.7923840367002404 1.9969519660808148 1.7003261945210395 3.5654046061390545 3.2811957369849543 32.932080446815235 7.6345771315682276 6.7909887815767425 12.224129644571802
leaf_count=172 56 128 47 261 94 53 28 27 144 52 833 1261 166 267
internal_value=-0.00132805 0.0124866 -0.00254777 -0.00809002 0.00481145 -0.0147604 -0.0287935 -0.00683022 -0.00738557 0.000378775 -0.00487257 0.00681914 0.0100713 0.00140644
internal_weight=107.09 7.93866 99.1512 33.6537 11.5647 22.089 7.48966 3.69728 6.9091 65.4974 36.2133 29.2841 26.6497 19.8587
internal_count=3589 184 3405 779 410 369 108 55 316 2626 885 1741 1694 1528
is_linear=0
shrinkage=0.05


Tree=295
num_leaves=15
num_cat=0
split_feature=7 11 8 20 17 8 0 15 16 22 9 20 17 16
split_gain=0.80897 1.40232 1.42619 1.00784 0.913649 0.878852 0.798122 0.957215 0.746661 0.996738 0.723701 0.736419 2.71686 1.52596
threshold=0.96555148000000013 0.13861438000000004 0.35189707500000006 0.063123610000000011 0.0021042058000000003 0.44001128000000006 0.0097945850000000015 0.04702240550000001 25.008053500000006 0.87664407000000011 18.750000000000004 0.076390651000000018 0.0033639073000000003 49.662100500000008
decision_type=2 2 2 2 2 2 2 2 2 2 2 2 2 2
left_child=6 3 -3 4 -2 8 -1 10 -5 -10 11 13 -13 -8
right_child=1 2 -4 5 -6 -7 7 -9 9 -11 -12 12 -14 -15
leaf_value=-0.027446294160888882 -0.013470977327991102 -0.010842472418288375 0.034543832384285517 -0.033658169335447775 0.029755383849064055 -0.028403840404305089 0.020083725433004643 -0.019432614455812663 -0.021607554525753157 0.0036986238366937467 -0.018922584558352051 -0.03361304382588505 0.0063231631047216963 -0.0090644400507985962
leaf_weight=1.0840454543940712 1.3351211166300374 2.4224684645450898 2.9452855085837655 1.4149749154457882 1.909686110448092 6.5528552673058575 17.834282578231072 3.170208548923255 4.4544806045305476 12.818701824886373 2.0260121639003037 3.716813512146472 43.263945781160146 5.248158526752376
leaf_count=19 264 541 70 34 48 79 594 106 103 523 49 44 777 399
internal_value=0.000352609 -0.00597534 0.0155749 -0.0104267 0.0129859 -0.0138166 0.00319963 0.00399518 -0.00751881 -0.00365277 0.00527723 0.00623344 0.00252897 0.0133552
internal_weight=110.197 33.8536 5.36775 28.4858 3.24481 25.241 76.3435 75.2594 18.6882 17.2732 72.0892 70.0632 46.9808 23.0824
internal_count=3650 1662 611 1051 312 739 1988 1969 660 626 1863 1814 821 993
is_linear=0
shrinkage=0.05


Tree=296
num_leaves=15
num_cat=0
split_feature=22 17 16 20 17 22 20 17 16 22 12 18 20 18
split_gain=0.797599 1.03082 0.785269 1.23354 1.58931 2.23615 1.791 1.8422 1.2899 1.22028 1.05057 0.966072 0.965746 1.21021
threshold=1.1454866500000003 0.00018579475000000002 60.01565750000001 0.10869161000000001 0.0061305935500000014 0.86090280000000019 0.10376621000000001 0.0058598260000000011 59.455620500000009 1.0960644000000002 2.0313267000000006 0.00019789351500000001 0.061286753000000006 0.00014831025000000003
decision_type=2 2 2 2 2 2 2 2 2 2 2 2 2 2
left_child=2 -2 3 4 6 -6 7 9 -5 10 12 -4 -1 -14
right_child=1 -3 11 8 5 -7 -8 -9 -10 -11 -12 -13 13 -15
leaf_value=0.028119474882253161 -0.0246938810799124 0.012290234027404723 -0.002075549668908082 -0.040888982038783134 -0.024566874496361513 0.035189130168409452 -0.036191839279266259 0.029878739637708103 -0.00033835265017549947 -0.025224348940937294 -0.018368377798996208 0.020676910031892305 -0.0073388943800170919 0.010920593106348816
leaf_weight=2.199724323800182 1.1469993525533961 19.444203460952849 10.68812810398231 3.3316124851698978 1.337795003899372 4.8519470959727187 3.0888960827141991 3.2466297868086249 3.6142872482305393 5.1920533499796866 6.7356114914000491 7.062550028669647 23.215426194889005 13.515182109957093
leaf_count=329 921 428 347 131 17 105 35 99 82 147 248 113 421 224
internal_value=0.000564455 0.00918181 -0.00153056 -0.00390852 -0.00155498 0.0206534 -0.00427208 -0.00182603 -0.0224866 -0.00438711 -0.00152823 0.00759702 0.00177245 -0.000508872
internal_weight=108.671 20.5912 88.0798 70.3292 63.3833 6.18974 57.1935 54.1046 6.9459 50.858 45.6659 17.7507 38.9303 36.7306
internal_count=3647 1349 2298 1838 1625 122 1503 1468 213 1369 1222 460 974 645
is_linear=0
shrinkage=0.05


Tree=297
num_leaves=15
num_cat=0
split_feature=20 17 3 10 20 16 16 20 16 20 19 3 3 7
split_gain=0.651753 2.5434 1.14351 1.34342 1.20392 2.24101 1.13101 1.38254 1.29252 1.56838 1.29628 1.18208 0.989457 1.82376
threshold=0.10310140500000002 0.0060114085500000006 19.940508000000005 0.28213372500000006 0.10915670500000001 59.506820000000012 29.995760500000003 0.078237381500000022 29.852614500000005 0.063602257000000009 0.17374531500000004 16.732150000000004 17.927691000000003 0.93835341000000005
decision_type=2 2 2 2 2 2 2 2 2 2 2 2 2 2
left_child=6 -2 3 -3 -5 -6 7 8 9 12 -11 -9 13 -1
right_child=1 2 -4 4 5 -7 -8 11 -10 10 -12 -13 -14 -15
leaf_value=-0.042407718163154071 -0.037910702307364756 -0.022388179386526649 -0.012603056451136421 0.029089018151924845 -0.034320261389764337 0.016108811555387029 0.0072316130678402096 0.016109981176631309 0.021489324736635982 0.019114719125715267 -0.024107902918836591 -0.028923618828624195 0.019788818559564516 0.012680943305831263
leaf_weight=1.3777551750827166 4.4519980008481097 2.2082872718456263 10.590789532288907 5.829664864082587 2.1783768771565502 6.1810048707411624 41.048197907191934 1.1044689889531563 4.9827382728399234 1.3102388415136363 9.302294558961874 7.0018574597779661 6.3928148100385442 3.2304442040622234
leaf_count=41 65 119 238 72 81 107 1849 50 285 24 162 120 165 254
internal_value=-0.000825696 -0.00676117 -0.000451767 0.00766987 0.0135139 0.000704612 0.0016938 -0.00487572 0.000850251 -0.00464771 -0.0175851 -0.0216926 0.00825813 -0.00841431
internal_weight=107.191 31.4401 26.9881 16.3973 14.189 8.35938 75.7508 34.7026 26.5963 21.6135 10.6125 8.10633 11.001 4.6082
internal_count=3632 682 617 379 260 188 2950 1101 931 646 186 170 460 295
is_linear=0
shrinkage=0.05


Tree=298
num_leaves=15
num_cat=0
split_feature=14 13 7 0 18 17 9 14 7 13 0 23 0 0
split_gain=0.742456 0.932918 0.710065 1.22934 1.82125 1.12786 0.744095 1.43924 0.903405 1.57088 0.775356 0.753127 1.06432 1.34035
threshold=0.14051282000000004 0.87977082500000015 0.5555263450000002 0.016852427000000003 9.5415383500000006e-05 0.0026840837000000005 3.4500000000000006 0.30210618500000003 0.92186276000000011 0.090550892000000008 0.017199862500000003 -0.63013647999999989 0.019468581000000002 0.021248284500000002
decision_type=2 2 2 2 2 2 2 2 2 2 2 2 2 2
left_child=-1 2 3 4 -2 -5 7 -4 9 -8 -11 -10 -13 -14
right_child=1 -3 6 5 -6 -7 8 -9 11 10 -12 12 13 -15
leaf_value=-0.023521512247447581 -0.0073768914721742147 0.025815584716436132 -0.020516666416026282 0.024048382041691473 0.038327984291133751 -0.016132699307953462 0.0087501331032935007 0.030233430216919543 0.009531552805712537 -0.035955599701080525 -0.0055590474754545587 -0.0065103302819772349 0.025707636325702152 -0.011740491376368649
leaf_weight=2.3552489641006096 3.0510343979403824 2.4835516497550989 1.2279653828009021 1.4286266705894375 4.7832019706256688 5.4586347392760217 4.3517208832781753 3.3683300280536059 12.711890515318364 5.5547198216954694 3.7079651571402792 46.753117650019711 5.2405778350948804 3.1203710256959312
leaf_count=40 134 57 35 42 81 99 137 827 264 171 84 1492 111 68
internal_value=-0.000373441 0.000375213 -0.000499391 0.00928561 0.0217081 -0.00580565 -0.00226113 0.0154315 -0.00343473 -0.014713 -0.0255148 -0.000989999 -0.00354338 0.0119705
internal_weight=105.597 103.242 100.758 14.7215 7.83424 6.88726 86.0367 4.5963 81.4404 13.6144 9.26268 67.826 55.1141 8.36095
internal_count=3642 3602 3545 356 215 141 3189 862 2327 392 255 1935 1671 179
is_linear=0
shrinkage=0.05


Tree=299
num_leaves=15
num_cat=0
split_feature=14 20 16 19 20 17 0 19 10 18 0 3 20 16
split_gain=0.776469 0.862995 2.27462 1.52736 1.12348 1.25529 1.02194 1.00621 1.35995 0.854378 0.825561 1.59024 0.896255 4.32305
threshold=0.14051282000000004 0.063602257000000009 25.253168500000005 0.7972222200000002 0.067954421000000001 0.0028465939500000007 0.012665490000000001 0.19006409000000002 0.31506477500000007 0.00017105681000000004 0.012909028000000001 24.038234500000005 0.076616847000000016 50.62977200000001
decision_type=2 2 2 2 2 2 2 2 2 2 2 2 2 2
left_child=-1 3 7 6 -4 9 -2 -3 -9 -6 11 -7 13 -12
right_child=1 2 4 -5 5 10 -8 8 -10 -11 12 -13 -14 -15
leaf_value=-0.022203982435807984 -0.015051122930322068 0.0092777920873112363 0.028969657553346524 -0.020661116516072595 -0.03734426329162617 0.032041042156271397 0.028031492517379054 0.0055397641385926365 -0.041770496442912301 0.0062639576059241482 0.035431439234514528 -0.022585731305792198 -0.00066627785113228494 -0.032929361572775102
leaf_weight=2.4334751430142196 0.96881342615233634 1.4968662300962003 2.942676158505491 1.7255660271766817 2.3340111248544413 4.4611318140086942 8.3112224303185922 1.7395766310510223 5.0759578499710187 1.3132881317287681 6.5414438210427743 0.97635122039355327 63.039478660037275 2.4330855682492256
leaf_count=42 77 33 101 1391 55 382 148 36 91 12 127 11 1133 27
internal_value=0.00121172 0.00197049 0.000327551 0.0145816 0.00289308 0.00160555 0.0225072 -0.0231362 -0.0305314 -0.0236731 0.00308254 0.0202475 0.00152692 0.0154549
internal_weight=105.793 103.359 92.3539 11.0056 84.0415 81.0988 9.28004 8.3124 6.81553 3.6473 77.4515 5.43748 72.014 8.97453
internal_count=3666 3624 2008 1616 1848 1747 225 160 127 67 1680 393 1287 154
is_linear=0
shrinkage=0.05


Tree=300
num_leaves=15
num_cat=0
split_feature=9 19 18 17 3 0 16 20 20 9 17 14 20 19
split_gain=0.587281 0.850466 0.960401 0.777809 0.743753 0.642781 1.4849 1.52186 1.17247 1.846 1.14193 1.98362 1.10017 1.08363
threshold=12.583333500000002 0.24168449000000003 7.6992770500000009e-05 0.0057642292500000008 18.627838500000006 0.014972707000000002 30.011853500000004 0.10569287000000001 0.067508926000000011 10.416666500000002 0.0031350535500000005 0.25949976000000002 0.061731599500000005 0.22659300500000004
decision_type=2 2 2 2 2 2 2 2 2 2 2 2 2 2
left_child=5 2 -2 -4 -5 6 12 -8 9 13 11 -10 -1 -7
right_child=1 -3 3 4 -6 8 7 -9 10 -11 -12 -13 -14 -15
leaf_value=0.011874783019965297 0.022786334431861142 0.025489996267978751 -0.017781002077110544 0.024627928343860375 -0.0096349468277883918 0.03762058144766068 0.0082635030688904577 -0.029213657613242475 0.019941133448990064 -0.022280268687481161 -0.00024757656385086438 -0.033505469359180966 -0.030757339074029839 0.0059345644594586272
leaf_weight=1.2705615012673677 2.6638603990431902 3.7098312478628932 5.6652352698147279 2.1033594720065594 2.4260142997372895 4.5001175277866405 12.216873855970332 2.4075249210291068 1.6066028987988819 2.1890059607540016 42.857661633344833 5.600017489399761 7.8652261772658676 6.1910308097722009
leaf_count=416 55 231 90 29 46 82 1023 109 22 77 777 117 222 340
internal_value=-0.00104598 0.00731117 0.000605495 -0.00670811 0.00785258 -0.00270809 -0.00953292 0.000618994 -2.30646e-05 0.0128631 -0.00352529 -0.0206124 -0.0242417 0.0213489
internal_weight=103.273 16.5683 12.8585 10.1946 4.52937 86.7046 23.7602 14.6244 62.9444 12.8802 50.0643 7.20662 9.13579 10.6911
internal_count=3636 451 220 165 75 3185 1770 1132 1415 499 916 139 638 422
is_linear=0
shrinkage=0.05


Tree=301
num_leaves=15
num_cat=0
split_feature=17 20 20 17 20 0 1 10 20 8 8 19 0 1
split_gain=0.612269 2.06525 1.4948 2.45484 1.36226 1.06542 1.60922 2.22602 1.17726 1.42632 1.145 1.09332 1.03085 1.40137
threshold=0.0045417656500000006 0.081653083000000015 0.10008288500000002 0.0056782438500000013 0.090281126000000003 0.015815102500000001 0.98757716000000018 0.30316540000000008 0.113988925 0.4533581450000001 0.38124172500000003 0.19309523500000003 0.015339914000000001 0.98830369000000007
decision_type=2 2 2 2 2 2 2 2 2 2 2 2 2 2
left_child=1 12 4 -4 -2 8 7 -7 9 -5 -8 -12 13 -1
right_child=2 -3 3 5 -6 6 10 -9 -10 -11 11 -13 -14 -15
leaf_value=-0.026927088343415659 -0.012485500388657721 -0.039084051821115878 -0.035676646745389944 -0.00065677237129503868 0.033658543519155683 -0.026039091362826325 0.016673912764440461 0.029378454860768868 -0.021614051854940749 0.031768112510921757 0.01470094711981834 -0.020132522588918067 0.0034877365207797886 0.00070099239655178251
leaf_weight=6.9819377394451303 1.5449193049716985 2.969584464444778 3.4456080872332668 5.6467135762650269 5.427678532389109 1.6035697385668779 2.4792711322661516 5.818442000891082 1.2379802409559477 7.3450446897186339 1.9048128336435208 14.114168326486832 33.912618745904183 10.684237096109428
leaf_count=979 17 142 44 212 197 32 63 111 74 108 34 217 838 551
internal_value=-0.000686357 -0.00432274 0.003244 -0.000387579 0.0231508 0.00343427 -0.00263924 0.015735 0.0139444 0.0186353 -0.0104404 -0.0153701 -0.00161612 -0.0110756
internal_weight=105.117 54.5484 50.5682 43.5956 6.9726 40.15 25.9203 7.42201 14.2297 12.9918 18.4983 16.019 51.5788 17.6662
internal_count=3619 2510 1109 895 214 851 457 143 394 320 314 251 2368 1530
is_linear=0
shrinkage=0.05


Tree=302
num_leaves=15
num_cat=0
split_feature=20 19 20 16 9 20 16 20 20 21 9 20 15 20
split_gain=0.781693 0.624443 1.07542 0.792437 2.48443 1.84725 1.43792 4.5333 3.30964 2.78812 1.64747 1.70999 1.58056 1.31213
threshold=0.11605438500000002 0.7972222200000002 0.060923370000000011 25.130637500000002 5.7083333500000011 0.078078921000000009 30.226438000000005 0.093111191000000024 0.081653083000000015 0.63390261500000011 7.8333333500000011 0.10060217 0.029925373000000002 0.10741291000000001
decision_type=2 2 2 2 2 2 2 2 2 2 2 2 2 2
left_child=1 2 -1 4 -4 -5 7 -7 -8 -10 11 -9 -13 -12
right_child=-2 -3 3 5 -6 6 8 10 9 -11 13 12 -14 -15
leaf_value=0.029492331527865758 -0.021919650050858636 -0.021604054238041574 0.01169974562927641 0.015379007550394081 -0.027910478670503388 -0.045956674091515999 0.038712198802636731 0.028882642708045747 -0.017749459405968386 0.0098677823863089834 0.03222724724060657 -0.034195909778928411 0.014821989317875182 -0.014143782434834863
leaf_weight=2.4682670316105932 2.6994926518527782 1.8537845004029794 6.7366738072014396 21.195327495603124 7.3326489448081702 5.7291299068601829 4.8704506354697505 1.2369657084636836 14.755772446660556 20.783409387659049 4.8220889018848538 4.8688053946243599 1.6284845798218155 1.4190268272068349
leaf_count=116 185 1393 129 492 113 132 79 62 325 373 80 63 62 39
internal_value=0.000661854 0.00148487 0.00213644 0.00112985 -0.00942651 0.00304879 -0.00147916 -0.0122173 0.00392555 -0.00177077 0.0037592 -0.0111195 -0.0215718 0.0211868
internal_weight=102.4 99.7008 97.8471 95.3788 14.0693 81.3095 60.1141 19.7045 40.4096 35.5392 13.9754 7.73426 6.49729 6.24112
internal_count=3643 3458 2065 1949 242 1707 1215 438 777 698 306 187 125 119
is_linear=0
shrinkage=0.05


Tree=303
num_leaves=15
num_cat=0
split_feature=9 16 16 18 3 10 9 1 17 17 10 21 9 11
split_gain=0.679271 0.720606 1.0777 0.885874 0.927499 0.810434 1.24264 0.971003 0.744165 1.79409 1.43406 1.83206 1.92927 1.06049
threshold=21.250000000000004 60.000067000000008 59.947708000000006 5.8944031500000006e-05 15.385447500000003 0.44398642500000002 9.833333350000002 0.98870020000000014 0.0048566131500000003 0.0036929515500000007 0.34159958000000007 0.70452867000000008 3.9000000000000004 0.10737518500000001
decision_type=2 2 2 2 2 2 2 2 2 2 2 2 2 2
left_child=1 2 8 -3 -5 7 -7 -6 9 13 -10 12 -12 -1
right_child=-2 3 -4 4 5 6 -8 -9 10 -11 11 -13 -14 -15
leaf_value=-0.02664999226942057 -0.02662664217925689 -0.0099667357794997503 -0.025518253872208841 -0.014315922565673066 0.0012836503138240389 -0.017801853200996112 0.025139165776861861 0.033681426568558513 -0.0061362579724728679 -0.034497789759625044 -0.018320366828017683 -0.024557071351268403 0.026238410271213569 0.0012171954560431235
leaf_weight=2.728074655373347 1.351889495825161 4.4370572210755226 3.4651597696065428 1.9085521889501276 3.3137526297941786 3.0059948600828639 1.9077068662736563 7.3360434046480805 14.545867789987822 3.4639775563264257 2.1486255224736004 1.8228470949688915 14.434269093500914 39.753860766431899
leaf_count=69 26 422 101 98 65 49 27 114 417 114 32 46 279 1798
internal_value=-5.13643e-05 0.000542845 -0.00162082 0.00839239 0.0133419 0.0173931 0.000301536 0.0245762 -0.000264998 -0.00434 0.00537743 0.0143239 0.0197514 -0.0011441
internal_weight=105.624 104.272 82.3627 21.9091 17.472 15.5635 4.9137 10.6498 78.8975 45.9459 32.9516 18.4057 16.5829 42.4819
internal_count=3657 3631 2856 775 353 255 76 179 2755 1981 774 357 311 1867
is_linear=0
shrinkage=0.05


Tree=304
num_leaves=15
num_cat=0
split_feature=16 20 22 21 0 20 8 13 20 20 16 20 20 20
split_gain=0.774648 1.48663 1.20889 1.19902 1.54777 0.735228 0.770337 0.656706 0.752809 1.64374 0.949134 5.52129 3.75339 3.83454
threshold=25.253168500000005 0.065730215500000008 1.2482452000000002 0.52930046000000008 0.016418302000000003 0.060923370000000011 0.57890204000000012 0.88742762500000005 0.067954421000000001 0.061967064000000009 50.405428000000008 0.075371021000000024 0.075620500500000007 0.081653083000000015
decision_type=2 2 2 2 2 2 2 2 2 2 2 2 2 2
left_child=1 2 3 4 -1 6 -5 8 9 -2 11 -10 -12 -14
right_child=7 -3 -4 5 -6 -7 -8 -9 10 -11 12 -13 13 -15
leaf_value=-0.01460874526320784 -0.018172159707162537 -0.038005300861871899 0.026270134942690562 0.026776441337868974 0.033203869600230057 -0.024011343573448859 -0.019521123769408483 0.022396822814277965 0.04819980299000045 0.036761425461254015 -0.041352150696290085 -0.0031133919639239603 0.034043718547113605 -0.0070479061528973784
leaf_weight=2.5193901999155122 1.3491931306489267 2.6722529880935317 2.056434312806231 1.0408961744687966 2.4161239492241293 7.7497190215508454 0.67718931473791588 2.6659090937173451 5.2554505821608464 2.881172221066663 5.2652054517820934 31.759917864663294 5.9739650964038438 29.542815390377655
leaf_count=148 1134 104 160 51 38 82 13 62 140 117 76 748 124 612
internal_value=-0.000388801 -0.00921134 -0.00262762 -0.00819113 0.0104481 -0.0179775 0.00805983 0.00168841 0.000753744 0.0191167 -0.00047471 0.00524833 -0.00567046 0.000606757
internal_weight=103.826 19.132 16.4598 14.4033 4.93551 9.4678 1.71809 84.6936 82.0277 4.23037 77.7974 37.0154 40.782 35.5168
internal_count=3609 596 492 332 186 146 64 3013 2951 1251 1700 888 812 736
is_linear=0
shrinkage=0.05


Tree=305
num_leaves=15
num_cat=0
split_feature=13 13 10 7 8 15 10 7 10 14 8 10 3 9
split_gain=0.852668 0.982082 1.48995 0.813996 0.760974 0.811393 0.79161 1.18291 1.11912 1.02567 0.984181 1.02584 0.856534 0.960165
threshold=0.57139120500000018 0.54962891500000011 0.36433718500000006 0.96863967500000003 1.3169471000000001 0.021390986000000004 0.36638021500000006 0.97124238000000018 0.56777118000000015 0.25362623500000009 0.5125269400000001 0.35847056500000002 20.465008000000005 9.4166666500000016
decision_type=2 2 2 2 2 2 2 2 2 2 2 2 2 2
left_child=1 -1 3 -3 6 -6 10 8 9 -8 11 -2 13 -11
right_child=4 2 -4 -5 5 -7 7 -9 -10 12 -12 -13 -14 -15
leaf_value=0.00058451858643623932 -0.0090604934768823402 -0.025059594899052986 0.038367950333681011 0.016602060295843761 -0.0062337242224294858 0.023788752818947982 -0.00063430447121852083 0.015864759472254727 0.010342257303926248 -0.048979566423425866 0.015064426411759674 0.021334034835720932 -0.0096111596434491423 -0.014301872361544824
leaf_weight=31.635916051498498 23.588063164876083 1.4535859907045954 3.6149654375913087 1.309401541482657 3.7977229737152802 3.5606220802583266 5.1207624231465259 2.3882171690638634 2.802327452634926 5.0122065266768896 6.1775555388303465 2.1739803151285733 6.2141184308275106 4.7199495246168226
leaf_count=1883 578 65 82 48 80 76 136 42 49 150 134 37 145 121
internal_value=-0.00145148 0.00443427 0.0208624 -0.00615071 -0.00487981 0.00940184 -0.00681388 -0.0130761 -0.0164932 -0.0203697 -0.00142505 -0.00579426 -0.0262959 -0.0350611
internal_weight=103.569 38.0139 6.37795 2.76299 65.5555 7.35835 58.1972 26.2576 23.8694 21.067 31.9396 25.762 15.9463 9.73216
internal_count=3626 2078 195 113 1548 156 1392 643 601 552 749 615 416 271
is_linear=0
shrinkage=0.05


Tree=306
num_leaves=15
num_cat=0
split_feature=14 16 9 8 20 17 20 15 23 13 17 15 14 17
split_gain=0.790514 0.660573 1.0698 1.1273 1.10291 0.957484 1.12856 1.14648 1.51975 1.30643 1.10349 1.44344 0.983247 1.14118
threshold=0.14051282000000004 60.000067000000008 12.583333500000002 0.36019276000000006 0.10687178000000001 0.007051918600000001 0.076390651000000018 0.019324122500000002 0.7600415450000001 0.57921998500000005 0.0030475874500000004 0.029055860500000006 0.30040650500000005 0.0056782438500000013
decision_type=2 2 2 2 2 2 2 2 2 2 2 2 2 2
left_child=-1 2 3 -2 -4 6 10 8 9 -8 -5 -12 -9 -14
right_child=1 -3 4 5 -6 -7 7 12 -10 -11 11 -13 13 -15
leaf_value=-0.025758714249360368 0.0091219933789528709 0.0072382136327998198 0.019042025740153019 -0.0063211081749143493 -0.016138025047152265 0.015009897573850307 -0.0036783042899833068 0.018196052389748505 0.0019495661521788802 -0.042906448009107534 0.038228701098154023 -0.014798649620621752 -0.024294532569990677 0.0042473635742684545
leaf_weight=2.2434465542901298 10.729738030946463 19.943179060181137 8.5001608725433453 18.362156077433614 2.0757287079468361 3.3508347828174001 3.0052853107918081 2.5922712329775086 3.8183016886468968 8.3419653517194075 2.4915650067850943 1.3527499958872793 6.6095892349258047 6.0155511501943693
leaf_count=43 983 746 265 790 46 92 47 40 92 104 62 20 123 120
internal_value=-0.00147356 -0.000656352 -0.00276101 -0.00513232 0.0113396 -0.00797858 -0.00969609 -0.0158009 -0.0251256 -0.0336563 -0.00102255 0.0203662 -0.00553163 -0.0113814
internal_weight=99.4325 97.1891 77.2459 66.67 10.5759 55.9403 52.5894 30.383 15.1656 11.3473 22.2065 3.84432 15.2174 12.6251
internal_count=3573 3530 2784 2473 311 1490 1398 526 243 151 872 82 283 243
is_linear=0
shrinkage=0.05


Tree=307
num_leaves=15
num_cat=0
split_feature=9 14 15 12 14 7 11 17 20 19 8 14 17 21
split_gain=0.794206 0.821413 1.15726 0.923641 1.61963 1.0045 1.06692 0.950808 0.927171 1.57135 0.913754 1.01888 1.05853 1.12351
threshold=2.9000000000000004 0.32025641000000005 0.018957772000000001 0.35863369500000003 0.29603547500000005 0.9758242800000001 0.11783847500000001 0.0021042058000000003 0.065275027000000013 0.21922798000000002 0.36019276000000006 0.37011669000000008 0.0045417656500000006 0.55360790500000012
decision_type=2 2 2 2 2 2 2 2 2 2 2 2 2 2
left_child=-1 2 3 5 -5 7 -7 -2 -9 -10 -3 -12 13 -13
right_child=1 10 -4 4 -6 6 -8 8 9 -11 11 12 -14 -15
leaf_value=0.01746919161191236 -0.020302187548309435 0.00930678499336118 0.015911168525000585 -0.020749304183232373 0.013708347159273132 0.012771752694652281 -0.0350612020221698 0.04016367661396452 -0.010447854742441962 0.022248792398866235 -0.018747176857972454 0.005358513918731554 0.0075475455094751774 -0.021262323033839292
leaf_weight=4.8806553988688384 1.361821495112969 7.6134930889093075 12.188779957650693 10.306173923047025 4.0720849809586062 1.2888369188585778 1.8435821670573203 1.9409604035317887 5.8025148429442179 7.2615438459906727 14.920701857627135 5.863663856318456 12.73312235297635 9.3958634706214053
leaf_count=691 135 514 292 251 115 33 41 20 101 129 404 436 267 169
internal_value=-0.000380193 -0.00145185 0.00334048 -0.00150885 -0.0107337 0.00548509 -0.0170522 0.010532 0.0144241 0.00801601 -0.00580113 -0.00863241 -0.00278035 -0.0113325
internal_weight=101.474 96.5931 46.0663 33.8775 14.3783 19.4993 3.13242 16.3668 15.005 13.0641 50.5268 42.9134 27.9926 15.2595
internal_count=3598 2907 1117 825 366 459 74 385 250 230 1790 1276 872 605
is_linear=0
shrinkage=0.05


Tree=308
num_leaves=15
num_cat=0
split_feature=20 21 16 17 14 12 15 12 19 12 19 12 13 18
split_gain=0.570902 0.754476 1.61018 0.903593 0.859154 1.26922 0.986681 0.837271 0.89112 1.54784 1.28682 1.56611 1.5647 1.62688
threshold=0.11775318000000001 0.67731855500000016 49.866131000000003 0.0058158277000000006 0.95186515500000013 0.45758862500000003 0.022100122000000003 0.31042496500000005 0.20887321500000003 0.42002065000000005 0.21702898500000004 0.42949301500000009 0.62341058000000016 4.5468625000000009e-05
decision_type=2 2 2 2 2 2 2 2 2 2 2 2 2 2
left_child=1 4 3 -3 5 7 -7 -1 9 -9 -10 12 -12 -14
right_child=-2 2 -4 -5 -6 6 -8 8 10 -11 11 -13 13 -15
leaf_value=-0.0085634744456596218 -0.025371246962962148 0.018083552227023885 0.03052173823124036 -0.024574699866115868 0.011458617241341125 -0.02785156794246596 -0.0047936867918786426 0.0050287953202817976 0.028899146222443675 -0.032021806375633392 -0.013487905162597444 0.02373233108988838 -0.023653429705262241 0.022731307502900484
leaf_weight=13.325255667848976 1.0165545757045027 1.0897011714841922 5.1163300008047372 2.3464815350453136 13.282876436016521 5.7820347245724433 16.492633225847385 8.7962540751323086 5.8084689148236057 3.0087315351702264 12.403725149517419 6.7083065106708082 1.5752970058383633 7.2008213186636567
leaf_count=328 134 29 113 52 495 134 1239 153 103 43 413 175 133 108
internal_value=0.000996791 0.00149879 0.0148894 -0.0100198 0.000142033 -0.0018284 -0.0117185 0.00204975 0.00527518 -0.00617755 0.00934983 0.00441872 -0.00249269 0.0128375
internal_weight=103.953 102.937 8.55251 3.43618 94.3844 81.1015 22.2747 58.8269 45.5016 11.805 33.6966 27.8881 21.1798 8.77612
internal_count=3652 3518 194 81 3324 2829 1373 1456 1128 196 932 829 654 241
is_linear=0
shrinkage=0.05


Tree=309
num_leaves=15
num_cat=0
split_feature=19 7 11 10 15 3 0 16 8 3 22 16 8 17
split_gain=0.969822 0.723684 1.31044 1.143 0.959636 1.21679 1.21409 0.994716 0.993389 0.987573 0.950078 0.880868 0.873497 0.853614
threshold=0.18016393500000003 0.96555148000000013 0.13946089000000003 0.35918873000000007 0.026432231000000004 25.867864500000003 0.018107425500000003 30.011853500000004 1.3169471000000001 15.821794000000002 1.1901136000000003 24.908025500000004 0.46167552500000003 0.0056782438500000013
decision_type=2 2 2 2 2 2 2 2 2 2 2 2 2 2
left_child=-1 4 3 -3 6 8 7 -2 11 -9 -11 -6 13 -13
right_child=1 2 -4 -5 5 -7 -8 9 -10 10 -12 12 -14 -15
leaf_value=0.018493874153387723 -0.010360320488588934 -0.016593483706654387 0.015073645511233797 0.0077192239212072154 0.02573724498226107 -0.037010403949434799 0.018109125634326578 -0.017824732855985605 0.017366997731750957 0.016157335091714107 -0.014704707850949114 -0.011737762048048859 -0.01744425581028107 0.027239267086452464
leaf_weight=6.359980550929321 11.317110377072824 19.95221536037571 4.8938150025496716 5.6310548418550743 0.88396143063437804 1.7591037789825339 14.455488252919166 2.4022277473559397 4.3328973697498432 15.388726886245424 2.1363349011226083 2.0122455463279034 11.245594840642296 1.7697744430042801
leaf_count=130 306 907 596 139 12 27 301 131 100 283 226 83 381 29
internal_value=0.000987744 -0.000321309 -0.00659662 -0.011153 0.00255846 -0.00584852 0.0066448 0.000943614 -0.0015261 0.00755165 0.0118045 -0.00739362 -0.0108267 0.0083834
internal_weight=104.541 98.1806 30.4771 25.5833 67.7035 22.0036 45.6999 31.2444 20.2445 19.9273 17.5251 15.9116 15.0276 3.78202
internal_count=3651 3521 1642 1046 1879 632 1247 946 605 640 509 505 493 112
is_linear=0
shrinkage=0.05


Tree=310
num_leaves=15
num_cat=0
split_feature=14 18 16 14 22 7 15 10 21 16 22 10 14 9
split_gain=0.783843 1.08974 1.26837 1.12283 1.18111 1.47884 0.966534 1.20106 0.80976 0.843455 0.794257 0.764595 0.730493 0.689985
threshold=0.32025641000000005 2.9532367000000002e-05 25.008053500000006 0.25735931000000006 0.99967474500000009 0.72553562500000013 0.017021585000000002 0.2960089500000001 0.69413460500000013 24.908025500000004 1.0789336000000003 0.35847056500000002 0.25098425000000008 10.833333500000002
decision_type=2 2 2 2 2 2 2 2 2 2 2 2 2 2
left_child=1 -1 11 12 -5 -6 7 13 9 -8 -7 -3 -4 -2
right_child=6 2 3 4 5 10 8 -9 -10 -11 -12 -13 -14 -15
leaf_value=-0.017856645706190302 0.004936679308771957 -0.029645478572638648 0.0046343025924174205 0.027361791222604872 -0.026752804730978047 -0.0029304036994094429 0.022523076990804577 0.015494054346672581 0.018322079630632128 -0.010855892612063683 0.023182532467478242 0.0044966002993569272 -0.021848404343614288 -0.03142251412089421
leaf_weight=3.7331320841185507 2.0861186597176125 2.4873608263151246 14.281348659744255 12.234793132636698 1.9366726467851538 4.4870341890491527 1.0801685139304016 10.748193377454298 1.9375229786237458 35.568315757118398 6.3509110844752286 2.6651742295653094 2.1388225723057976 1.6864534331107277
leaf_count=369 94 38 257 199 53 78 40 320 73 1860 148 41 27 32
internal_value=0.00081644 0.00523656 0.00742366 0.0103734 0.0168361 0.00550064 -0.00339072 0.00727072 -0.00748518 -0.00929997 0.0130372 -0.0141249 0.000128594 -0.0144953
internal_weight=103.422 50.3152 46.5821 41.4296 25.0094 12.7746 53.1068 14.5208 38.586 36.6485 10.8379 5.15254 16.4202 3.77257
internal_count=3629 1210 841 762 478 279 2419 446 1973 1900 226 79 284 126
is_linear=0
shrinkage=0.05


Tree=311
num_leaves=15
num_cat=0
split_feature=12 3 19 12 7 18 0 7 9 12 22 7 10 17
split_gain=0.90335 1.16629 0.933236 1.08868 1.65447 0.891872 0.941789 0.946278 0.933396 0.854111 0.896073 0.836833 1.39709 1.16263
threshold=0.45758862500000003 24.290590000000005 0.20856227000000002 0.42793335500000002 0.55003015500000008 0.00020511551000000001 0.020471578000000004 0.93075184000000011 5.7083333500000011 0.42463938500000004 1.0027512000000003 0.9612286750000002 0.31388242500000002 0.0045417656500000006
decision_type=2 2 2 2 2 2 2 2 2 2 2 2 2 2
left_child=2 11 9 5 -5 6 7 8 -4 10 -1 13 -13 -2
right_child=1 -3 3 4 -6 -7 -8 -9 -10 -11 -12 12 -14 -15
leaf_value=-0.01229935072749036 -0.0079247537077784605 -0.030654853143900963 0.0030293970084737851 -0.010623144425627944 0.034738948568845733 0.016849225263629194 0.024040878647009187 0.0013241824096118962 -0.033976299568227696 -0.027475375213790787 0.010636875650370333 0.0074231948508911979 -0.028017549589600045 0.013030165311302655
leaf_weight=7.3526359499664995 13.053685924271123 3.3386066422390277 2.5305666741333033 2.2677889962797035 6.0581224104389548 8.1729992996260972 2.3368371877004384 20.030947917985031 3.4080555582477245 2.7092169320676467 7.6903248706657905 4.0271523433766543 6.0424518251238624 11.545164757873861
leaf_count=103 559 85 82 39 182 171 50 687 103 40 147 934 189 248
internal_value=-0.00018782 -0.00617582 0.00349014 0.0072924 0.0225691 0.00329657 -0.00105795 -0.0041241 -0.0200435 -0.00598364 -0.000641658 -0.00302511 -0.0144535 0.002035
internal_weight=100.565 38.0071 62.5575 44.8053 8.32591 36.4794 28.3064 25.9696 5.93862 17.7522 15.043 34.6685 10.0696 24.5989
internal_count=3619 2015 1604 1314 221 1093 922 872 185 290 250 1930 1123 807
is_linear=0
shrinkage=0.05


Tree=312
num_leaves=15
num_cat=0
split_feature=18 16 20 18 23 10 20 12 11 23 17 16 17 20
split_gain=0.636132 1.13601 0.973306 1.52224 0.949981 0.986744 0.934573 0.817026 1.11737 0.80902 0.942789 0.841316 0.766329 0.885062
threshold=6.1397821000000021e-05 60.000067000000008 0.10322841500000002 0.00020325504000000003 -1.8228599999999997 0.65601807000000012 0.10915670500000001 0.43755683000000006 0.12972824000000002 -1.8959242499999998 0.0029143062500000005 29.872106500000005 0.0032304234500000004 0.069962455000000021
decision_type=2 2 2 2 2 2 2 2 2 2 2 2 2 2
left_child=7 4 12 -4 -2 -6 -5 9 -9 -1 11 -11 13 -3
right_child=1 2 3 6 5 -7 -8 8 -10 10 -12 -13 -14 -15
leaf_value=-0.022828707947025403 0.024653345850839625 0.019987185811697353 -0.026750621446264961 -0.01415199971411233 -0.0080816672870293559 0.025063315210763177 0.024445332450432497 -0.020492220380145476 0.011559152239062962 0.013395153634195169 0.026911191228407235 -0.023184365114868214 0.029074434788509886 -0.027149143802907484
leaf_weight=0.52421372104436059 1.5094739066407772 1.032489007135154 3.0291020948789065 1.557540370384231 59.782949491520412 1.3782183807343233 3.7384086413658224 4.407878479905774 4.5486108788463753 3.1047622969927051 7.8735430354718119 1.548282932344591 5.5249930146819679 0.97717359382659186
leaf_count=5 41 37 75 17 1315 17 62 428 750 152 133 396 139 17
internal_value=-0.00066989 -0.00278186 0.00880871 -0.00301803 -0.0058073 -0.00694359 0.012649 0.00665977 -0.00468862 0.0142273 0.0173511 -0.000724636 0.0206986 -0.00433764
internal_weight=100.538 78.5303 15.8597 8.32505 62.6706 61.1612 5.29595 22.0073 8.95649 13.0508 12.5266 4.65305 7.53466 2.00966
internal_count=3584 1720 347 154 1373 1332 79 1864 1178 686 681 548 193 54
is_linear=0
shrinkage=0.05


Tree=313
num_leaves=15
num_cat=0
split_feature=22 14 14 13 12 18 12 11 7 20 15 12 3 21
split_gain=0.726345 0.722536 0.983995 1.49728 0.960446 0.879649 0.867804 0.710821 0.981978 0.708432 1.6552 1.37788 1.90419 1.04854
threshold=0.95716270500000011 0.25735931000000006 0.44648118000000009 0.085932214000000021 0.27074441000000005 9.5415383500000006e-05 0.35132102000000004 0.12237271000000001 0.94941407500000008 0.10322841500000002 0.011976477500000001 0.43274377000000003 18.912823500000005 0.60408365000000008
decision_type=2 2 2 2 2 2 2 2 2 2 2 2 2 2
left_child=1 4 5 -4 -1 6 -3 -7 -9 13 -11 -12 -13 -2
right_child=9 2 3 -5 -6 7 -8 8 -10 10 11 12 -14 -15
leaf_value=0.011088812370108753 -0.0048662333552805326 0.021828922340415696 0.014470123622434409 -0.027075071734446149 -0.02623942723172213 0.03635896779944723 -0.01054886063501477 0.027017417383560796 -0.0093336581403992841 -0.031873143844369976 0.016509637307375924 0.011300085912217511 -0.029678908723045502 0.010292063824101878
leaf_weight=2.4179402474546832 34.006114551171777 2.2449462902732256 3.5909732211584915 3.1774609691201476 2.7216380508616567 4.9662311514839512 4.7242704809177667 2.6770142214372754 2.9952219361439347 5.5007879512850222 5.5657300867605946 4.2553726329642796 5.5732618237379938 15.923774452356154
leaf_count=51 1974 33 102 288 39 79 87 58 52 124 110 125 123 345
internal_value=-0.000470378 0.005997 0.0095663 -0.00600805 -0.00973239 0.0155542 0.00131119 0.0239705 0.00930024 -0.00321157 -0.0107103 -0.0016654 -0.0125317 7.52533e-05
internal_weight=100.341 29.5157 24.3761 6.76843 5.13958 17.6077 6.96922 10.6385 5.67224 70.825 20.8952 15.3944 9.82863 49.9299
internal_count=3590 789 699 390 90 309 120 189 110 2801 482 358 248 2319
is_linear=0
shrinkage=0.05


Tree=314
num_leaves=15
num_cat=0
split_feature=18 11 8 20 0 16 20 3 18 22 14 21 20 23
split_gain=0.764765 1.1989 1.30001 1.4653 1.26156 1.04608 1.77679 1.37821 1.036 1.0327 1.07873 1.01657 0.934108 0.752543
threshold=0.00013493187000000002 0.12823793500000003 0.32867753500000002 0.098712049500000024 0.012990565000000001 29.961235500000004 0.10417018000000001 16.002896000000003 0.00038657972500000004 1.0960644000000002 0.27806415000000001 0.5057970650000001 0.094391638500000014 1.1938962500000001
decision_type=2 2 2 2 2 2 2 2 2 2 2 2 2 2
left_child=1 -1 3 -3 -4 11 7 -7 -8 12 -11 -2 -9 -12
right_child=5 2 4 -5 -6 6 8 9 -10 10 13 -13 -14 -15
leaf_value=-0.0027506614775590914 0.020725676225736418 0.016392689069149306 -0.013270254796931709 -0.040986692529782827 0.020900168929141188 -0.016508889283767696 -0.023095257528357144 0.0095066118196770553 0.0050942248174673677 0.022202939745752031 -0.031407900277264408 -0.019091183586713981 0.037387823215728373 0.0072925294897551816
leaf_weight=26.350437630258966 0.98333057359559362 1.3178738783462933 2.4300110632029854 1.3820275390899039 18.960257765953429 3.4888214936654576 8.3317112681979761 8.2067466781009006 4.5332075973565216 1.7407356733456243 2.2037496343255047 13.053906505738267 4.8404980436898759 1.5513023156672714
leaf_count=1232 17 542 151 25 640 128 211 151 98 30 31 236 103 37
internal_value=0.00032753 0.00460315 0.012436 -0.0161181 0.016599 -0.00408365 0.000648719 0.00914463 -0.0135111 0.014569 -0.0032583 -0.0151091 0.0217757 -0.0172485
internal_weight=99.3746 50.4406 24.0902 2.6999 21.3903 48.934 34.8968 22.0319 12.8649 18.543 5.49579 14.0372 13.0472 3.75505
internal_count=3632 2590 1358 567 791 1042 789 480 309 352 98 253 254 68
is_linear=0
shrinkage=0.05


Tree=315
num_leaves=15
num_cat=0
split_feature=23 23 18 20 23 17 18 16 20 14 20 17 17 21
split_gain=0.599545 0.560362 0.988638 0.657459 0.565175 0.660648 1.0142 0.589251 1.5214 1.30821 1.3328 0.800803 0.793785 0.744085
threshold=2.4978355500000005 -1.3464990999999997 0.00017105681000000004 0.11702090500000002 -1.0151093499999997 0.0073512985500000004 0.00029008378500000007 25.130637500000002 0.060923370000000011 0.35375234500000008 0.063445956000000012 0.0022537885500000005 0.0023798791500000004 0.51396799500000012
decision_type=2 2 2 2 2 2 2 2 2 2 2 2 2 2
left_child=1 2 -1 4 -3 6 7 8 -6 11 -11 -10 -13 -12
right_child=-2 3 -4 -5 5 -7 -8 -9 9 10 13 12 -14 -15
leaf_value=-0.022580750431024421 -0.022336104525245232 0.0189164451476963 0.013884198807551665 -0.02316410177280237 0.026406762178191476 0.018922919772011201 -0.012515793934142315 0.0057337987585988071 -0.037138355703700186 0.034949571936526251 0.01186752546740797 0.0094471522197469293 -0.026074067602868109 -0.028651648958143972
leaf_weight=4.6611698217311632 1.6672745806426963 4.5277688502392257 1.9624445647204991 1.4035836590337556 2.18606885128247 4.6420783333451245 10.623493925173532 56.312346882477868 3.8224062118679267 1.6330804167082522 1.295399106864352 2.8518338827416301 1.73396696470445 1.5131828957819378
leaf_count=136 431 148 56 144 246 74 222 1936 33 40 14 28 50 44
internal_value=0.00107933 0.00169205 -0.0113729 0.00273871 0.00338468 0.00236611 0.00121174 0.00340046 -0.00515095 -0.0120387 0.00868465 -0.0227454 -0.00624741 -0.011754
internal_weight=100.836 99.1688 6.62361 92.5452 91.1416 86.6139 81.9718 71.3483 15.0359 12.8499 4.44166 8.40821 4.5858 2.80858
internal_count=3602 3171 192 2979 2835 2687 2613 2391 455 209 98 111 78 58
is_linear=0
shrinkage=0.05


Tree=316
num_leaves=15
num_cat=0
split_feature=19 11 23 23 7 17 7 23 22 23 3 1 22 22
split_gain=0.834007 1.07322 0.741075 0.807845 1.23865 0.977951 0.928432 0.873709 0.661529 0.640405 1.21494 1.01134 0.985147 0.808205
threshold=0.18477136500000002 1.0000000180025095e-35 2.4487601000000008 0.88749233000000005 0.98362901000000014 0.0020065293000000005 0.52088066000000011 -0.39326496999999994 0.99637080500000008 0.11031790000000001 16.291354500000001 0.97740041000000011 1.1581658000000001 0.96226460500000011
decision_type=2 2 2 2 2 2 2 2 2 2 2 2 2 2
left_child=-1 -2 3 4 6 -5 7 -3 -9 10 13 -12 -11 -8
right_child=1 2 -4 5 -6 -7 9 8 -10 12 11 -13 -14 -15
leaf_value=0.013855183429476867 -0.024200531075682968 0.031059572529676317 -0.027127442821818351 -0.023294674542532604 0.029350760101069257 0.011208419264624923 -0.0012818078183150219 -0.0209441226300974 0.014136747767208338 -0.016107893037409119 -0.020293397518489485 0.0065492956859347223 0.015697329241081519 -0.033316826371187901
leaf_weight=8.1274643284268659 4.1367238790844558 2.4755348046310246 1.5721865749801498 1.3355630448786566 1.8941614497161925 20.594693681225181 3.6961946010123929 1.6382354311645024 1.7755140804219989 19.794421433238316 3.0755959986709085 24.878636206500232 1.9546582170296449 3.4264770252630115
leaf_count=151 83 41 457 553 730 529 73 21 31 383 54 456 35 45
internal_value=-0.000576117 -0.00198252 -0.000679547 0.000105337 -0.00271935 0.00818291 -0.0041334 0.0133439 -0.00362929 -0.00614414 -0.00184929 0.00299711 -0.0126851 -0.0188972
internal_weight=100.376 92.2486 88.1119 86.5397 64.6094 21.9303 62.7153 5.88928 3.41375 56.826 35.0769 27.9542 21.7491 7.12267
internal_count=3642 3491 3408 2951 1869 1082 1139 93 52 1046 628 510 418 118
is_linear=0
shrinkage=0.05


Tree=317
num_leaves=15
num_cat=0
split_feature=20 12 1 20 20 17 10 21 1 17 7 20 7 0
split_gain=0.713148 0.560352 0.537319 0.563958 0.783998 1.20979 0.858936 0.761766 0.632299 1.28233 0.625086 1.05967 1.33551 1.27646
threshold=0.11605438500000002 0.18826682500000003 0.95628285000000013 0.042721384000000008 0.061286753000000006 0.0022062351500000007 0.44398642500000002 0.5057970650000001 0.97350877000000013 0.005227478800000001 0.9612286750000002 0.076390651000000018 0.92823781500000002 0.014576554500000002
decision_type=2 2 2 2 2 2 2 2 2 2 2 2 2 2
left_child=1 -1 -3 -4 6 -6 -5 -7 9 -9 11 -10 13 -13
right_child=-2 2 3 4 5 7 -8 8 10 -11 -12 12 -14 -15
leaf_value=0.022115619247077684 -0.023256397264356146 0.022224925368954204 -0.027037225605163664 0.034562030105020701 -0.022988808370492782 0.019362214336919537 -0.01242757057408527 -0.030482295849325353 0.014717542361307996 0.014077446004341982 -0.006046128942099255 0.013227025333903547 0.0092215713087452963 -0.016030185699837794
leaf_weight=1.6446782854618494 2.6041150152450419 1.3918467428011343 1.162487921770661 1.9766378011554473 5.4429757054895154 3.5709149190224698 0.82644755742512632 3.7932970523252143 13.09099018271081 1.7177068563178179 28.830030663637444 3.9632754323538419 15.464957957156001 15.887196948518975
leaf_count=67 177 862 902 71 58 46 18 58 239 32 488 66 283 256
internal_value=-0.00140785 -0.000604428 -0.00121066 -0.00177766 -0.00118747 -0.00208772 0.021083 -0.00052158 -0.0016006 -0.0165646 -0.000334808 0.00312028 -0.00146557 -0.00983457
internal_weight=101.368 98.7634 97.1188 95.7269 94.5644 91.7613 2.80309 86.3184 82.7475 5.511 77.2365 48.4064 35.3154 19.8505
internal_count=3623 3446 3379 2517 1615 1526 89 1468 1422 90 1332 844 605 322
is_linear=0
shrinkage=0.05


Tree=318
num_leaves=15
num_cat=0
split_feature=16 20 18 3 15 20 18 20 21 22 20 16 3 7
split_gain=0.56288 0.917773 1.10372 0.801557 0.680979 0.933299 0.891942 0.666272 1.54711 1.15944 1.25742 1.5502 1.89037 1.19639
threshold=60.01565750000001 0.10322841500000002 3.4143936500000007e-05 16.518607000000003 0.027149877000000003 0.10687178000000001 0.00020325504000000003 0.078237381500000022 0.59025810000000012 1.0665914500000002 0.10376621000000001 30.226438000000005 16.378631000000002 0.96399912500000007
decision_type=2 2 2 2 2 2 2 2 2 2 2 2 2 2
left_child=7 2 -2 -4 5 -3 -7 -1 -9 10 11 13 -13 -10
right_child=1 4 3 -5 -6 6 -8 8 9 -11 -12 12 -14 -15
leaf_value=0.0021499529946702903 -0.015281144793377062 -0.019896194076181664 -0.0036999748805926925 0.030424798437255898 -0.022513015563244254 -0.0079855527331632332 0.029525923311619212 -0.02500202375719068 0.015744169937886417 -0.015131045294884821 -0.0076814632761495255 -0.01447218398924666 0.042307344402050001 -0.021246234332285337
leaf_weight=38.224729327383102 1.5881146591273161 1.8622219543904046 1.960434495282241 6.664214605698362 2.5187850169604644 2.1050444429274648 2.859503022627905 8.2619661406206415 3.4322747401893157 10.516117927792946 11.654297248693181 1.3808732248726299 5.0562269780784845 3.3338788156979717
leaf_count=1866 334 18 92 141 69 58 43 215 63 283 246 67 106 70
internal_value=-0.000815742 0.00659944 0.0162921 0.0230895 -0.00454358 0.00411569 0.0149483 -0.00264566 -0.00680066 -0.00197902 0.00395501 0.014044 0.0298189 -0.00287093
internal_weight=101.419 19.5583 10.2128 8.62465 9.34555 6.82677 4.96455 81.8604 43.6356 35.3737 24.8576 13.2033 6.4371 6.76615
internal_count=3671 755 567 233 188 119 101 2916 1050 835 552 306 173 133
is_linear=0
shrinkage=0.05


Tree=319
num_leaves=15
num_cat=0
split_feature=23 20 22 22 1 20 8 10 8 1 12 19 13 3
split_gain=0.627616 0.514191 0.565686 0.777379 1.23338 0.834585 0.780529 1.74203 0.912589 0.831059 0.759121 0.703083 1.25926 1.20159
threshold=2.1356292500000005 0.11702090500000002 1.1486567000000003 1.1109549500000002 0.99014754500000013 0.061286753000000006 0.38675509500000005 0.30180301500000006 0.31679474000000002 0.98870020000000014 0.3565578350000001 0.20538873000000005 0.57139120500000018 17.927691000000003
decision_type=2 2 2 2 2 2 2 2 2 2 2 2 2 2
left_child=1 2 3 5 -5 -1 7 9 -9 -7 -4 12 -8 -13
right_child=-2 -3 10 4 -6 6 11 8 -10 -11 -12 13 -14 -15
leaf_value=0.025823424746267927 -0.019836190763328931 -0.022330506477280413 -0.0085201633329204437 0.012208723626118802 -0.030498689176156585 -0.012597257512428107 0.013112522641754507 0.0012110090773201293 -0.033369687930815545 0.016797466054157526 0.015588957893650153 -0.0053086635385138289 -0.017380715534496674 0.012153070520074031
leaf_weight=2.2579443963477379 2.8340995675534932 1.3503524402622122 3.6525741200020994 1.9165339778992336 3.8581292774761096 2.8782629785710032 4.3489469042979172 2.5399119884823431 5.9203026769682765 5.6539473833981901 11.90106981708959 14.519346444401888 8.5908800261095148 26.875508470344357
leaf_count=550 685 130 121 79 70 352 83 53 91 90 489 238 119 460
internal_value=6.06687e-06 0.000788179 0.00134648 -0.000402288 -0.0166148 0.00107571 -5.39167e-05 -0.0090998 -0.0239573 0.00660015 0.00975456 0.00288838 -0.00692678 0.00604757
internal_weight=99.0978 96.2637 94.9134 79.3597 5.77466 73.5851 71.3271 16.9924 8.46021 8.53221 15.5536 54.3347 12.9398 41.3949
internal_count=3610 2925 2795 2185 149 2036 1486 586 144 442 610 900 202 698
is_linear=0
shrinkage=0.05


Tree=320
num_leaves=15
num_cat=0
split_feature=20 17 20 17 20 3 20 9 17 15 0 0 15 15
split_gain=0.485492 0.916202 1.51441 1.0806 0.910303 0.79393 0.74243 0.808959 0.751667 1.06272 1.50296 1.08781 0.911332 1.02916
threshold=0.11775318000000001 0.007051918600000001 0.11103884500000001 0.0066714933500000009 0.11138704000000001 17.895431500000004 0.10607253000000001 11.416666500000002 0.005836314950000001 0.019672342500000006 0.015979486000000005 0.017955911000000001 0.037855266500000005 0.043717152500000002
decision_type=2 2 2 2 2 2 2 2 2 2 2 2 2 2
left_child=1 2 3 6 -3 -4 8 -8 -1 10 -10 -12 -11 -14
right_child=-2 4 5 -5 -6 -7 7 -9 9 12 11 -13 13 -15
leaf_value=-0.001960815431291724 -0.024499107349014188 -0.0083985968376395197 0.0080528321102922452 0.023679866475687577 0.023973034517598898 -0.039920022298064545 -0.033206663935166143 0.00775094715594336 0.023168464533819003 0.035762776098432807 -0.032807979871360166 0.0065729162010179287 -0.027432678388493982 0.024806436516053201
leaf_weight=65.4722696828685 0.9544113312731487 2.4698900066578044 0.74896043795160894 3.7654135174379908 6.4653518259292468 2.5824469203362241 2.4273113126400854 1.3693474666215477 2.9503862642741279 4.0915368328132891 2.9161968762055039 2.6686405446380377 1.0047505621041635 0.79351286546443578
leaf_count=2848 143 47 20 45 122 79 73 16 57 75 27 31 13 75
internal_value=0.00018503 0.000662146 -0.000905643 0.000517725 0.0150801 -0.0297657 -0.000791635 -0.0198982 0.00035104 0.0102909 -0.00134705 -0.0158499 0.0249038 -0.00375412
internal_weight=100.68 99.726 90.7908 87.4594 8.93524 3.33141 83.694 3.79666 79.8973 14.425 8.53522 5.58484 5.8898 1.79826
internal_count=3671 3528 3359 3260 169 99 3215 89 3126 278 115 58 163 88
is_linear=0
shrinkage=0.05


Tree=321
num_leaves=15
num_cat=0
split_feature=11 3 12 17 17 13 20 17 20 19 16 20 17 3
split_gain=0.496806 0.711253 0.626648 1.05348 0.81911 0.706207 0.728248 0.709987 1.42554 1.13165 0.923837 1.10333 0.905209 1.24368
threshold=0.10737518500000001 17.411325000000005 0.31471300500000005 0.0077101201500000003 0.0070015666000000009 0.68853253500000011 0.078237381500000022 0.0066714933500000009 0.10607253000000001 0.19944751500000005 59.455620500000009 0.11051190500000001 0.0060114085500000006 21.690357000000002
decision_type=2 2 2 2 2 2 2 2 2 2 2 2 2 2
left_child=1 -1 4 5 -2 7 -7 8 12 -9 11 -11 -4 -14
right_child=2 -3 3 -5 -6 6 -8 9 -10 10 -12 -13 13 -15
leaf_value=0.0095867880492945361 -0.012833309441332971 -0.021267546780517982 -6.4191536897657635e-05 -0.030615068102049288 0.019550588305745076 0.036187463861580775 -0.00029062968640280811 -0.019859774014560131 -0.028613601531238115 0.024653422035276637 0.029345614109651353 -0.028707098776927582 0.034807468503635995 -0.010834423632635128
leaf_weight=2.0222299263114101 12.767516317457192 4.9897994947677944 53.286218249777448 1.3396956960350497 1.3660790609574167 2.2036103317805091 2.3605837039649487 1.2508669990929764 3.0583775981795034 0.77025290075107289 6.2205643609631807 1.1949965236126443 3.3731606702494892 1.6831269934773443
leaf_count=55 326 100 2455 98 24 81 48 32 95 14 96 60 106 21
internal_value=-0.000345399 -0.0122834 0.000699421 0.00250425 -0.00861821 0.0034857 0.0206596 0.00210698 5.6714e-05 0.0141636 0.0209587 -0.00653206 0.00201649 0.020334
internal_weight=97.8871 7.01203 90.875 76.7415 14.1336 75.4018 4.56419 70.8376 61.4009 9.43668 8.18581 1.96525 58.3425 5.05629
internal_count=3611 155 3456 3106 350 3008 129 2879 2677 202 170 74 2582 127
is_linear=0
shrinkage=0.05


Tree=322
num_leaves=15
num_cat=0
split_feature=20 16 9 12 0 13 0 0 9 17 20 20 3 11
split_gain=0.98987 2.04362 1.39903 1.11727 1.11337 0.928212 0.912144 1.0742 1.22446 1.61123 1.47785 1.41087 1.69925 1.07304
threshold=0.065730215500000008 25.253168500000005 5.7083333500000011 2.0418373500000002 0.013056210500000002 0.55727552000000014 0.012717497500000003 0.014859281 7.5833333500000011 0.0066714933500000009 0.10869161000000001 0.10205400500000002 19.705980500000006 0.14030015500000001
decision_type=2 2 2 2 2 2 2 2 2 2 2 2 2 2
left_child=2 -2 3 4 -1 -4 -3 -8 9 11 -10 12 -9 -11
right_child=1 6 5 -5 -6 -7 7 8 10 13 -12 -13 -14 -15
leaf_value=-0.0063780434259645205 -0.037916372292490591 0.019356419903728016 0.02050284223803997 -0.013309694980767471 0.042547518035892185 -0.010377901982924721 -0.012628283716021191 -0.016031578001444457 0.013852662294685278 0.029287908616256769 -0.010216334472904976 -0.028017696978227702 0.016582507876226334 -0.014575865153893409
leaf_weight=1.1435020908393223 2.6616234256653106 4.8194541936099986 2.47766811873589 0.95430461523937982 5.0870579783659196 7.1196382982161595 15.162883772572966 8.27571639954113 25.514017055160366 3.6898371772258534 7.5937874575029118 7.4711804965045294 6.0257082874886683 1.2716069138841701
leaf_count=478 109 393 336 215 212 505 265 132 457 78 189 110 109 39
internal_value=0.000899957 -0.00139074 0.011604 0.0267942 0.0339279 -0.00122321 0.000281208 -0.00118302 0.0018769 -0.00596013 0.00819439 -0.0118363 -0.00210441 0.0174865
internal_weight=99.268 82.4858 16.7822 7.18486 6.23056 9.59731 79.8242 75.0047 59.8419 26.734 33.1078 21.7726 14.3014 4.96144
internal_count=3627 1881 1746 905 690 841 1772 1379 1114 468 646 351 241 117
is_linear=0
shrinkage=0.05


Tree=323
num_leaves=15
num_cat=0
split_feature=11 15 3 17 11 15 11 0 15 7 23 19 0 19
split_gain=0.615615 0.475603 1.21071 0.700655 0.615283 0.57803 0.675451 0.539349 1.4506 0.944384 0.823371 0.817359 1.19683 1.04558
threshold=0.18925532500000003 0.04702240550000001 14.541614500000001 0.00018579475000000002 0.14283506500000001 0.03871128850000001 0.13347807500000003 0.018107425500000003 0.027149877000000003 0.96525184500000016 -0.27279901999999995 0.23268876500000005 0.017924854 0.22343397500000003
decision_type=2 2 2 2 2 2 2 2 2 2 2 2 2 2
left_child=1 3 -3 -1 -4 7 -7 11 9 -9 -11 12 13 -5
right_child=-2 2 4 5 -6 6 -8 8 -10 10 -12 -13 -14 -15
leaf_value=-0.027296625323168556 -0.021940053743728517 0.021452825745037211 -0.037555218353956095 -4.8491986405958291e-05 0.0047186292874814607 0.028796844240197184 -0.0052419192203127952 0.01804380442523662 -0.016596696679549987 -0.021769940487469192 0.0093993692380930898 0.0044884391816029483 -0.039270543171798712 -0.019188534629524908
leaf_weight=1.2867523928725848 2.5521311472111838 0.89784761689952475 2.470618139195722 29.656092871446162 0.87325533546390932 2.7311430616391581 1.9559445760678498 14.648753689136361 4.9667020122287786 2.6066396962851286 4.2129625765373921 23.593472298263805 1.7143171227071423 8.3980452268442587
leaf_count=896 95 795 65 555 34 65 44 285 88 36 82 444 26 143
internal_value=-0.00148121 -0.000747102 -0.0154122 5.49726e-05 -0.0279706 0.000709442 0.0161683 -0.000266638 0.00560661 0.0112534 -0.00377484 -0.00276604 -0.00707444 -0.00465562
internal_weight=102.565 100.013 4.24172 95.7708 3.34387 94.4841 4.68709 89.797 26.4351 21.4684 6.8196 63.3619 39.7685 38.0541
internal_count=3653 3558 894 2664 99 1768 109 1659 491 403 118 1168 724 698
is_linear=0
shrinkage=0.05


Tree=324
num_leaves=15
num_cat=0
split_feature=7 7 14 13 0 21 13 22 20 16 20 19 22 16
split_gain=0.608515 0.680555 0.466195 0.774948 0.908099 0.745115 0.741024 0.750256 0.730785 1.21201 1.69963 1.1877 0.96666 0.897133
threshold=0.087352299000000008 0.16249567000000001 0.14051282000000004 0.6910889600000002 0.016578934500000003 0.63234040000000002 0.64679805000000012 1.1454866500000003 0.062297709500000006 29.858190500000003 0.067954421000000001 0.28918128500000007 1.1865518000000004 59.690782000000006
decision_type=2 2 2 2 2 2 2 2 2 2 2 2 2 2
left_child=-1 -2 -3 6 5 -5 8 -8 11 12 -11 -4 -10 -12
right_child=1 2 3 4 -6 -7 7 -9 9 10 13 -13 -14 -15
leaf_value=0.025456930899140987 -0.032581106042936007 -0.018694548842230884 0.029393276414515397 0.0099831490783152087 0.023063903287014079 -0.021202940290981492 -0.018296939247011056 0.0094244422648652407 -0.02047945914019627 0.037027289728292445 0.0053330062891717451 -0.015284980764429809 0.013776274935988091 -0.0078601596112795775
leaf_weight=1.1328907201823302 0.73627653377479774 2.5804185013257657 3.7140515303763086 3.7901265695691091 6.1370395358535461 2.2124232756323181 10.304596701753324 2.4378668263379941 10.664684366653089 2.2279396203957722 28.750021904808818 1.4328350334690183 1.7672201032983128 21.733214566251263
leaf_count=27 12 45 144 135 125 41 159 127 188 105 765 1185 40 521
internal_value=-0.000986147 -0.00154314 -0.000981796 -0.000312154 0.0109833 -0.00289784 -0.00207463 -0.0126935 1.44979e-06 -0.00153111 0.00185236 0.0164922 -0.0149468 -0.000389052
internal_weight=99.6216 98.4887 97.7524 95.172 12.1396 6.00255 83.0324 12.7425 70.29 65.1431 52.7112 5.14689 12.4319 50.4832
internal_count=3619 3592 3580 3535 301 176 3234 286 2948 1619 1391 1329 228 1286
is_linear=0
shrinkage=0.05


Tree=325
num_leaves=15
num_cat=0
split_feature=8 9 3 3 18 18 18 7 1 21 21 17 3 18
split_gain=0.379825 0.546092 1.1479 0.758579 0.612948 0.698197 1.39948 1.02193 0.776107 0.905063 1.24587 0.791372 0.994428 1.27582
threshold=1.3169471000000001 4.2916666500000007 14.799402500000001 13.741060000000003 3.1928933500000007e-05 7.790075050000002e-05 0.00011243943000000002 0.9798547700000001 0.9831220650000001 0.54123057000000008 0.51725313500000014 0.0060457201000000014 16.058602000000004 0.00023621700000000002
decision_type=2 2 2 2 2 2 2 2 2 2 2 2 2 2
left_child=1 2 -1 -3 -5 7 -7 -6 -8 10 -10 -11 -13 -14
right_child=-2 3 -4 4 5 6 8 -9 9 11 -12 12 13 -15
leaf_value=0.021458021734544606 0.0078020647203817491 -0.02215634949075319 -0.01763896749497498 -0.012364634854199705 0.016216742693541269 -0.01623988969018331 -0.0092838905423903769 -0.018396469351390873 0.014698058838018122 0.01652986746621465 -0.027560174206587598 0.026547633314778024 0.014116200199279547 -0.022429998105646484
leaf_weight=1.3929489484144131 11.586553307279244 2.6553657591284709 9.6921912719990342 6.5487314313650122 13.776721185364293 9.8364659171493241 8.0619158791960199 1.6388950477703463 2.20805561216548 18.604579816223126 3.082017779815942 1.5956301670521487 3.0848906148457882 5.042035864898935
leaf_count=925 265 103 216 751 368 183 169 28 35 352 57 21 69 120
internal_value=-0.000327088 -0.00148318 -0.011357 8.30296e-05 0.00117339 0.00266051 -0.000197133 0.0116404 0.00388083 0.00721492 -0.0103892 0.0107446 -0.000834864 -0.00853077
internal_weight=98.807 87.2204 11.0851 76.1353 73.4799 66.9312 51.5156 15.4156 41.6791 33.6172 5.29007 28.3271 9.72256 8.12693
internal_count=3662 3397 1141 2256 2153 1402 1006 396 823 654 92 562 210 189
is_linear=0
shrinkage=0.05


Tree=326
num_leaves=15
num_cat=0
split_feature=3 13 3 18 9 8 18 16 14 22 18 23 17 3
split_gain=0.55164 1.20179 0.892893 0.82317 1.55031 0.835359 1.19007 0.799519 0.757005 0.742357 0.651331 1.14406 0.68874 1.04182
threshold=19.353120500000003 0.58057242000000009 19.633234500000004 0.000124459995 5.5833333500000011 0.43866070000000007 0.0003238216850000001 59.667071000000007 0.24885321000000002 1.1032741500000003 0.00025331597500000006 0.47391711500000006 0.0034136266500000008 15.762311500000001
decision_type=2 2 2 2 2 2 2 2 2 2 2 2 2 2
left_child=1 10 9 4 -3 7 8 -5 -7 -2 12 -12 -1 -14
right_child=2 3 -4 5 -6 6 -8 -9 -10 -11 11 -13 13 -15
leaf_value=-0.00070168519750901919 0.034863820909418357 0.023274611851648398 0.0007096353419546404 0.015346953410479617 -0.011841126006574137 -0.0053049544442594458 0.0088201056417003248 -0.019224399762771724 -0.038636378688130475 -0.0057394403287199629 -0.027385243125961162 0.017995557982346432 -0.0083814479260820706 0.030246411542208664
leaf_weight=7.7540564292576182 2.6313075006473805 3.5538638654979904 46.013204448550823 2.7557395219919298 9.1539343813783471 2.601554034277795 1.8023942681029428 2.0148725039325655 7.1573619947303087 1.2688177376985548 2.5828769673826169 1.4017265568108994 1.9235714852111412 5.1873548042494804
leaf_count=1135 48 141 1085 55 428 39 33 33 97 60 84 52 218 126
internal_value=-0.00076497 -0.00455156 0.00288612 -0.0107899 -0.00103916 -0.0178791 -0.0246439 -5.54456e-05 -0.0310698 0.0231789 0.00511856 -0.0110134 0.00986442 0.0200522
internal_weight=97.8026 47.8893 49.9133 29.0397 12.7078 16.3319 11.5613 4.77061 9.75892 3.90013 18.8496 3.9846 14.865 7.11093
internal_count=3634 2441 1193 826 569 257 169 88 136 108 1615 136 1479 344
is_linear=0
shrinkage=0.05


Tree=327
num_leaves=15
num_cat=0
split_feature=3 3 18 16 14 14 3 21 20 18 16 16 3 10
split_gain=0.788845 0.807056 0.757952 0.662451 0.971765 1.36878 1.17836 0.93699 1.0495 1.02442 0.918952 0.935611 0.858386 1.31922
threshold=27.293483500000004 23.719883000000003 0.00011577659500000002 29.948733500000003 0.32824160500000005 0.31158186000000004 20.359968000000006 0.62914976000000011 0.10086051500000003 5.8944031500000006e-05 30.045394000000005 60.000067000000008 20.359968000000006 0.37702844500000005
decision_type=2 2 2 2 2 2 2 2 2 2 2 2 2 2
left_child=1 3 -3 7 5 10 -6 8 9 -1 -5 -12 13 -11
right_child=-2 2 -4 4 6 -7 -8 -9 -10 12 11 -13 -14 -15
leaf_value=0.014500093177522117 -0.021582340537560106 -0.00062595974939423659 0.029402397693888107 0.024789240282046453 0.0049568753376533969 0.032010573874001712 -0.015394376860713483 -0.024143681517170085 0.029845777352093424 0.01259833186230251 -0.0074015925293932083 0.012748194367296373 -0.024365362369424146 -0.019784318252313211
leaf_weight=4.7287915187917049 2.4238809413654954 3.442606906668515 4.2345954237971455 3.875559340362094 19.496539138417578 4.9766922870621775 9.9188810243504104 4.204291663481853 1.54458148087724 6.4064985151344462 13.29155470117985 8.655256287660448 5.4834665516391388 4.4704589207831305
leaf_count=461 45 108 78 130 1409 147 235 67 28 180 364 223 100 87
internal_value=0.00204474 0.00286843 0.0174168 0.00140218 0.00429629 0.0103615 -0.00218608 -0.00501218 -0.000587242 -0.00406641 0.00515123 0.000754215 -0.00995896 -0.00125619
internal_weight=97.1537 94.7298 7.6772 87.0526 60.2145 30.7991 29.4154 26.8381 22.6338 21.0892 25.8224 21.9468 16.3604 10.877
internal_count=3662 3617 186 3431 2508 864 1644 923 856 828 717 587 367 267
is_linear=0
shrinkage=0.05


Tree=328
num_leaves=15
num_cat=0
split_feature=21 0 20 17 17 15 17 20 17 20 11 17 18 13
split_gain=0.729359 1.01874 0.952815 0.852007 1.10913 0.804554 0.760883 0.759645 1.32633 1.23253 0.893993 0.866348 0.786005 0.742677
threshold=0.67731855500000016 0.017249116000000005 0.10503381000000002 0.0058598260000000011 0.0064359169000000006 0.037855266500000005 0.0069485367000000015 0.10086051500000003 0.0048566131500000003 0.081653083000000015 0.16489720500000002 0.0045417656500000006 0.00011577659500000002 0.82131460500000009
decision_type=2 2 2 2 2 2 2 2 2 2 2 2 2 2
left_child=2 -2 3 7 5 -5 -3 8 9 -1 13 -11 -9 -10
right_child=1 6 -4 4 -6 -7 -8 12 10 11 -12 -13 -14 -15
leaf_value=-0.00017670510145960199 0.025590193575859257 -0.019092180373936007 -0.0136766129662837 0.028689922813681035 -0.01544545602263965 -0.0061154830876034676 0.015754070050377777 -0.031035706971093941 0.037488110295535351 -0.038140172166214625 -0.016001638045377797 0.0079626707511561354 0.0010033120631922352 -0.010251051471668191
leaf_weight=47.371035671429127 4.8433959146786929 2.7443833264987916 14.22353282588301 6.0794142851373163 1.9275315530976511 1.7660902757197616 1.7481405539438126 3.303276399994501 3.6054424303583792 2.7646056467201556 0.62903474428458128 0.98604893224546675 3.3389276393281762 0.54279990302165959
leaf_count=2343 153 55 345 114 32 70 62 29 173 140 8 11 34 7
internal_value=-0.000832455 0.0117396 -0.00230738 8.48923e-05 0.0130859 0.0210493 -0.00513317 -0.00212069 -9.7525e-05 -0.00261534 0.0226347 -0.0268949 -0.0169064 0.0304636
internal_weight=95.8737 9.33592 86.5377 72.3142 9.77304 7.8455 4.49252 62.5412 55.899 51.1217 4.77728 3.75065 6.6422 4.14824
internal_count=3576 270 3306 2961 216 184 117 2745 2682 2494 188 151 63 180
is_linear=0
shrinkage=0.05


Tree=329
num_leaves=15
num_cat=0
split_feature=20 17 17 12 14 7 9 7 13 0 21 20 16 17
split_gain=0.724736 1.30925 1.00892 2.00468 0.859476 1.23089 1.2236 1.14266 1.20024 1.08357 1.06521 0.851192 1.96661 1.48267
threshold=0.10376621000000001 0.0061305935500000014 0.0058598260000000011 0.31683324500000004 0.30455486500000001 0.97160437000000011 6.4166666500000007 0.54558932000000004 0.55814665500000016 0.019905089500000004 0.57128030500000004 0.10607253000000001 59.399861000000008 0.0066714933500000009
decision_type=2 2 2 2 2 2 2 2 2 2 2 2 2 2
left_child=2 -2 4 -4 6 7 -1 9 -9 -6 -7 -3 -13 -14
right_child=1 11 3 -5 5 10 -8 8 -10 -11 -12 12 13 -15
leaf_value=0.023288349513344145 -0.027293107529869749 0.020209291211769571 -0.012212997452180296 0.038137437570018556 0.021799506123033996 -0.0043097593606524964 0.00018175496279570233 -0.0021912463568115846 -0.023697322867382686 -0.023793691292740143 0.029271250054993939 -0.029569902816274404 -0.028886244231456228 0.014067373311345797
leaf_weight=7.5483787484554368 5.0609228623798144 3.0033515481045496 2.5724274991953271 4.1823518484598026 4.2240173160971635 4.3593360284721703 17.422358541356516 13.501143903791673 11.904364677597185 0.83603745285654429 3.6392186147131724 4.6482331235893062 1.5121125610312436 9.544922052707987
leaf_count=227 84 72 30 151 155 775 468 588 380 14 198 194 38 219
internal_value=0.000273759 -0.00709583 0.00283407 0.0198602 0.000740976 -0.00391954 0.00779439 -0.00849753 -0.0127842 0.0115832 0.012524 -0.00052459 -0.00546198 0.00628462
internal_weight=93.9592 23.7695 70.1896 6.75478 63.4349 38.4641 24.9707 30.4656 25.4055 5.06005 7.99855 18.7086 15.7053 11.057
internal_count=3593 607 2986 181 2805 2110 695 1137 968 169 973 523 451 257
is_linear=0
shrinkage=0.05


Tree=330
num_leaves=15
num_cat=0
split_feature=11 19 8 21 20 16 3 20 7 11 13 16 20 20
split_gain=0.497702 0.84469 0.662421 0.509141 1.08593 0.890475 1.10226 1.05134 0.55227 1.29363 0.607384 0.587333 1.93973 0.735645
threshold=1.0000000180025095e-35 0.20334326500000002 0.22483861000000002 0.11479071000000002 0.060923370000000011 24.997888500000006 16.898298000000004 0.063445956000000012 0.97796864000000017 0.11726674000000002 0.88742762500000005 25.253168500000005 0.067954421000000001 0.071614835500000015
decision_type=2 2 2 2 2 2 2 2 2 2 2 2 2 2
left_child=1 -1 -2 -4 -5 6 -6 -7 10 -10 11 -9 -13 -14
right_child=2 -3 3 4 5 7 -8 8 9 -11 -12 12 13 -15
leaf_value=0.010807995008358632 0.026160696154869365 -0.027760832913614631 -0.025952010529238175 0.027995309300733628 0.011161323455067753 0.03203395927866242 -0.027729028174848375 -0.018510714266967831 0.017019015984082907 -0.028521154177877751 0.019907402107610748 0.037421048701785968 -0.025565493606183889 -0.00052504759117477727
leaf_weight=1.4752962990896765 1.2344179284700647 3.2570488877827302 1.0648563135036955 2.1581066183280191 1.9131919657811511 1.4517406821250904 5.392149610677734 3.4816619465127578 1.4958696543471877 3.9266977444058284 2.6556708472780874 2.3268159513827404 2.0831434931606045 61.316709882696159
leaf_count=21 857 67 885 83 30 28 82 56 30 73 39 73 32 1238
internal_value=-0.00165859 -0.0159492 -0.000745185 -0.00140295 -0.000818952 -0.00185498 -0.0174265 -0.000209826 -0.00121694 -0.0152646 3.79853e-05 -0.000997134 0.0001941 -0.00173201
internal_weight=95.2334 4.73235 90.501 89.2666 88.2018 86.0437 7.30534 78.7383 77.2866 5.42257 71.864 69.2083 65.7267 63.3999
internal_count=3594 88 3506 2649 1764 1681 112 1569 1541 103 1438 1399 1343 1270
is_linear=0
shrinkage=0.05


Tree=331
num_leaves=15
num_cat=0
split_feature=15 14 0 9 12 16 14 9 0 23 18 17 20 7
split_gain=0.885208 1.20622 1.23838 1.02671 0.905678 1.04341 1.07801 1.40208 1.54733 0.878438 0.876408 1.56906 1.17813 1.02015
threshold=0.013606072000000002 0.32025641000000005 0.015227391000000002 11.166666500000002 0.41469779500000004 60.173731000000011 0.32824160500000005 9.833333350000002 0.018638449000000005 0.85546978000000007 0.00024415867500000003 0.0059791553500000002 0.10205400500000002 0.97304771500000009
decision_type=2 2 2 2 2 2 2 2 2 2 2 2 2 2
left_child=4 2 3 -2 5 6 7 9 -9 -1 11 12 13 -3
right_child=1 10 -4 -5 -6 -7 -8 8 -10 -11 -12 -13 -14 -15
leaf_value=-0.02370466769528334 -0.016898242938862912 -0.0035740641450784103 0.019695751268870878 0.024651205864621228 0.011600839686952186 0.014095617685147156 -0.03282095562087186 0.020835999119440587 -0.021900467671240442 0.0049153022759255705 -0.015121442578647507 0.02245897713360484 -0.0285020127205938 0.022971703322490128
leaf_weight=10.24037757210318 4.571581634067118 21.4580302277027 15.529714220669119 1.0678242851427056 4.9482777789671664 3.1654661046341053 4.6968727004132225 5.8521350851515299 2.1361847555963323 3.122784296880126 8.4267525551404088 6.4494480064167865 2.9946662098227526 3.3155676813184973
leaf_count=170 163 827 338 31 159 90 138 186 37 164 237 226 40 837
internal_value=-0.000193892 0.00327345 0.012738 -0.00650293 -0.00657966 -0.00994113 -0.0132753 -0.0076996 0.0082426 -0.01714 -0.00160904 0.00205353 -0.00330178 0.000732125
internal_weight=97.9757 63.8136 21.1691 5.63941 34.1621 29.2138 26.0484 21.3515 7.98832 13.3632 42.6445 34.2177 27.7683 24.7736
internal_count=3643 2699 532 194 944 785 695 557 223 334 2167 1930 1704 1664
is_linear=0
shrinkage=0.05


Tree=332
num_leaves=15
num_cat=0
split_feature=23 11 18 19 3 9 23 19 22 23 17 14 23 0
split_gain=0.427168 0.779933 1.20807 0.677663 0.639065 0.559544 0.559049 0.907447 1.45897 1.19727 1.59089 0.978415 0.94833 0.970102
threshold=-0.59341612499999996 0.11296366000000001 9.5415383500000006e-05 0.25835256000000001 18.602133000000002 4.4166666500000007 -0.4147494149999999 0.22357395000000002 1.0428615000000001 0.88749233000000005 0.0030039902500000001 0.33188405500000001 -0.15944054999999999 0.015162491500000002
decision_type=2 2 2 2 2 2 2 2 2 2 2 2 2 2
left_child=1 -1 4 -4 5 -3 -2 8 -8 11 -11 12 -9 -14
right_child=6 2 3 -5 -6 -7 7 9 -10 10 -12 -13 13 -15
leaf_value=-0.015537069593511008 -0.017185204201950712 -0.014829912097776468 0.02307330571342224 -0.0099275211671629223 -0.018062026159454483 0.024378748964424206 0.015498289151815193 0.019937563646091422 -0.0049628202099250597 -0.018243625323220297 0.015655947331750613 -0.023866210825627426 0.013704287227774864 -0.020239947902102966
leaf_weight=3.0441128700040307 5.8595488788705543 0.62969149259152191 9.2342692076927033 1.2551987291808462 4.0553720952011645 1.4196213362738488 13.94296688082977 2.379880830878391 20.070670796383638 4.3378713652491561 8.9534228138945746 11.694617326895239 2.1579662048025074 6.2495552415493876
leaf_count=49 163 196 253 22 64 47 319 44 495 1039 230 517 60 108
internal_value=-0.00183859 0.00457525 0.00893813 0.018604 -0.00795125 0.0114187 -0.00354162 -0.00216947 0.00362774 -0.00763028 0.00408977 -0.0144382 -0.00305974 -0.0109968
internal_weight=95.2848 19.6383 16.5942 10.4895 6.10468 2.04931 75.6465 69.787 34.0136 35.7733 13.2913 22.482 10.7874 8.40752
internal_count=3606 631 582 275 307 243 2975 2812 814 1998 1269 729 212 168
is_linear=0
shrinkage=0.05


Tree=333
num_leaves=15
num_cat=0
split_feature=10 3 3 15 7 3 13 7 12 12 18 7 16 3
split_gain=0.574182 0.782912 0.690894 0.741508 1.14574 0.582869 0.554398 0.889064 1.00694 0.775712 0.956317 0.764266 1.26422 1.10993
threshold=0.26324152500000003 11.873039000000002 13.321007500000002 0.04702240550000001 0.50587509500000005 22.074973500000002 0.57139120500000018 0.96458969000000006 0.45758862500000003 2.2577869500000003 0.00019789351500000001 0.97124238000000018 30.045394000000005 19.393127500000002
decision_type=2 2 2 2 2 2 2 2 2 2 2 2 2 2
left_child=1 -1 -2 4 -4 -3 7 9 -9 -6 -11 -8 -13 -14
right_child=2 5 3 -5 6 -7 11 8 -10 10 -12 12 13 -15
leaf_value=0.020384735496687255 -0.020198244263313753 -0.021579419488219103 0.027383536377556889 -0.017298084999761095 0.020713816075619448 0.0073553298649491521 -0.0026484491804729597 0.013961155562913797 -0.020089498933756316 0.01407584268498243 -0.022659343134193197 0.031035712770446089 -0.023262955150414381 0.016711594946030622
leaf_weight=0.9806729865667857 2.0660521816171231 6.1696333987929393 4.3715030942694275 2.934637546160956 13.377497055000282 1.7450730169948654 41.169338825915474 2.9568883126194114 3.9282627817301545 3.2570183997449922 2.0383022574242204 3.8576262755232147 2.5331006027845433 2.4498910176043864
leaf_count=781 151 194 133 105 453 36 1053 117 146 137 41 87 73 58
internal_value=0.00192559 -0.00951455 0.00322043 0.00403811 0.00502542 -0.0150903 0.00339129 0.00922979 -0.00555013 0.0146846 -0.00141769 0.00028503 0.0128267 -0.00410116
internal_weight=93.8355 8.89538 84.9401 82.8741 79.9394 7.91471 75.5679 25.558 6.88515 18.6728 5.29532 50.01 8.84062 4.98299
internal_count=3565 1011 2554 2403 2298 230 2165 894 263 631 178 1271 218 131
is_linear=0
shrinkage=0.05


Tree=334
num_leaves=15
num_cat=0
split_feature=20 21 13 8 10 22 17 20 20 17 16 20 20 10
split_gain=0.747405 0.861015 0.70078 1.03862 0.587999 0.523503 0.870893 1.18495 0.967744 1.20772 2.12246 2.51048 2.02039 0.886473
threshold=0.11536729500000002 0.67256394000000008 0.61137642500000011 0.50357617500000018 0.46490633500000006 0.80370712500000019 0.0058598260000000011 0.10417018000000001 0.079992545500000026 0.0031350535500000005 30.280040000000003 0.078237381500000022 0.074158984000000011 0.33790230500000007
decision_type=2 2 2 2 2 2 2 2 2 2 2 2 2 2
left_child=1 5 4 -4 -3 -1 8 -8 9 12 11 -11 -7 -9
right_child=-2 2 3 -5 -6 6 7 13 -10 10 -12 -13 -14 -15
leaf_value=-0.014823365058682919 -0.024224899010319295 0.032534783549132716 -0.015337635365564643 0.022623290897698212 -0.0052880363517538945 -0.0013448839162396547 0.02349870657260612 -0.020035112742246272 -0.015199459297664548 0.013163090240096013 0.036060874722364959 -0.039968127554340191 -0.040205433988624605 0.0073974112454405772
leaf_weight=7.7690034787228788 2.7861047498881808 3.3962816695711791 3.6344741411157884 1.9487611535005269 1.0132797099649904 25.943336607029782 6.199500946939227 3.549176085929501 15.218674337840637 6.1280301591614244 4.3743631696415823 2.2409260858548805 2.8531615019019219 7.4089189895312302
leaf_count=143 184 132 54 32 20 1893 160 111 422 123 100 24 55 115
internal_value=-0.00244093 -0.00152467 0.0116453 -0.000663989 0.0244726 -0.00325715 -0.00185983 0.00772349 -0.00484035 -0.000777067 0.0115036 -0.00381119 -0.00641531 -0.00242004
internal_weight=94.464 91.6779 9.9928 5.58324 4.40956 81.6851 73.9161 17.1576 56.7585 41.5398 12.7433 8.36896 28.7965 10.9581
internal_count=3568 3384 238 86 152 3146 3003 386 2617 2195 247 147 1948 226
is_linear=0
shrinkage=0.05


Tree=335
num_leaves=15
num_cat=0
split_feature=9 21 0 0 21 16 16 20 15 18 16 18 23 23
split_gain=0.533518 0.475113 1.01121 0.611456 0.420838 0.878437 0.476906 0.669675 1.22078 0.838215 0.543202 0.572352 0.896219 1.20789
threshold=21.250000000000004 0.67731855500000016 0.019075739000000005 0.013309801000000001 0.66714081000000014 59.399861000000008 60.095350000000003 0.10338916500000002 0.018605054000000006 5.5272957500000011e-05 60.044849000000006 4.641773850000001e-05 -0.75042906499999995 1.1274749500000001
decision_type=2 2 2 2 2 2 2 2 2 2 2 2 2 2
left_child=1 4 3 -3 6 -6 10 9 -9 -8 11 12 -1 -14
right_child=-2 2 -4 -5 5 -7 7 8 -10 -11 -12 -13 13 -15
leaf_value=-0.014730243154810927 -0.022989296932046172 -0.010886886102761258 -0.013489161253832982 0.02611048151736178 0.013028180746266969 -0.025825824781753944 -0.01137524087335277 0.020403243004175679 -0.026041024605083687 0.026502735109137157 -0.020102185215336438 -0.0017156943225672941 0.028106374749169761 -0.013164465582258781
leaf_weight=1.8737717116309713 1.3645458803512145 0.76578823049203304 2.2198034062166698 5.6783935234416276 1.480095999824697 3.1674304441257846 1.2704776169703089 1.6343369348905983 2.1164924118493218 5.4317492253612727 2.4556485718057948 57.09831561781175 5.8718081573315493 1.7209753836796151
leaf_count=150 31 53 54 161 45 52 263 20 50 153 111 1301 450 719
internal_value=0.000474131 0.00106064 0.0115604 0.0208421 -0.000143878 -0.0133361 0.000783724 0.0102352 -0.00576902 0.0187779 -0.000773416 0.000226614 0.0109864 0.0183086
internal_weight=94.1496 92.7851 8.66399 6.44418 84.1211 4.64753 79.4736 10.4531 3.75083 6.70223 69.0205 66.5649 9.46656 7.59278
internal_count=3613 3582 268 214 3314 97 3217 486 70 416 2731 2620 1319 1169
is_linear=0
shrinkage=0.05


Tree=336
num_leaves=15
num_cat=0
split_feature=20 17 17 16 20 20 9 23 22 16 16 17 20 20
split_gain=0.713302 1.47313 1.15675 2.67444 2.02598 1.93663 1.46632 1.3262 1.09231 1.03561 0.997077 2.27431 2.16325 1.81211
threshold=0.10503381000000002 0.0062644133500000003 0.0045417656500000006 59.399861000000008 0.10008288500000002 0.081653083000000015 9.583333350000002 -1.8228599999999997 0.75672024000000004 60.076744500000011 59.75835450000001 0.0032561661500000003 0.069428149000000008 0.076616847000000016
decision_type=2 2 2 2 2 2 2 2 2 2 2 2 2 2
left_child=2 -2 5 7 -5 10 9 -4 -9 -6 13 12 -12 -1
right_child=1 -3 3 4 6 -7 -8 8 -10 -11 11 -13 -14 -15
leaf_value=0.003514785638016318 -0.037977974066482359 -0.0021055933987487018 -0.016226312389415076 0.024041518579956216 -0.040778691265402289 -0.037572185970481925 0.0080613176230999138 -0.0096160317129417704 0.03601328233188042 0.0012512212310833585 0.022294751516491903 0.039529343608526744 -0.031288930645014833 -0.020761738943986453
leaf_weight=26.911854021876934 2.4479425121098783 17.659611300390679 1.0428725064120943 3.4030175397638223 4.3040948005946102 2.5925882934243409 3.5508718206547201 1.0658017355890503 10.34721751912002 1.944852891290793 2.6471992638544162 3.812350876032724 2.948654740175698 9.6422058687021472
leaf_count=1535 59 468 20 127 56 143 46 13 282 33 566 85 54 129
internal_value=5.7692e-05 -0.00806514 0.00233648 0.010712 -0.00493339 -0.00221643 -0.0162895 0.0264299 0.0313208 -0.0293297 0.000535468 0.0142189 -0.00640338 -0.00327119
internal_weight=94.3211 20.1076 74.2136 25.6587 13.2028 48.5549 9.79982 12.4559 11.413 6.24895 45.9623 9.4082 5.59585 36.5541
internal_count=3616 527 3089 577 262 2512 135 315 295 89 2369 705 620 1664
is_linear=0
shrinkage=0.05


Tree=337
num_leaves=15
num_cat=0
split_feature=14 14 8 17 9 19 17 16 8 14 16 20 19 0
split_gain=0.865346 0.716389 0.897032 1.02092 0.715972 0.989049 0.95436 1.29588 1.16093 0.764671 0.74079 0.715644 0.99579 0.899857
threshold=0.14051282000000004 0.31514294000000004 0.29993875000000003 0.007051918600000001 6.1666666500000007 0.19006409000000002 0.0048566131500000003 59.923460000000013 0.36539804500000006 0.42540963500000006 24.888841000000003 0.10354431000000001 0.26139667500000002 0.013599599000000002
decision_type=2 2 2 2 2 2 2 2 2 2 2 2 2 2
left_child=-1 11 -3 4 5 -4 -6 8 -8 -9 -7 12 13 -2
right_child=1 2 3 -5 6 10 7 9 -10 -11 -12 -13 -14 -15
leaf_value=-0.024956639189351787 -0.0086053213249518788 0.017572592395180883 0.01598869549776415 0.018632192310041207 -0.010220059283137814 0.014925669263873294 -0.014616552917766269 -0.02485054622582351 0.026730442517052429 0.0093342799918734645 -0.02313690857731367 -0.0045663740138477855 -0.014343967974974886 0.017385084611328684
leaf_weight=2.3631884813221395 3.3046392489923226 3.8855568606377338 1.4351075306767587 3.2705784723511888 16.385832901039979 0.73803824424976383 1.4765526161063443 2.9328928545583031 6.8030486439238302 2.0939311455003917 12.419266759519813 10.767744845012201 2.818809291755314 20.784019657876343
leaf_count=42 59 972 34 99 750 16 30 40 139 35 416 240 339 389
internal_value=-5.52986e-05 0.000874649 -0.00294316 -0.00494681 -0.00706119 -0.0157516 -0.00241621 0.00723628 0.0185763 -0.0114247 -0.0200984 0.0060287 0.0102803 0.0136187
internal_weight=91.4792 89.116 51.4408 47.5552 44.2847 14.5924 29.6923 13.3064 8.2796 5.02682 13.1573 37.6752 26.9075 24.0887
internal_count=3600 3558 2531 1559 1460 466 994 244 169 75 432 1027 787 448
is_linear=0
shrinkage=0.05


Tree=338
num_leaves=15
num_cat=0
split_feature=12 11 23 13 21 23 22 17 20 21 16 13 17 16
split_gain=0.835179 1.00395 1.14068 0.832519 0.939148 0.610775 0.933354 0.915734 0.884832 1.73509 1.10858 0.857292 1.30269 1.2906
threshold=0.31471300500000005 0.11873327500000001 -0.73415490499999991 0.88742762500000005 0.54123057000000008 2.4978355500000005 1.1660804000000002 0.0020065293000000005 0.10915670500000001 0.6656893450000001 50.62977200000001 0.68853253500000011 0.0058158277000000006 59.807210000000005
decision_type=2 2 2 2 2 2 2 2 2 2 2 2 2 2
left_child=1 2 -1 4 -3 6 8 -8 9 11 -10 12 -2 -14
right_child=5 3 -4 -5 -6 -7 7 -9 10 -11 -12 -13 13 -15
leaf_value=-0.023843712410876173 -0.0055431777462804713 0.010812502489131997 0.019854676411661706 0.0057137709249708013 -0.032936691676256971 -0.021536612938423915 -0.019326621324660606 0.020109979825362435 -0.036764724976136691 0.031358517539871199 -0.0019731654886132864 0.022066062794747661 0.02614956511648707 -0.0080564096064557663
leaf_weight=1.2254280907800419 39.277663872213452 0.97060535418859029 3.742370979016413 2.2139698917744681 6.4012623995804461 1.6427059010602523 0.88761393404274613 10.312313134956637 2.2662492839153847 3.9686726488580453 8.0771617987775226 3.2256639697588971 6.3557841703586728 3.8044848023419036
leaf_count=18 1427 89 116 52 103 388 468 262 96 116 189 65 161 58
internal_value=0.000131337 -0.0104803 0.00688625 -0.0192807 -0.026573 0.00217194 0.00293584 0.0156566 0.000609599 0.00311338 -0.0121651 0.000440171 -0.00138036 0.013767
internal_weight=94.372 14.5536 4.9678 9.58584 7.37187 79.8183 78.1756 11.1999 66.9757 56.6323 10.3434 52.6636 49.4379 10.1603
internal_count=3608 378 134 244 192 3230 2842 730 2112 1827 285 1711 1646 219
is_linear=0
shrinkage=0.05


Tree=339
num_leaves=15
num_cat=0
split_feature=16 16 20 0 7 23 12 13 23 10 20 13 0 13
split_gain=0.866447 0.993854 0.970913 0.868575 0.48419 0.963556 0.871854 0.833784 0.699151 0.922159 0.766559 0.753241 0.901322 0.84729
threshold=24.879500000000004 24.997888500000006 0.062769538500000013 0.017955911000000001 0.9522560200000002 1.8599049500000002 0.45758862500000003 0.53327656000000012 2.2401198000000004 0.26324152500000003 0.10245470000000001 0.64105597500000011 0.020471578000000004 0.66195799500000019
decision_type=2 2 2 2 2 2 2 2 2 2 2 2 2 2
left_child=-1 2 3 -2 5 -3 8 -8 9 10 -6 12 -11 -13
right_child=1 4 -4 -5 6 -7 7 -9 -10 11 -12 13 -14 -15
leaf_value=0.026478342930606937 0.020759524274601523 -0.0062965853021639167 -0.032783390129974138 -0.018982074087967711 0.0056491263434038028 0.019372545080897554 0.0026326463179103055 -0.023072761973140815 -0.020324033683986307 0.024235215271007422 -0.028571940613257157 -0.025671638409053184 -0.011635302478336584 0.0090520470280248434
leaf_weight=1.8101343462767534 1.7912027143174776 37.148909322248073 3.8098249434260651 1.7135421292914541 3.6352516109764172 3.0711745536973458 7.7769386941290559 4.1124876186804613 1.1217363165196719 13.70499227018445 1.639397444669157 1.2443749044905397 1.3903999949689012 7.1331090444000438
leaf_count=35 170 843 87 24 108 426 1056 97 172 326 36 29 29 152
internal_value=-0.000877388 -0.00171904 -0.0181906 0.00142858 -4.78578e-05 -0.00391408 0.00368037 -0.00735895 0.0081706 0.00992831 -0.00784547 0.0140797 0.0204136 0.00170669
internal_weight=91.1035 89.2933 7.31457 3.50474 81.9788 40.2201 41.7587 11.8894 29.8693 28.7475 5.27465 23.4729 15.0954 8.37748
internal_count=3590 3555 281 194 3274 1269 2005 1153 852 680 144 536 355 181
is_linear=0
shrinkage=0.05


Tree=340
num_leaves=15
num_cat=0
split_feature=14 17 17 20 17 21 16 10 17 16 20 20 17 20
split_gain=0.673151 0.530891 2.23576 1.57596 1.12349 0.990276 1.31487 0.785151 0.902124 3.14141 3.3755 2.75572 1.40674 1.16997
threshold=0.14051282000000004 0.0045417656500000006 0.0037421708500000005 0.10310140500000002 0.0059791553500000002 0.56703628000000006 29.956546500000005 0.56347648500000014 0.0033074430000000006 30.226438000000005 0.077591062500000016 0.076390651000000018 0.0030475874500000004 0.066834719000000015
decision_type=2 2 2 2 2 2 2 2 2 2 2 2 2 2
left_child=-1 2 7 5 -5 -3 -7 8 11 10 -10 12 13 -2
right_child=1 3 -4 4 -6 6 -8 -9 9 -11 -12 -13 -14 -15
leaf_value=-0.021973843924186581 0.0029798949484057887 -0.015780248936645147 -0.038869319456772349 -0.02750849530278773 0.0016389432748209231 -0.0078624359787531854 0.02790569646222273 0.021679640533486654 0.029726930305328348 0.04068866183062253 -0.036869548657479337 -0.043886111211848607 0.026081497103528778 -0.019035084219549935
leaf_weight=2.263449164791381 17.633174481903559 1.3389450059476065 2.8805275429622261 2.8153235598001656 24.104466134100221 2.7480208751294404 11.706110238766994 3.0580688733607522 2.2255244695697893 3.9991083954519127 3.79900294134859 3.0823169944633255 3.4280650455038986 8.0086495130090025
leaf_count=45 1718 29 118 41 594 54 349 86 33 93 70 49 128 176
internal_value=0.00034597 0.00113543 -0.00244578 0.00513318 -0.00228544 0.0171615 0.0210367 0.00066424 -0.00132637 0.0110993 -0.0115384 -0.0054181 -1.54618e-05 -0.00435239
internal_weight=93.0908 90.8273 48.1144 42.7129 26.9198 15.7931 14.4541 45.2339 42.1758 10.0236 6.02453 32.1522 29.0699 25.6418
internal_count=3583 3538 2471 1067 635 432 403 2353 2267 196 103 2071 2022 1894
is_linear=0
shrinkage=0.05


Tree=341
num_leaves=15
num_cat=0
split_feature=14 18 19 20 16 20 20 16 15 21 20 16 18 11
split_gain=0.535662 0.452577 0.645744 0.591042 0.769311 0.844569 1.45251 0.754777 1.07029 0.870762 0.869382 1.02776 0.868525 0.656124
threshold=0.98130678000000005 0.00036498898000000005 0.20538873000000005 0.10322841500000002 59.994050000000009 0.07685541550000001 0.069428149000000008 59.826603000000006 0.010362972500000001 0.67731855500000016 0.10979196000000001 59.506820000000012 0.00026454548500000005 0.11949239000000002
decision_type=2 2 2 2 2 2 2 2 2 2 2 2 2 2
left_child=1 3 -3 4 -1 6 -6 8 -5 -9 12 -12 13 -10
right_child=-2 2 -4 7 5 -7 -8 9 10 -11 11 -13 -14 -15
leaf_value=-0.0027769474769323197 0.025046214564823963 -0.015025588373107968 0.016449212643878702 -0.022851005062602178 0.01992996826131083 0.021608300950039652 -0.032089505972293757 -0.026457124576319963 -0.0031544208547975398 0.0064477545432047008 -0.031913237089124073 0.017317865429024661 -0.010866163381427121 0.035629927161966536
leaf_weight=57.598568221612368 0.88365791674004768 1.2927626067830704 5.740377791429637 2.9495740067795877 1.7584586619486784 6.2604445126344217 1.6685398310073649 7.7582009089528565 1.2406966253183762 2.1688456059491728 1.5517373530892657 0.98647128453012545 1.4861546158790586 3.4657637680502376
leaf_count=2325 31 42 145 67 348 177 38 126 26 71 89 32 27 72
internal_value=-0.00139485 -0.00189431 0.00951356 -0.00289268 -0.000534449 0.011811 -0.00692481 -0.00988779 -0.000966272 -0.019336 0.00801566 -0.0132928 0.0173834 0.0266447
internal_weight=96.8103 95.9266 7.03314 88.8935 67.286 9.68744 3.427 21.6074 11.6804 9.92705 8.73082 2.53821 6.19262 4.70646
internal_count=3616 3585 187 3398 2888 563 386 510 313 197 246 121 125 98
is_linear=0
shrinkage=0.05


Tree=342
num_leaves=15
num_cat=0
split_feature=17 20 16 20 17 18 20 21 19 20 22 22 22 20
split_gain=0.840007 1.60344 1.22228 1.26821 1.14061 1.42062 1.04899 0.902057 0.645649 0.574435 0.675748 0.896539 0.730011 0.701327
threshold=0.0068466236000000007 0.10607253000000001 50.62977200000001 0.10915670500000001 0.0059791553500000002 0.00024415867500000003 0.11702090500000002 0.63512383500000014 0.20538873000000005 0.10310140500000002 1.1454866500000003 1.1901136000000003 1.1135441500000003 0.07849097250000002
decision_type=2 2 2 2 2 2 2 2 2 2 2 2 2 2
left_child=1 4 3 -2 9 -6 8 -3 -4 10 12 -12 -1 -13
right_child=2 7 6 -5 5 -7 -8 -9 -10 -11 11 13 -14 -15
leaf_value=-0.0016263613194746577 0.021361228642757475 0.0012699491476123959 -0.001226827315493446 -0.03347179003844538 0.030298098561757511 -0.010296484037928818 -0.016509440710284089 -0.038421845686860086 0.032483858622166441 -0.020828370287591488 0.026980595197662022 0.0091769337684735677 -0.022337737974498527 -0.017430647603406686
leaf_weight=47.116493233435904 0.85983937897253726 2.0181729632895431 1.6718706870742588 1.7476905882358549 5.2231015270954222 2.677505825238768 1.0146248546661798 3.4512319250497967 6.3637745396990795 2.8688214188441625 3.589803601964376 6.0231041813094617 3.701662953302729 2.8257421322341543
leaf_count=1558 27 58 29 93 147 49 82 115 101 30 110 976 106 82
internal_value=-9.05501e-05 -0.00197238 0.0118839 -0.0144813 0.00011227 0.0169295 0.0201652 -0.0258434 0.0261106 -0.0021193 -0.000959872 0.0090486 -0.00353697 -0.00022689
internal_weight=91.1534 79.4956 11.6578 2.60753 74.0262 7.90061 9.05027 5.4694 8.03565 66.1256 63.2568 12.4386 50.8182 8.84885
internal_count=3563 3231 332 120 3058 196 212 173 130 2862 2832 1168 1664 1058
is_linear=0
shrinkage=0.05


Tree=343
num_leaves=15
num_cat=0
split_feature=8 20 16 10 13 19 16 22 9 20 18 0 23 21
split_gain=0.640152 0.807333 0.896725 1.8444 1.05916 0.826484 0.903541 0.7719 0.741985 0.848402 0.833434 0.871936 0.936006 0.725894
threshold=0.96370440500000021 0.063898661000000009 29.892942000000001 0.46490633500000006 0.072621222000000013 0.25324894500000006 25.000238000000003 0.79452948000000012 11.416666500000002 0.07849097250000002 8.7984149000000004e-05 0.019075739000000005 -0.80734503499999988 0.6595409900000001
decision_type=2 2 2 2 2 2 2 2 2 2 2 2 2 2
left_child=1 5 3 4 -3 6 -1 -6 13 -10 -11 12 -12 -4
right_child=-2 2 8 -5 7 -7 -8 -9 9 10 11 -13 -14 -15
leaf_value=0.001915102966735011 0.0067133007837041937 0.010646996018479633 -0.0097727146464314206 0.023703836439835164 0.0064048902603899465 -0.0093384129012250554 0.037335411907753552 -0.038624774162766225 0.025676637058029885 0.020437420200368133 0.012739852008625159 0.019078026774196791 -0.024962757956999274 0.0062411411634864722
leaf_weight=3.8756052589160372 21.012032744547469 1.1345902585308048 28.65544925328868 1.3950100876390923 0.7934577406849711 3.135759170356323 2.5599879892833997 6.4668003028273233 3.3644977812655261 2.4711601209128267 1.5401739845983664 1.4166733562014995 5.2011796848964877 8.5343071988754655
leaf_count=83 612 24 820 28 11 1222 96 164 66 71 24 27 107 240
internal_value=-0.000752508 -0.00303898 -0.0051805 -0.0182967 -0.0270563 0.00980286 0.0191311 -0.033524 -0.00236922 0.00711469 -0.000463505 -0.00833496 -0.015816 -0.00603066
internal_weight=91.5567 70.5447 60.9733 9.78986 8.39485 9.57135 6.43559 7.26026 51.1834 13.9937 10.6292 8.15803 6.74135 37.1898
internal_count=3595 2983 1582 227 199 1401 179 175 1355 295 229 158 131 1060
is_linear=0
shrinkage=0.05


Tree=344
num_leaves=15
num_cat=0
split_feature=10 21 0 19 17 0 10 16 17 0 18 18 23 23
split_gain=0.584215 0.7613 1.30531 1.04633 1.27553 0.797432 0.692295 0.637831 0.62213 0.514568 0.507825 1.05631 0.70402 0.969797
threshold=0.63039380500000008 0.53510995500000014 0.013445178500000002 0.7972222200000002 0.0024262726000000004 0.011635519000000002 0.53614204000000021 24.922671500000003 0.0029577110000000005 0.017742791000000004 2.8618356000000003e-05 2.0322295000000003e-05 0.11031790000000001 0.35945833500000007
decision_type=2 2 2 2 2 2 2 2 2 2 2 2 2 2
left_child=1 2 -1 4 -4 -3 7 -7 -6 -8 11 -9 -12 -14
right_child=-2 5 3 -5 8 6 9 10 -10 -11 12 -13 13 -15
leaf_value=-0.018312333322977773 0.019565262991014454 0.022328430873265109 0.037972874356491361 -0.021386726788940713 -0.015995594455574396 -0.022526580281525484 -0.02792509113983252 0.0088829340587291746 0.015295720858942895 0.0029103823881123244 0.0060799187710225038 -0.033665339644854471 -0.021532916799838719 -0.00029852267998676119
leaf_weight=2.3015306266170219 2.786727117112604 2.1501880967334719 4.9793949080631101 0.73783046402968544 1.7893363614566622 2.5631882399320594 3.6195418557617804 2.033818094758316 2.7124202912673354 1.6662266463972626 28.815541763789952 2.2652733442373574 5.6709803033154449 27.871268138114829
leaf_count=883 51 383 106 588 49 37 74 43 55 31 550 35 102 646
internal_value=0.000328627 -0.00048281 0.0104727 0.0180101 0.022824 -0.00238404 -0.00338349 -0.00191159 0.00221148 -0.0192882 -0.000797637 -0.0156588 0.000457902 -0.00440806
internal_weight=91.9633 89.1765 12.5205 10.219 9.48115 76.656 74.5058 69.2201 4.50176 5.28577 66.6569 4.29909 62.3578 33.5422
internal_count=3633 3582 1681 798 210 1901 1518 1413 104 105 1376 78 1298 748
is_linear=0
shrinkage=0.05


Tree=345
num_leaves=15
num_cat=0
split_feature=16 11 20 23 10 1 16 13 20 18 20 14 8 15
split_gain=0.384058 0.797315 1.19048 1.04538 1.26336 0.770041 0.810688 0.767457 0.779864 1.12238 0.97716 0.716809 0.705678 0.704488
threshold=29.995760500000003 0.13580256000000002 0.065730215500000008 0.9750253550000002 0.30180301500000006 0.97798158000000013 30.023901000000002 0.86062846500000012 0.067954421000000001 4.2359866500000006e-05 0.073781820500000012 0.25543735500000003 0.64987996000000015 0.026432231000000004
decision_type=2 2 2 2 2 2 2 2 2 2 2 2 2 2
left_child=1 3 -3 4 -1 -2 -7 8 9 -8 -10 -12 -9 -13
right_child=5 2 -4 -5 -6 6 7 12 10 -11 11 13 -14 -15
leaf_value=0.006511433280536591 0.01588387661820129 0.021210737856207765 -0.011534491273043661 0.010544391423840796 -0.021976046216361265 0.019335410319297683 -0.017972477940959759 0.029540969969163385 -0.028930858550582958 0.034140778546941496 -0.019128763975497579 0.0042392219577429792 -0.0090625418938444554 -0.010429912079253551
leaf_weight=4.6696708110248499 6.7541476802434763 4.9956854790798371 4.2914554945746204 4.1845048536633831 14.616910872427978 3.5150568035896859 0.83966004863032084 2.2979016917233817 3.3724660727893925 1.8794261120783629 5.4506012569181612 22.409359743702225 1.2591991753724867 11.593822000315411
leaf_count=188 770 337 117 305 246 95 508 58 61 83 97 508 18 261
internal_value=-0.00123293 -0.00549419 0.00642926 -0.010282 -0.0150977 0.00117028 -0.000979419 -0.00279057 -0.00465704 0.0175426 -0.00643464 -0.00384407 0.0168855 -0.000917488
internal_weight=92.1299 32.7582 9.28714 23.4711 19.2866 59.3716 52.6175 49.1024 45.5453 2.71909 42.8262 39.4538 3.5571 34.0032
internal_count=3652 1193 454 739 434 2459 1689 1594 1518 591 927 866 76 769
is_linear=0
shrinkage=0.05


Tree=346
num_leaves=15
num_cat=0
split_feature=9 9 17 16 16 16 10 13 13 12 16 19 23 8
split_gain=0.440634 0.697533 0.577496 0.811015 0.864276 0.495013 0.498493 0.551684 1.41351 1.06633 0.933034 0.921095 0.858465 0.713836
threshold=18.750000000000004 15.583333500000002 0.007051918600000001 60.279294000000007 50.62977200000001 24.879500000000004 0.58110454000000011 0.64679805000000012 0.6910889600000002 0.31938352500000006 59.633289000000005 0.20122980000000004 1.90380185 1.4356576000000001
decision_type=2 2 2 2 2 2 2 2 2 2 2 2 2 2
left_child=1 2 5 4 -4 -1 7 12 -9 10 11 -10 13 -7
right_child=-2 -3 3 -5 -6 6 -8 8 9 -11 -12 -13 -14 -15
leaf_value=0.019241474930472249 -0.01680387246531995 0.023092511385660961 -0.0080600306959366409 -0.013583745278682694 0.029256718711075016 0.0031089520677701123 0.014159654223060326 -0.023279286063483111 0.011279173574455402 0.025419650260689833 0.016390028029970246 -0.028144879843625098 -0.02351360949310417 -0.018884745943044675
leaf_weight=1.8512042564252613 2.6032850996707557 2.444473709925659 1.6352755300613342 1.6382896722061557 4.6723912210873095 46.786481517752691 3.5261034467839627 9.0670715001178923 1.4764675738988424 2.625258327650954 2.1137846526980866 3.9257499602681492 2.6987081768602357 3.0028547134716055
leaf_count=44 67 102 82 46 129 1905 89 217 24 79 55 90 617 52
internal_value=0.000339898 0.00103435 0.000139052 0.0121706 0.0198032 -0.00124134 -0.00199124 -0.00296941 -0.00998937 0.0029158 -0.00700647 -0.0172912 -0.000261685 0.00143678
internal_weight=90.0674 87.4641 85.0196 7.94596 6.30767 77.0737 75.2225 71.6964 19.2083 10.1413 7.516 5.40222 52.488 49.7893
internal_count=3598 3531 3429 257 211 3172 3128 3039 465 248 169 114 2574 1957
is_linear=0
shrinkage=0.05


Tree=347
num_leaves=15
num_cat=0
split_feature=0 1 12 22 12 0 21 20 1 18 0 12 7 18
split_gain=0.577242 1.01558 1.07753 0.875648 1.14262 1.23641 1.03695 1.03327 0.970417 0.790101 0.749104 0.725489 0.959343 0.827307
threshold=0.017133270000000003 0.99735449500000006 1.8563827000000002 1.0501558500000001 2.1267385000000005 0.013309801000000001 0.6745911750000001 0.079032316000000005 0.98952850500000011 9.2119774500000026e-05 0.015555302000000002 0.37642211500000006 0.9635395550000001 0.00012059651
decision_type=2 2 2 2 2 2 2 2 2 2 2 2 2 2
left_child=3 2 -2 8 5 -5 7 -7 10 -10 -1 12 -3 -13
right_child=1 11 -4 4 -6 6 -8 -9 9 -11 -12 13 -14 -15
leaf_value=-0.0090843496434356488 0.013921576147144014 -0.0043180243572918161 -0.014800116547082201 -0.031194680521171133 0.022341190959262389 0.007018930711279488 0.024791816689550421 -0.019075133009595052 0.0016185405567131176 0.024549215243892253 0.014661993096322002 0.010458871659722559 -0.033153841720584519 -0.011595343114107102
leaf_weight=8.3763063139922469 11.449916795419993 6.4521886785078113 3.5201366505934848 3.3945061029953711 2.7566226940398328 6.5557319993386027 2.1853562787873662 6.8751634115469642 5.6445551731158075 11.192233610199763 4.1448082546703509 6.718096409662393 4.7849757576186676 8.5012922139139828
leaf_count=835 302 97 98 501 209 498 49 160 133 214 90 189 77 163
internal_value=0.000875973 -0.00346474 0.00666397 0.00439223 -0.00313491 -0.00776088 -0.00109627 -0.00673462 0.00989264 0.0173834 -0.000720688 -0.00922989 -0.0183027 -0.00181561
internal_weight=92.5519 41.4266 14.9701 51.1253 21.7674 19.0108 15.6163 13.4309 29.3579 16.8368 12.5211 26.4566 11.2372 15.2194
internal_count=3615 926 400 2689 1417 1208 707 658 1272 347 925 526 174 352
is_linear=0
shrinkage=0.05


Tree=348
num_leaves=15
num_cat=0
split_feature=19 10 7 0 20 21 0 17 7 10 19 7 20 20
split_gain=0.548897 0.630712 1.08027 1.19789 1.15998 1.44019 0.967853 0.743213 0.561987 0.805036 0.808606 0.901729 0.753929 0.807486
threshold=0.15600907500000002 0.35479151500000006 0.96525184500000016 0.016706048000000005 0.10086051500000003 0.66138174500000002 0.015958009000000006 0.0031350535500000005 0.96525184500000016 0.46266937000000002 0.21796110000000002 0.54558932000000004 0.076616847000000016 0.093111191000000024
decision_type=2 2 2 2 2 2 2 2 2 2 2 2 2 2
left_child=-1 2 3 6 -4 -6 7 -2 9 10 -3 -12 -11 -14
right_child=1 8 4 -5 5 -7 -8 -9 -10 12 11 -13 13 -15
leaf_value=-0.022024575979826461 -0.0081624449460778736 -0.017251220445225767 0.0090771559943601549 0.029376864383476323 -0.02818494168666881 0.013663661253541763 -0.019398416489912942 0.024422454231514179 0.011414544824821135 0.020268727330165999 0.02137696538209595 -0.0060623065384588955 -0.018248247008426557 0.0064748017837781046
leaf_weight=1.2685298681899428 2.1248284156899917 11.791079455171714 12.323688032411157 8.2264293679036182 5.0052964219503329 2.3866517472197302 2.3833111851126887 3.8138840472092852 7.40206073471927 4.8844124257011599 2.7720659902988727 13.523446288570993 3.7358988330233833 9.9326919509330747
leaf_count=17 222 229 1201 229 171 101 60 89 201 229 97 520 85 197
internal_value=0.00234336 0.00292312 0.007928 0.0169515 -9.86536e-05 -0.0146551 0.00283519 0.0132677 -0.000518363 -0.00261206 -0.00784114 -0.00042845 0.00530019 -0.00106587
internal_weight=91.5743 90.3057 36.2641 16.5485 19.7156 7.39195 8.32202 5.93871 54.0417 46.6396 28.0866 16.2955 18.553 13.6686
internal_count=3648 3631 2073 600 1473 272 371 311 1558 1357 846 617 511 282
is_linear=0
shrinkage=0.05


Tree=349
num_leaves=15
num_cat=0
split_feature=3 20 16 21 3 15 12 15 8 23 12 16 15 7
split_gain=0.544905 0.727911 1.45406 1.03395 0.937779 0.721797 1.1292 1.12274 0.959844 0.732147 0.643713 0.71805 0.701888 0.618201
threshold=16.799869000000005 0.061731599500000005 29.852614500000005 0.11479071000000002 23.643038000000004 0.010811126500000002 0.51119263500000012 0.033195592000000003 1.0996411000000001 1.6205086000000002 0.47565236000000005 60.189999500000006 0.022100122000000003 0.50848615500000005
decision_type=2 2 2 2 2 2 2 2 2 2 2 2 2 2
left_child=10 3 4 -2 -3 9 13 8 -8 -4 12 -12 -1 -7
right_child=1 2 5 -5 -6 6 7 -9 -10 -11 11 -13 -14 -15
leaf_value=0.0069394876919863947 -0.020052506756477781 -0.02403344351313276 -0.012363968292577453 0.029575076941096456 0.010264507059057786 -0.013498106976514738 -0.022936292486186883 0.009066060705406314 0.012441680125946817 0.017673588396789564 0.027288138519143648 -0.01169879975739907 -0.019755377713893223 0.012431281029008727
leaf_weight=9.4878937674948265 0.65637680428335388 9.9390871328068879 13.840503190294838 2.8112684809602797 1.8430660840822373 1.7187871346250201 8.1906355944811384 6.5432909523369736 1.7366597480140615 1.4541099990019564 4.7240140654612324 0.88265031910850655 2.2190178091841508 23.644097247801255
leaf_count=403 523 165 246 86 33 35 199 135 38 36 964 128 96 484
internal_value=0.000113853 -0.00181301 -0.00304017 0.0177955 -0.018285 0.000364404 0.00376567 -0.00620257 -0.0161751 -0.00859883 0.00782811 0.0203087 0.000723047 0.0102287
internal_weight=89.6915 72.3779 68.9102 3.46765 11.7822 57.1281 41.8335 16.4706 9.9273 15.2946 17.3136 5.60666 11.7069 25.3629
internal_count=3571 1980 1371 609 198 1173 891 372 237 282 1591 1092 499 519
is_linear=0
shrinkage=0.05


Tree=350
num_leaves=15
num_cat=0
split_feature=20 16 20 17 17 7 22 20 16 16 15 20 10 16
split_gain=0.784576 2.0477 1.15989 1.18812 0.976885 0.893914 0.724772 0.885865 1.35648 1.30283 1.46614 1.19331 1.02353 1.30317
threshold=0.063602257000000009 25.130637500000002 0.069428149000000008 0.0027969301000000005 0.00018579475000000002 0.97605247500000014 1.0428615000000001 0.075620500500000007 30.126313000000003 30.280040000000003 0.030690738000000006 0.10128679500000001 0.32485869000000006 59.580892000000013
decision_type=2 2 2 2 2 2 2 2 2 2 2 2 2 2
left_child=4 -2 5 -4 -1 -3 7 8 -5 10 -9 -11 13 -13
right_child=1 2 3 6 -6 -7 -8 9 -10 11 -12 12 -14 -15
leaf_value=-0.019042693076603806 -0.027738459049219202 0.036796591295442937 -0.031452276759837021 0.039519215479676933 0.016833378978246976 -0.0090055555691629062 -0.0062722404794784935 -0.017115807357776801 -0.01796786422573278 0.027095822985653439 0.017645036516922799 0.012688058588865151 0.010528120236801464 -0.033611188170787419
leaf_weight=1.4454161679022934 6.5050810418324536 2.489960879553109 2.2408021815936072 2.5947974842565595 9.4687177267478528 1.0557256012107243 29.068567817055737 11.985744118515866 0.76510386102017935 5.6394348749236114 3.0750686834508079 1.855206392268882 9.2805435589689278 2.7532618594996165
leaf_count=1383 156 67 53 92 240 50 725 184 18 221 135 69 176 60
internal_value=-0.00110654 -0.00287138 -0.000303768 -0.0018834 0.0108826 0.024178 -0.00044686 0.00406178 0.0253098 0.00134463 -0.00936172 0.00965544 0.00122978 -0.0160337
internal_weight=90.2234 79.3093 72.8042 69.2585 10.9141 3.54569 67.0177 37.9492 3.3599 34.5893 15.0608 19.5284 13.889 4.60847
internal_count=3629 2006 1850 1733 1623 117 1680 955 110 845 319 526 305 129
is_linear=0
shrinkage=0.05


Tree=351
num_leaves=15
num_cat=0
split_feature=22 23 16 17 20 20 20 16 20 20 17 15 3 20
split_gain=0.649747 0.958369 1.33033 0.9081 0.733453 0.833499 0.846791 1.24109 2.97462 2.34426 2.2912 1.03342 0.978125 1.19333
threshold=1.0649500500000002 0.93904818500000009 60.01565750000001 0.0034985199000000006 0.064133348000000021 0.071614835500000015 0.10607253000000001 30.166216000000002 0.075620500500000007 0.10128679500000001 0.0030039902500000001 0.009216785600000001 16.291354500000001 0.10376621000000001
decision_type=2 2 2 2 2 2 2 2 2 2 2 2 2 2
left_child=4 2 3 -2 -1 -6 7 8 -7 -10 -9 -11 -12 -14
right_child=1 -3 -4 -5 5 6 -8 10 9 11 12 -13 13 -15
leaf_value=0.017033155960681945 -0.0074679262335778764 0.00053986527120257553 0.011763286094783058 -0.038335811312148388 -0.013804259387747674 0.037723754622255849 -0.0086702398294994949 -0.031379143433537586 -0.025639212023494857 -0.014393798866492877 -0.0029963720095523543 0.027327154291966388 0.036075057013578458 -0.0053819288779875935
leaf_weight=6.5489669348025918 5.0984853754925989 20.671552017854992 2.6302292218897483 4.7534797071421053 7.7203874690167131 2.7686067353352 10.476227978710083 1.3055648067384016 9.3593239602778322 1.4812403130927112 2.6480735994991838 3.3908437336067436 9.3514141780324262 1.7993234992027272
leaf_count=556 132 1520 52 113 174 107 259 19 174 15 174 86 231 23
internal_value=-0.000737127 -0.00619856 -0.0165703 -0.0245216 0.00249997 0.000312668 0.00313026 0.00712656 -0.00217578 -0.011905 0.0170813 0.0143518 0.023477 0.029493
internal_weight=90.0037 33.1537 12.4822 9.85197 56.85 50.301 42.5806 32.1044 17 14.2314 15.1044 4.87208 13.7988 11.1507
internal_count=3635 1817 297 245 1818 1262 1088 829 382 275 447 101 428 254
is_linear=0
shrinkage=0.05


Tree=352
num_leaves=15
num_cat=0
split_feature=3 3 23 7 1 3 3 8 18 18 23 3 18 8
split_gain=0.700176 0.717378 0.990582 0.80086 0.776499 0.669193 0.557153 0.545241 1.11756 0.610608 0.542131 0.533955 0.766232 1.37248
threshold=18.627838500000006 19.176086000000002 0.11031790000000001 0.96525184500000016 0.98606255000000009 18.169423000000005 27.851412000000007 0.43153226000000006 0.00023621700000000002 0.00023232761500000004 1.0902584500000001 19.940508000000005 9.2119774500000026e-05 0.46398894500000004
decision_type=2 2 2 2 2 2 2 2 2 2 2 2 2 2
left_child=5 3 11 -2 10 -1 7 9 -9 -6 -4 -3 13 -13
right_child=1 2 4 -5 6 -7 -8 8 -10 -11 -12 12 -14 -15
leaf_value=0.0030839967340580104 0.0017588767277856151 0.023836825490995497 -0.030378538884389052 -0.032974936204817958 -0.016332039773027114 0.020983122929971024 -0.025651616027455772 0.013527246184137249 -0.021460018282039389 0.016185858735442246 0.00034162542714865387 0.013925893586094917 0.011675324398047767 -0.028045371442985013
leaf_weight=30.475990818806167 2.7611849142413112 3.2208943914156434 3.8253829156747114 2.8255564260471147 5.4902054682315855 5.4340039393719044 1.1763663466554124 10.55506222094118 1.9020688130694896 0.99279159540310491 2.0133083256660029 2.7460379281546912 9.8172467141412181 3.2619456378743052
leaf_count=2045 102 75 75 60 177 160 22 327 59 36 142 60 195 56
internal_value=0.00103994 -0.00273484 -0.000468527 -0.0181474 -0.00671854 0.00628766 -0.00168308 0.00101737 0.00698735 -0.00985477 -0.0212846 0.00795898 0.00350271 -0.00961203
internal_weight=86.498 50.5881 45.0013 5.58674 25.9552 35.91 20.1165 18.9401 12.4571 6.483 5.83869 19.0461 15.8252 6.00798
internal_count=3591 1386 1224 162 838 2205 621 599 386 213 217 386 311 116
is_linear=0
shrinkage=0.05


Tree=353
num_leaves=15
num_cat=0
split_feature=18 21 17 21 20 20 16 16 19 0 21 8 16 20
split_gain=0.596409 1.02305 0.9546 1.14254 0.93584 0.775816 0.804704 1.0089 0.632361 0.793293 0.861517 0.728689 0.947972 0.688489
threshold=0.00024415867500000003 0.66138174500000002 0.0059791553500000002 0.62069661500000006 0.10310140500000002 0.10607253000000001 59.580892000000013 60.082877000000003 0.22659300500000004 0.019731079500000002 0.5057970650000001 0.57226156000000017 30.120584000000004 0.094391638500000014
decision_type=2 2 2 2 2 2 2 2 2 2 2 2 2 2
left_child=2 -2 4 -4 8 -5 -7 -8 9 10 -1 -10 -13 -12
right_child=1 -3 3 5 -6 6 7 -9 11 -11 13 12 -14 -15
leaf_value=0.028685997310967083 -0.015798726122180883 0.0087833007659508296 0.033070908194621294 0.018566979096030955 -0.027160095993608531 -0.028254710971761212 0.022014894480612755 -0.015896045027486299 -0.010686646677243792 0.025204238909595042 -0.0056513714215286805 0.019459432456195566 -0.011865802238212569 0.016280885895581562
leaf_weight=1.6595654737757346 12.315945336697043 5.4347225048113605 3.7983965038874876 4.0147435230610409 2.2884426559321573 1.8088246383122166 2.6761982649331912 2.4009078589151613 17.484465126850413 3.3861720168497405 17.506310378070342 4.7538306290225574 3.2882286129024578 3.4425563345721448
leaf_count=42 299 153 89 112 31 79 72 71 1544 71 448 245 249 114
internal_value=-0.000294943 -0.00820541 0.00184323 0.0126952 -0.00129874 0.00341294 -0.00665646 0.00442153 0.000345217 0.00572652 0.00186522 -0.00514406 0.00675543 -0.00146966
internal_weight=86.2593 17.7507 68.5086 14.6991 53.8096 10.9007 6.88593 5.07711 51.5211 25.9946 22.6084 25.5265 8.04206 20.9489
internal_count=3619 452 3167 423 2744 334 222 143 2713 675 604 2038 494 562
is_linear=0
shrinkage=0.05


Tree=354
num_leaves=15
num_cat=0
split_feature=20 17 20 16 11 19 16 20 20 20 20 17 9 20
split_gain=0.718577 0.53439 1.3543 1.07745 1.00381 0.688391 0.507695 1.5781 3.51239 3.61131 1.40514 2.01262 1.40071 1.21863
threshold=0.11640078500000002 0.0068466236000000007 0.10915670500000001 59.298369500000007 0.11188691000000002 0.20680023000000003 50.62977200000001 0.097617986500000017 0.075620500500000007 0.067954421000000001 0.081653083000000015 0.0045417656500000006 9.583333350000002 0.094391638500000014
decision_type=2 2 2 2 2 2 2 2 2 2 2 2 2 2
left_child=1 2 6 -3 -5 -6 13 8 9 -8 -10 -12 -9 -1
right_child=-2 3 -4 4 5 -7 7 12 10 -11 11 -13 -14 -15
leaf_value=-0.0029916153236807085 -0.026190360979223948 -0.018916245825521222 -0.029552854652972478 -0.013667285883402873 5.1101255713230305e-05 0.033872003413997112 0.02072846232927994 -0.030970950390877702 0.038194413645691205 -0.04407623584654325 -0.032500405892318777 0.02711988893471208 0.0032116134152963883 0.014210659067687748
leaf_weight=31.582371618875186 1.9057003306515969 1.794407837325706 3.3193687062594099 1.4791264329687672 2.0595209226594307 4.6139807406143518 2.7440504803380525 7.4503087996126833 5.3273453316214709 4.5510885504772887 1.6287759738042953 2.0672446908065467 4.375126107595861 14.095666775108837
leaf_count=1561 175 74 117 15 34 86 695 125 132 76 61 89 61 354
internal_value=-0.00172492 -0.000898318 -0.00233809 0.00946105 0.0170913 0.0248013 -0.000735776 -0.00590509 0.00417782 -0.0201398 0.0238858 -0.000479757 -0.0190599 0.00250751
internal_weight=88.9941 87.0884 77.1413 9.94704 8.15263 6.6735 73.822 28.1439 16.3185 7.29514 9.02337 3.69602 11.8254 45.678
internal_count=3655 3480 3271 209 135 120 3154 1239 1053 771 282 150 186 1915
is_linear=0
shrinkage=0.05


Tree=355
num_leaves=15
num_cat=0
split_feature=20 17 7 20 20 7 10 23 9 21 17 20 10 0
split_gain=0.655217 1.07388 0.93342 0.882861 1.76176 0.914314 0.872234 0.795342 0.742454 0.725026 0.758816 1.67155 0.731856 0.722324
threshold=0.10503381000000002 0.0061889249000000009 0.96432892000000014 0.093111191000000024 0.080423944000000011 0.96279997500000014 0.305708535 0.65799999000000009 8.4166666500000016 0.60729416500000011 0.0032561661500000003 0.076390651000000018 0.37938248000000002 0.012457429500000002
decision_type=2 2 2 2 2 2 2 2 2 2 2 2 2 2
left_child=3 -2 -3 4 9 -5 -7 -4 -8 10 11 13 -11 -1
right_child=1 2 7 5 -6 6 8 -9 -10 12 -12 -13 -14 -15
leaf_value=-0.018886891569867115 -0.036770282564424696 -0.010603061942203243 0.024492475699439107 0.018097296532335657 -0.030579433669560431 0.013242453289851259 -0.025883172549465084 -0.013683127013279832 0.0089206530867795061 0.0076700531777751067 0.016379776359324621 -0.034413593226289188 -0.026194469108746305 0.0065204645005102401
leaf_weight=2.1772393172868822 1.8848702777759196 12.100958293362057 3.4099623388319733 12.63590109953657 3.880173581201233 4.1958302931525377 3.4045091623120243 1.2170789690571835 1.7268696171231566 1.9356846416485485 8.0416564492625167 2.2007479883322949 3.3653103122487664 23.989344839923433
leaf_count=809 48 297 92 268 163 222 52 79 33 61 172 34 44 1228
internal_value=-0.000477137 -0.0085308 -0.00345419 0.00183395 -0.0021502 0.00983757 -0.00202104 0.0138038 -0.0146259 0.00114856 0.00376607 -0.000245691 -0.0145739 0.00378899
internal_weight=86.1661 18.6129 16.728 67.5533 45.5902 21.9631 9.32721 4.62704 5.13138 41.71 36.409 28.3673 5.30099 26.1666
internal_count=3602 516 468 3086 2511 575 307 171 85 2348 2243 2071 105 2037
is_linear=0
shrinkage=0.05


Tree=356
num_leaves=15
num_cat=0
split_feature=17 20 20 17 16 20 20 20 20 9 22 9 22 17
split_gain=0.557985 1.67121 1.05206 1.46795 3.3324 3.45302 1.45409 1.2308 0.995631 0.872951 0.853524 0.871656 0.800387 0.676348
threshold=0.0031207643500000006 0.074158984000000011 0.078237381500000022 0.0045417656500000006 50.62977200000001 0.081653083000000015 0.072736333000000014 0.10086051500000003 0.090281126000000003 3.9000000000000004 0.90886128500000007 4.5833333500000011 1.1932324000000001 0.0056782438500000013
decision_type=2 2 2 2 2 2 2 2 2 2 2 2 2 2
left_child=1 9 6 4 -4 -6 -2 8 -5 -1 -11 -12 -10 -9
right_child=2 -3 3 7 5 -7 -8 13 12 10 11 -13 -14 -15
leaf_value=0.022349673745175647 -0.019448950596416086 -0.038174112492360163 -0.042413397927878113 -0.01506158393612222 0.041639869453805919 -0.032915545756395222 0.024572671907792762 -0.025720626165093637 0.038158476405309838 0.015567522400382587 -0.032062615326715387 -0.00379613803703952 -0.0036674418864963937 0.0017710017087955608
leaf_weight=2.4854576116195011 1.5389281729294442 2.4590609700244377 4.8126411921693926 0.88317411913885635 2.8113030938839074 1.6921714758500455 8.6231125885678903 1.391616083565167 4.3317674844875 3.4661389317188904 2.3515496991312856 16.694563099197694 1.2468356518656944 33.655888714893081
leaf_count=672 26 59 138 8 62 64 214 23 225 91 122 1115 21 826
internal_value=0.000202347 -0.00559626 0.00286107 -0.000187858 -0.0171039 0.0127352 0.0167609 0.00392174 0.0223604 -0.00104643 -0.00447017 -0.00871144 0.0296738 -3.83453e-06
internal_weight=88.4442 27.4568 60.9874 50.8254 9.31612 4.50347 10.162 41.5093 6.46178 24.9977 22.5123 19.0461 5.5786 35.0475
internal_count=3666 2059 1607 1367 264 126 240 1103 254 2000 1328 1237 246 849
is_linear=0
shrinkage=0.05


Tree=357
num_leaves=15
num_cat=0
split_feature=14 13 3 0 11 0 0 0 15 14 0 10 7 15
split_gain=0.864541 0.802187 0.702674 0.644935 0.610689 0.86478 0.909494 0.741247 0.732465 0.755166 0.710576 0.680669 1.10974 0.817461
threshold=0.14051282000000004 0.6910889600000002 20.526967500000001 0.017397501000000003 0.13105849000000003 0.017888354500000005 0.018355128000000002 0.014972707000000002 0.011834734000000001 0.34930197000000002 0.020471578000000004 0.41208654000000006 0.45923158000000003 0.018265221000000002
decision_type=2 2 2 2 2 2 2 2 2 2 2 2 2 2
left_child=-1 4 -3 -4 10 7 -7 8 -6 -10 11 13 -13 -2
right_child=1 2 3 -5 5 6 -8 -9 9 -11 -12 12 -14 -15
leaf_value=-0.026332896497947279 -0.0054950420525507263 0.020945623563331149 -0.017296891511286199 0.017714542817983344 0.022916686280958075 -0.028028376646625476 0.0021093269662834711 0.018128919560110614 -0.01948737887888434 0.0075372851608703469 -0.022841162876751267 0.017565096491983054 -0.017960439331797039 0.011570469691637513
leaf_weight=2.0289724622853091 15.1691720270901 7.3109882376447768 2.4144051970797595 1.1752307587303219 1.6910067906574173 2.6073998354258929 7.7769491053622914 11.086918364744632 4.2835043890809157 4.2734544276827364 3.9192747426568522 1.8676843041321252 10.61549326268141 11.439039302727904
leaf_count=46 511 224 59 27 64 54 216 353 136 684 88 53 340 807
internal_value=-7.62646e-05 0.00084266 0.012903 -0.00447211 -0.00106369 0.00412545 -0.00725523 0.0097416 -0.000137373 -0.00661446 -0.00489733 -0.00257344 -0.0117367 0.00199489
internal_weight=87.6595 85.6305 10.9006 3.58964 74.7299 31.7192 10.3843 21.3349 10.248 8.55696 43.0107 39.0914 12.4832 26.6082
internal_count=3662 3616 310 86 3306 1507 270 1237 884 820 1799 1711 393 1318
is_linear=0
shrinkage=0.05


Tree=358
num_leaves=15
num_cat=0
split_feature=20 17 9 0 7 19 21 0 11 15 16 20 20 20
split_gain=0.532203 0.939761 1.0073 0.964173 0.797653 0.763709 0.891292 0.710861 0.637938 0.942604 0.902085 1.34888 2.54449 1.13369
threshold=0.066834719000000015 0.0029143062500000005 10.416666500000002 0.012848706500000003 0.54558932000000004 0.7972222200000002 0.52930046000000008 0.018876627000000003 0.13278071500000002 0.012270400500000002 30.226438000000005 0.07708854100000001 0.093824328000000026 0.10322841500000002
decision_type=2 2 2 2 2 2 2 2 2 2 2 2 2 2
left_child=5 2 4 -3 -2 6 -1 -8 10 -10 11 -5 -13 -14
right_child=1 3 -4 8 -6 -7 7 -9 9 -11 -12 12 13 -15
leaf_value=0.026539377025687694 0.010023541783634521 0.020760673225195675 0.011470081064047667 0.016017816230500657 -0.034331756866007708 -0.018982728519235215 0.0094525935665338498 -0.017497484576742658 -0.025580482852412424 -0.0020541799303992396 0.0087700651889068039 -0.038660249165165875 0.022418256128110908 -0.012397746297001062
leaf_weight=5.1233014926110654 0.76913829799741407 4.2741142392842439 1.6343327704817054 4.1143046622164574 4.5607159465143923 1.4471669331978763 7.8971136399923108 2.3866851956117898 4.8136934319045421 16.673833722481504 22.077108732366469 4.9789149365387839 3.4788079210557044 3.9611698699300177
leaf_count=147 16 384 30 88 133 1364 208 39 94 379 455 99 68 104
internal_value=0.000162236 -0.00174777 -0.0179504 0.000252906 -0.0273586 0.0078915 0.0114189 0.00220159 -0.00152151 -0.00822778 0.00232417 -0.00629244 -0.0143266 0.00460899
internal_weight=88.1904 71.3361 6.96419 64.3719 5.32985 16.8543 15.4071 10.2838 60.0978 21.4875 38.6103 16.5332 12.4189 7.43998
internal_count=3608 1850 179 1671 149 1758 394 247 1287 473 814 359 271 172
is_linear=0
shrinkage=0.05


Tree=359
num_leaves=15
num_cat=0
split_feature=12 3 20 17 20 10 11 17 20 18 3 19 9 18
split_gain=0.507883 1.34124 0.657134 1.04241 0.869895 1.45353 0.955251 1.40116 1.41404 1.04563 0.827883 0.804348 0.746043 0.646443
threshold=0.37083273500000008 22.463563000000004 0.10376621000000001 0.0057897354500000007 0.078237381500000022 0.30180301500000006 0.10888515500000001 0.0029143062500000005 0.063602257000000009 9.7882792000000002e-05 27.851412000000007 0.7972222200000002 3.9000000000000004 5.7729875000000009e-05
decision_type=2 2 2 2 2 2 2 2 2 2 2 2 2 2
left_child=1 -1 3 4 6 -6 -2 8 11 -10 -9 -8 -5 -4
right_child=2 -3 13 12 5 -7 7 10 9 -11 -12 -13 -14 -15
leaf_value=0.010686756407338995 -0.018874799991605778 -0.017039338613832115 -0.028313681340413122 -0.013538452805791901 0.022784612443974603 -0.018422466234938813 0.025753726437398629 0.029060412160115526 -0.029103443060650453 0.0040180688852276703 -0.012541924985319575 -0.013506549691336175 0.025628863317593037 -0.0053412502274526015
leaf_weight=21.258144851803085 3.1817061756446519 4.4816649845015482 3.1073991614539436 0.85840674926293914 1.6768872940374411 12.077703219154499 3.9201825409691109 6.4968572438228867 4.358613977514322 3.9048182049009483 0.8400963470339774 1.0677607788238672 4.9017476893495768 14.898868561576817
leaf_count=664 85 104 78 79 120 319 151 236 134 86 6 1072 100 395
internal_value=-0.00036573 0.00540256 -0.00283602 0.000554513 -0.00263568 -0.012195 0.00316483 0.00728736 -0.00262862 -0.014708 0.0233639 0.0164973 0.0186527 -0.0105868
internal_weight=87.0309 25.7398 61.291 43.2848 37.5246 13.7546 23.77 20.5883 13.2514 8.26343 7.33695 4.98794 5.76015 18.0063
internal_count=3629 768 2861 2388 2209 439 1770 1685 1443 220 242 1223 179 473
is_linear=0
shrinkage=0.05


Tree=360
num_leaves=15
num_cat=0
split_feature=17 20 19 19 18 20 17 18 22 7 3 15 20 17
split_gain=0.509052 1.00137 0.993814 0.635676 0.828302 0.511661 1.00631 0.962725 0.54219 0.561175 0.498354 0.776218 0.720923 1.24254
threshold=0.0021042058000000003 0.060923370000000011 0.29531531500000002 0.25419047000000006 0.00018232697500000005 0.067954421000000001 0.0029143062500000005 0.00017923098000000002 1.0367686500000002 0.95983307000000007 22.7684575 0.018433571500000006 0.07685541550000001 0.0034136266500000008
decision_type=2 2 2 2 2 2 2 2 2 2 2 2 2 2
left_child=1 2 -1 5 -5 8 7 -7 9 -2 12 -12 -8 -14
right_child=3 -3 -4 4 -6 6 10 -9 -10 -11 11 -13 13 -15
leaf_value=0.025083286878512492 -0.011941745769593058 -0.033100301646150902 -0.019073758241022726 0.022657518656584177 -0.010331685707883894 -0.034213960779817386 0.017686556768641844 0.011346393277386582 0.0197473501018018 0.012562355810107926 0.0071912921974138207 -0.019669770133544841 -0.027009197283919491 0.0023190835100943873
leaf_weight=1.7126004901074332 3.9464186511468125 2.2239145999483299 1.4425154695200033 5.7733220339141544 1.9712793158250859 3.2223271774419109 5.356873683675075 1.0385818337090311 5.0323389586119447 3.4290190719184466 3.6519081429578346 6.1208683167933486 2.9790011659933944 38.113001373494626
leaf_count=90 63 25 1398 154 67 108 165 15 107 117 84 110 51 1065
internal_value=0.000240477 -0.0133656 0.00516303 0.00130072 0.0140393 -0.00022444 -0.00215145 -0.0230629 0.00862878 -0.000409526 -0.000191269 -0.00989648 0.00201623 -0.000398254
internal_weight=86.014 5.37903 3.15512 80.6349 7.7446 72.8903 60.4826 4.26091 12.4078 7.37544 56.2217 9.77278 46.4489 41.092
internal_count=3619 1513 1488 2106 221 1885 1598 123 287 180 1475 194 1281 1116
is_linear=0
shrinkage=0.05


Tree=361
num_leaves=15
num_cat=0
split_feature=14 18 20 16 14 3 12 13 18 14 12 16 15 11
split_gain=0.478254 0.815739 0.747808 0.887095 0.737646 0.561978 1.09935 0.909962 0.713672 0.673915 0.843482 0.610656 0.613098 0.586949
threshold=0.44648118000000009 0.00024786282000000009 0.090281126000000003 59.701793000000002 0.39314988000000006 19.393127500000002 0.48775060000000009 0.58234668000000012 0.00018761978500000001 0.25735931000000006 0.51635993000000002 24.908025500000004 0.013606072000000002 0.15053670500000002
decision_type=2 2 2 2 2 2 2 2 2 2 2 2 2 2
left_child=4 2 -2 -4 5 6 13 8 -7 -9 11 -11 -13 -1
right_child=1 -3 3 -5 -6 7 -8 9 -10 10 -12 12 -14 -15
leaf_value=-0.0063395367000021437 -0.011374708600799078 -0.025274460782725841 0.027262301596072999 -0.0066587057710370302 0.01757746752423571 -0.019682497604180907 0.017683244589862684 -0.0050004644783865322 0.015721077976785482 -0.01488799048596471 -0.017878394022877338 0.0043503763939828624 0.026397280212232584 -0.026157940090305917
leaf_weight=24.842377441673314 9.24446385940246 4.7012370455922783 2.6332748656641334 3.4515487181051867 4.2555085061176205 5.2789294651738627 3.2548268112586802 6.8285141180531381 1.0297149166581219 0.73367164231604221 1.1905897525139142 5.3162256136274655 8.8364625998801767 3.6873416587477541
leaf_count=864 1118 167 168 144 166 133 127 169 47 14 40 166 221 111
internal_value=-0.00253462 -0.00909219 -0.00288548 0.00979698 -0.000414848 -0.00193333 -0.00644208 0.00302298 -0.0125435 0.00765568 0.0130093 0.0164495 0.0189494 -0.00970006
internal_weight=85.2847 20.0305 15.3293 6.08482 65.2542 60.9987 31.7845 29.2141 6.30864 22.9055 16.0769 14.8864 14.1527 28.5297
internal_count=3655 1597 1430 312 2058 1892 1102 790 180 610 441 401 387 975
is_linear=0
shrinkage=0.05


Tree=362
num_leaves=15
num_cat=0
split_feature=20 10 7 23 17 23 17 17 20 10 8 20 20 17
split_gain=0.613665 1.07003 1.01309 0.817966 0.775927 0.751323 0.644052 1.07257 1.04565 1.04505 0.959454 0.954517 1.2398 0.625674
threshold=0.10376621000000001 0.33310076500000002 0.96091069000000007 -0.65697993999999993 0.0068466236000000007 0.45330680000000007 0.005836314950000001 0.0064359169000000006 0.10060217 0.28085341500000011 0.49032166500000007 0.091536058000000017 0.082444111500000014 0.0031207643500000006
decision_type=2 2 2 2 2 2 2 2 2 2 2 2 2 2
left_child=6 3 4 -2 5 -3 8 9 11 -8 -10 12 13 -1
right_child=1 2 -4 -5 -6 -7 7 -9 10 -11 -12 -13 -14 -15
leaf_value=-0.0021464116413738364 0.0068899778423462859 -0.032497289772580214 0.019818497004267004 -0.030810067762821504 0.0050903741912245006 0.0020341466205551629 -0.0099382556027464569 -0.016538140787087527 -0.029503421999424653 0.035024005803724403 0.0050529455514251101 0.02158360192370953 -0.030701917626136489 0.010138896542069845
leaf_weight=27.178056220218423 1.4575199708051512 3.0708594080060703 3.7405094263376659 5.2107174903358127 5.8073221829545218 2.3876373847015202 1.2289777794212557 1.3097755197813965 4.1822980078868559 4.1454846361593809 2.8633978553116322 4.9821260807366334 2.016214801289606 15.489943132706683
leaf_count=2004 51 48 74 195 175 60 57 27 43 114 27 234 113 347
internal_value=-0.00048227 -0.00755118 0.000199961 -0.0227458 -0.00739854 -0.0194164 0.00201425 0.0155987 0.000170612 0.0247963 -0.0165771 0.00282674 0.00030874 0.00244362
internal_weight=85.0708 21.6746 15.0063 6.66824 11.2658 5.4585 63.3963 6.68424 56.712 5.37446 7.0457 49.6663 44.6842 42.668
internal_count=3569 603 357 246 283 108 2966 198 2768 171 70 2698 2464 2351
is_linear=0
shrinkage=0.05


Tree=363
num_leaves=15
num_cat=0
split_feature=8 12 13 13 18 19 12 12 7 9 3 18 18 18
split_gain=0.444627 0.658951 1.3066 1.20099 0.729743 0.543677 1.10688 0.863707 1.14082 0.662915 0.97682 0.601297 0.83819 1.08864
threshold=1.3169471000000001 0.45988373000000005 0.57139120500000018 0.13366926000000004 0.00028335031500000002 0.20247494500000005 0.42131224500000003 0.42949301500000009 0.55003015500000008 8.4166666500000016 17.089924000000003 0.00035035187000000004 0.00027673956000000006 0.00020511551000000001
decision_type=2 2 2 2 2 2 2 2 2 2 2 2 2 2
left_child=1 5 3 -3 -4 6 9 11 -9 -1 -11 12 13 -7
right_child=-2 2 4 -5 -6 7 -8 8 -10 10 -12 -13 -14 -15
leaf_value=0.016097530498650921 0.0094034690798363782 -0.0059373521324505704 -0.028814252532137999 0.024068300655062092 0.0062199424329718823 -0.001987753278746588 -0.032106149004924034 -0.018996664930129595 0.029042017062119226 0.019451879735786708 -0.01903270922307446 0.020693620463818025 -0.024460222132879961 0.026442889005755463
leaf_weight=3.6025836954941024 9.8821222383412515 15.576466851620358 6.9274031541863206 3.1746831386481054 1.443099138967227 23.801798839936975 2.2589338183170176 0.8069897930836295 5.2245469852350652 1.4301690412685273 4.5501843522069976 2.5968324697023482 2.3727227377239606 2.9020271786430376
leaf_count=90 250 874 209 733 25 905 39 17 185 24 82 59 51 70
internal_value=-6.26273e-05 -0.00138812 -0.00750913 0.000104156 -0.0227551 0.00204476 -0.00692308 0.00496737 0.0208271 0.00148603 -0.00836114 0.00140221 -0.000951457 0.00194489
internal_weight=86.5506 76.6684 27.1217 18.7511 8.3705 49.5468 11.8419 37.7049 6.03154 9.58294 5.98035 31.6734 29.0765 26.7038
internal_count=3613 3363 1841 1607 234 1522 235 1287 202 196 106 1085 1026 975
is_linear=0
shrinkage=0.05


Tree=364
num_leaves=15
num_cat=0
split_feature=20 15 17 20 17 16 20 9 18 18 0 7 15 17
split_gain=0.711715 0.47585 0.456497 1.67815 0.894358 1.79506 1.48745 0.722705 0.683602 0.901221 0.835768 0.595974 0.567603 1.1439
threshold=0.11454204000000003 0.040678434000000006 0.0031207643500000006 0.074158984000000011 0.0027969301000000005 30.166216000000002 0.067954421000000001 10.166666500000002 0.00016488591500000003 9.2119774500000026e-05 0.013262576500000003 0.65614879000000015 0.0076046727000000014 0.0035871455500000003
decision_type=2 2 2 2 2 2 2 2 2 2 2 2 2 2
left_child=2 -2 3 4 6 -6 7 8 9 11 -11 -1 13 -4
right_child=1 -3 12 -5 5 -7 -8 -9 -10 10 -12 -13 -14 -15
leaf_value=-0.021327958566924925 -0.025661800963240219 0.01121944388684179 0.0231247104653272 -0.037730939623724119 0.039936258713003499 -0.020801661243820314 -0.033800251102581245 -0.013538382145264677 -0.020414051774958721 -0.011601668079812999 0.034398389383164731 0.007399110766698371 0.0062219159234215664 -0.012363144073145824
leaf_weight=1.4346382139047031 3.1401469852426085 0.49720646219793696 1.868993732263333 2.3271183734468641 2.4128861702629361 1.1214063508959951 2.5265626246109596 4.6380855890311059 1.0103420647792507 0.71200263894570515 3.9097447401145473 5.9861530016642064 41.675439813559933 10.453814093591062
leaf_count=160 188 23 40 59 64 21 87 337 16 31 93 1125 1149 192
internal_value=-0.00023995 -0.0192881 0.000852503 -0.00447373 0.000177414 0.0203271 -0.00413704 0.00168107 0.00766757 0.0114081 0.0265087 -2.78529e-05 0.00345943 -0.005649
internal_weight=83.7145 3.63735 80.0772 26.0789 23.7518 3.53429 20.2175 17.691 13.0529 12.0425 4.62175 7.42079 53.9982 12.3228
internal_count=3585 211 3374 1993 1934 85 1849 1762 1425 1409 124 1285 1381 232
is_linear=0
shrinkage=0.05


Tree=365
num_leaves=15
num_cat=0
split_feature=0 19 0 23 0 15 13 16 20 20 20 17 0 20
split_gain=0.578905 0.762735 0.728311 0.688341 0.687021 0.902748 0.576053 0.49675 1.28981 2.38837 2.09096 1.63861 1.72724 0.857908
threshold=0.019341571000000005 0.23798983000000004 0.019170719000000006 -1.3464990999999997 0.018355128000000002 0.045199182500000011 0.54487482500000006 50.62977200000001 0.093824328000000026 0.077591062500000016 0.10915670500000001 0.0026379242000000003 0.014893143000000001 0.067954421000000001
decision_type=2 2 2 2 2 2 2 2 2 2 2 2 2 2
left_child=2 3 4 -2 5 7 -3 8 9 11 -10 -1 -13 -9
right_child=1 6 -4 -5 -6 -7 -8 13 10 -11 -12 12 -14 -15
leaf_value=-0.011419991077486022 -0.015672568879012114 0.012648636374358658 -0.025104121391076706 0.019845944450514273 0.013050152876384486 0.020522295159414571 -0.020898581748239706 0.016450251620406208 0.022273952966668065 -0.037572668891644678 -0.030263473021089528 -0.0072994602894034272 0.035331191345070248 -0.012001747708774872
leaf_weight=10.235293842139077 0.82230369746684928 1.2378510834241745 2.2421442526247111 9.1099894006038067 6.9252612999989642 2.9911938650038783 2.3363497629325138 2.0952392018516575 9.4171307067736034 3.9664332349784663 1.4058206107583817 3.7311107801797316 4.3972247666679323 23.587515919876751
leaf_count=666 13 40 42 197 179 928 75 428 186 99 104 56 95 485
internal_value=-0.00010644 0.0090072 -0.00194131 0.0157407 -0.000836854 -0.0025753 -0.00905496 -0.00407293 1.37297e-05 -0.00680467 0.0134672 0.00143821 0.0171067 -0.00915107
internal_weight=84.5009 13.5065 70.9944 9.93229 68.7522 61.827 3.5742 58.8358 33.153 22.3301 10.823 18.3636 8.12834 25.6828
internal_count=3593 325 3268 210 3226 3047 115 2119 1206 916 290 817 151 913
is_linear=0
shrinkage=0.05


Tree=366
num_leaves=15
num_cat=0
split_feature=0 21 20 16 18 12 12 3 1 12 21 20 1 11
split_gain=0.644259 1.35287 0.930039 0.869869 0.857161 0.826013 0.949265 0.976732 0.898681 0.816762 0.778189 1.2993 0.773434 0.769266
threshold=0.016491046000000002 0.52930046000000008 0.065730215500000008 29.892942000000001 8.7984149000000004e-05 1.9111512000000002 0.38860133000000008 21.136850500000005 0.98830369000000007 0.57236142000000012 0.64906421500000011 0.080423944000000011 0.9547502000000001 0.11799099
decision_type=2 2 2 2 2 2 2 2 2 2 2 2 2 2
left_child=5 2 -2 -3 13 6 7 -1 12 -10 11 -6 -8 -5
right_child=1 3 -4 4 10 -7 8 -9 9 -11 -12 -13 -14 -15
leaf_value=0.019621969352512578 0.033587970739464949 -0.018860387134076343 -0.0078904899017711756 -0.011310764701107066 0.0033187171112735048 0.021425103917118219 0.015622795372003621 -0.0093321145560457189 0.0074991736507733029 -0.022571537976987181 0.0059183746762707509 -0.023948915560626085 -0.025759523218101429 0.01952694696851523
leaf_weight=9.364410743743063 2.8365374222194069 9.8063632178818789 1.5926292865769935 2.1066564811626476 7.0845050797797802 5.4224586588534285 0.67277281790302446 3.3598964901466379 11.685216051395399 1.7551246958173585 7.3870512976427554 9.5521941173356009 5.3897959830937907 5.8460039609344676
leaf_count=444 235 154 46 57 138 645 506 108 441 67 174 209 260 157
internal_value=0.000255131 -0.00366667 0.019967 -0.0065801 -0.00235632 0.00503915 0.00172027 0.0118536 -0.00514676 0.0022812 -0.00704314 -0.0128076 -0.0196054 0.0110071
internal_weight=83.8616 46.2119 4.42917 41.7828 31.9764 37.6497 32.2272 12.7243 19.5029 13.4403 24.0238 16.6367 6.06257 7.95266
internal_count=3641 1170 281 889 735 2471 1826 552 1274 508 521 347 766 214
is_linear=0
shrinkage=0.05


Tree=367
num_leaves=15
num_cat=0
split_feature=0 15 19 21 12 17 8 9 17 14 14 9 21 18
split_gain=0.355758 0.473958 0.476355 0.64174 0.557731 0.754102 0.505013 1.2453 0.814756 0.76407 0.78493 0.822325 0.799338 0.728581
threshold=0.011635519000000002 0.046332737000000006 0.29531531500000002 0.52930046000000008 0.36888717500000007 0.0024262726000000004 0.99218534500000011 3.9000000000000004 0.0024461960500000005 0.14839840000000001 0.32025641000000005 6.4166666500000007 0.69413460500000013 4.1250294000000011e-05
decision_type=2 2 2 2 2 2 2 2 2 2 2 2 2 2
left_child=-1 2 3 4 -2 -6 9 -8 -9 -5 11 -11 -13 -12
right_child=1 -3 -4 6 5 -7 7 8 -10 10 13 12 -14 -15
leaf_value=0.01409662182194488 0.026398983328859378 -0.017910214670725309 -0.023344078997348753 -0.028151741015296022 0.015999726071952432 -0.017413424680984679 -0.018822183406316528 -0.014842663668351953 0.018340858733782654 0.019292416727576089 0.011712874212932121 0.0025236418127808245 -0.026933802568559918 -0.010929788882605814
leaf_weight=3.000664747429254 3.1387103145243591 3.0243390690593506 1.1863095478620369 1.9741293827537436 2.7559225731529295 2.0712184456642717 2.8832231364212921 1.4210988010745484 10.711437359917907 5.6583133018575635 3.3005844791187 19.431699680339083 1.5964447153965 24.011415447108448
leaf_count=1025 62 123 776 25 62 59 54 19 227 125 79 396 38 573
internal_value=-0.00047857 -0.0011657 -0.00032085 0.000312723 0.0129236 0.00113491 -0.00126225 0.00660422 0.0136198 -0.00345147 -0.00205301 0.00397614 -0.000833926 -0.00787642
internal_weight=86.1655 83.1648 80.1405 78.9542 7.96585 4.82714 70.9883 15.0158 12.1325 55.9726 53.9985 26.6865 21.0281 27.312
internal_count=3643 2618 2495 1719 183 121 1536 300 246 1236 1211 559 434 652
is_linear=0
shrinkage=0.05


Tree=368
num_leaves=15
num_cat=0
split_feature=23 16 3 16 18 22 16 14 12 12 16 20 18 21
split_gain=0.421171 0.800293 0.809148 0.517609 0.433829 0.462028 0.43025 0.590265 0.652576 0.895132 0.780642 1.11929 0.892652 0.808054
threshold=-0.89505757999999991 59.722866000000003 18.627838500000006 24.879500000000004 9.2119774500000026e-05 0.75672024000000004 24.922671500000003 0.32025641000000005 0.4908558950000001 0.41620848000000005 49.989851000000009 0.10741291000000001 0.00042410454000000008 0.49346807500000006
decision_type=2 2 2 2 2 2 2 2 2 2 2 2 2 2
left_child=1 2 -1 -2 -4 -6 -5 8 9 10 11 13 -12 -8
right_child=3 -3 4 6 5 -7 7 -9 -10 -11 12 -13 -14 -15
leaf_value=0.016250310704792863 0.01981189864250946 0.028833747060171711 -0.026566187316284118 -0.022179210305053806 -0.017466915439764207 0.012063321331550643 -0.016326817558737283 -0.0073416649699035485 0.020892338311442174 -0.013661714042166307 -0.009341725237162507 -0.024448693951532929 0.026746362455071539 0.02242200862130464
leaf_weight=3.2462220302768383 1.4197347956651345 2.1209747085013069 1.8202977357432244 2.0677470997034098 1.252439075149596 2.2155292711686343 0.81219312142639388 35.887835600318795 2.9420336157345437 8.4899931481486401 10.849593140199429 0.8872736483463094 1.0220832410268474 9.722308461845385
leaf_count=204 35 139 25 66 14 52 139 2074 98 244 323 50 13 183
internal_value=-0.00170974 0.00716523 -0.000679148 -0.00306435 -0.012003 -0.000123815 -0.00377404 -0.0029329 0.0017014 -0.000658103 0.00444872 0.0132579 -0.00439821 0.0182781
internal_weight=84.7563 10.6555 8.53449 74.1008 5.28827 3.46797 72.6811 70.6133 34.7255 31.7834 23.2935 11.4218 11.8717 10.5345
internal_count=3659 434 295 3225 91 66 3190 3124 1050 952 708 372 336 322
is_linear=0
shrinkage=0.05


Tree=369
num_leaves=15
num_cat=0
split_feature=20 14 23 14 3 21 16 20 22 8 0 21 14 21
split_gain=0.386411 0.376828 0.46749 0.879165 0.961999 0.453251 0.991756 1.13326 0.587472 0.491482 0.366068 0.925389 0.675623 0.623405
threshold=0.11775318000000001 0.14051282000000004 -1.0151093499999997 0.25543735500000003 20.761400000000005 0.67575216500000013 49.866131000000003 0.10376621000000001 0.80370712500000019 0.22483861000000002 0.016058223500000003 0.66138174500000002 0.92247596000000009 0.53510995500000014
decision_type=2 2 2 2 2 2 2 2 2 2 2 2 2 2
left_child=1 -1 3 -3 -5 8 7 -7 -4 -10 11 12 -11 -12
right_child=-2 2 5 4 -6 6 -8 -9 9 10 13 -13 -14 -15
leaf_value=-0.017042310217857595 -0.023753265858595739 -0.017277324466915957 -0.02154286607754485 0.029636728134758802 -0.0048980044549881887 0.019330371135494261 0.02049515369113224 -0.031832132636850502 0.023317330141030268 -0.0075119892138267308 0.016857314179301128 -0.031168874916462266 0.012369973127298102 -0.0017964026211442199
leaf_weight=2.4408333876926909 0.88452626563957792 1.5061777992232217 2.9941070443019262 4.4259247863228666 2.8122815433889627 0.96821884853125029 5.2238817618563189 1.6643747034249825 0.91197946688043785 17.909645081395873 4.2137162470171452 2.4402344141853964 4.5598780337604685 30.884647615603171
leaf_count=44 139 26 46 261 53 37 121 46 690 868 310 43 282 638
internal_value=-0.001357 -0.000838119 -0.000143842 0.0101427 0.017253 -0.00151928 0.00912249 -0.0128741 -0.00294777 -0.00170071 -0.00245689 -0.00696655 -0.00312207 0.000848005
internal_weight=83.8404 82.9559 80.5151 8.74438 7.23821 71.7707 7.85648 2.63259 63.9142 60.9201 60.0081 24.9098 22.4695 35.0984
internal_count=3604 3465 3421 340 314 3081 204 83 2877 2831 2141 1193 1150 948
is_linear=0
shrinkage=0.05


Tree=370
num_leaves=15
num_cat=0
split_feature=20 17 20 16 17 20 7 11 20 17 9 18 10 18
split_gain=0.60024 1.25544 1.6675 1.0949 1.62937 1.87513 0.927718 1.40692 0.806541 1.22346 1.2855 1.10662 0.914233 0.957595
threshold=0.10322841500000002 0.0045417656500000006 0.080423944000000011 59.776466000000006 0.0030985177000000005 0.069428149000000008 0.9635395550000001 0.12309334500000001 0.076616847000000016 0.0031207643500000006 3.4500000000000006 0.00011788483000000002 0.45809632000000006 0.00010286998000000001
decision_type=2 2 2 2 2 2 2 2 2 2 2 2 2 2
left_child=1 2 3 8 5 -5 -3 -8 9 12 -11 -10 -1 -14
right_child=-2 6 -4 4 -6 -7 7 -9 11 10 -12 -13 13 -15
leaf_value=-0.0090580167677910915 -0.0080982001807493424 0.02326109698722274 -0.034596998215872497 0.021178314979791973 0.040106745140468268 -0.033923395021574605 0.022888066518838682 -0.016166369835353619 0.012080153741963879 -0.018641779399696683 0.038111455335999786 -0.026367816565048486 -0.013032025015491489 0.031372681453271385
leaf_weight=17.587239359228995 23.93393966279109 8.324345139320938 2.8906398558756328 2.46987548409379 2.803893411095487 1.7966154711320994 2.8923720507809767 4.6586286856399965 1.8718658036232207 0.68784961925120969 2.6316332088317722 6.1443312663468532 1.2353427715133869 2.2418262285646051
leaf_count=1219 650 200 166 574 89 46 71 184 37 51 83 73 110 41
internal_value=-0.00160368 0.00115708 -0.00336621 -0.000280652 0.0162541 -0.0040605 0.0127111 -0.000279571 -0.00426751 0.000439354 0.0247581 -0.0170457 -0.00434137 0.0162097
internal_weight=82.1704 58.2365 42.3611 39.4705 7.07038 4.26649 15.8753 7.551 32.4001 24.3839 3.31948 8.0162 21.0644 3.47717
internal_count=3594 2944 2489 2323 709 620 455 255 1614 1504 134 110 1370 151
is_linear=0
shrinkage=0.05


Tree=371
num_leaves=15
num_cat=0
split_feature=0 8 1 8 21 17 16 17 11 0 11 10 16 8
split_gain=0.57963 0.552926 0.827793 0.585708 0.937151 0.533457 1.03615 0.68352 0.624928 0.578572 0.621756 0.784226 0.76687 0.754256
threshold=0.023489716000000004 0.38675509500000005 0.9800990100000001 0.41541682500000005 0.63125361000000013 0.0068466236000000007 59.399861000000008 0.0064359169000000006 0.12205076000000002 0.0093405649000000025 0.13607421500000003 0.37702844500000005 60.000067000000008 1.5766705500000002
decision_type=2 2 2 2 2 2 2 2 2 2 2 2 2 2
left_child=1 2 -1 4 -3 7 -7 9 -9 -5 13 12 -12 -11
right_child=-2 3 -4 5 -6 6 -8 8 -10 10 11 -13 -14 -15
leaf_value=0.016660898794689873 -0.024334506012415005 0.027717922071588942 -0.010796946932533701 -0.028188900309139071 -0.0087855837343461026 -0.018069257092519112 0.020087383382179556 0.0055534565531365765 -0.032683064798970998 -0.0047808600652315507 -0.011392049991289782 0.01880387695694026 0.02490843592178358 0.021637526593510478
leaf_weight=2.3495300642534884 1.3643525917141222 4.2860639279533634 16.072389874927467 0.64583700793445942 2.0501702313777059 1.4547066169325242 6.8788864844245836 1.2684523210627952 1.9905933791887944 26.960762094997339 5.3332345474482272 8.7649538929836108 0.90202170095290046 1.9996954851958424
leaf_count=932 32 181 515 13 49 74 149 20 53 940 169 337 47 56
internal_value=7.33522e-05 0.000776589 -0.00661745 0.00302462 0.0163192 0.00126662 0.0122045 -0.000848491 -0.0199913 0.000957802 0.00200345 0.0099278 -0.00342381 -0.00229538
internal_weight=82.3217 80.9573 18.4219 62.5354 6.33623 56.1991 8.33359 47.8656 3.25905 44.6065 43.9607 15.0002 6.23526 28.9605
internal_count=3567 3535 1447 2088 230 1858 223 1635 73 1562 1549 553 216 996
is_linear=0
shrinkage=0.05


Tree=372
num_leaves=15
num_cat=0
split_feature=23 17 20 17 20 3 7 20 17 16 10 0 12 10
split_gain=0.471137 0.559335 1.89663 1.20986 1.18835 0.771738 0.813857 0.988583 1.1278 0.856587 0.753432 0.706951 0.963633 0.667752
threshold=2.4978355500000005 0.0045417656500000006 0.10086051500000003 0.005836314950000001 0.081653083000000015 19.766395000000006 0.97200281500000008 0.10915670500000001 0.0068466236000000007 59.399861000000008 0.35918873000000007 0.016832034000000003 0.54574598500000016 0.48129210000000006
decision_type=2 2 2 2 2 2 2 2 2 2 2 2 2 2
left_child=1 4 -3 10 -1 6 7 -5 -9 -10 -4 12 -7 -13
right_child=-2 2 3 5 -6 11 -8 8 9 -11 -12 13 -14 -15
leaf_value=-0.0014075519207304738 -0.021143194490642711 0.029210931924499497 -0.030966787916126629 0.029431425391868972 -0.034255357586786397 0.019927398583980141 -0.010689975190859378 -0.028919931807848361 -0.020660305527303722 0.022797049050278614 0.0035248234328071498 -0.021655803120170118 -0.016889971173000423 0.0090038404364997
leaf_weight=41.488919731586066 1.6610834795283143 5.5129491324987603 3.5538199600414364 6.2259699250571447 1.957819876843131 4.1025687261717376 2.5455031089732065 1.2241736942669375 0.64857232093345363 3.6273046347778291 2.140882802894339 5.516850171261467 1.8206757068983277 1.8033379104454068
leaf_count=2004 437 258 42 110 130 103 180 48 35 84 31 129 47 35
internal_value=-0.00043686 0.000230912 0.00453977 -0.000289917 -0.00362516 0.00420931 0.0119094 0.0172699 0.00109321 0.0135388 -0.0194103 -0.00434214 0.00780556 -0.0139284
internal_weight=83.8304 82.1693 38.7226 33.2097 43.4467 27.515 14.2715 11.726 5.50005 4.27588 5.6947 13.2434 5.92324 7.32019
internal_count=3673 3236 1102 844 2134 771 457 277 167 119 73 314 150 164
is_linear=0
shrinkage=0.05


Tree=373
num_leaves=15
num_cat=0
split_feature=20 14 17 1 3 23 20 19 8 0 14 17 10 10
split_gain=0.678756 0.533333 0.761401 0.673725 0.77142 0.653682 0.576667 0.566088 1.26078 0.575172 0.715835 0.485977 1.06133 0.855711
threshold=0.11640078500000002 0.37011669000000008 0.0067224302500000005 0.98496155500000004 20.638647500000005 0.64447936500000014 0.10569287000000001 0.23476810000000001 0.47552372000000004 0.016458390000000007 0.94151847000000011 0.0032561661500000003 0.45467968500000006 0.36151584000000009
decision_type=2 2 2 2 2 2 2 2 2 2 2 2 2 2
left_child=1 2 6 4 -3 -4 11 9 -9 -5 -11 12 -1 -13
right_child=-2 3 5 7 -6 -7 -8 8 -10 10 -12 13 -14 -15
leaf_value=-0.014130904750616059 -0.024344105637482807 0.0076700079824512952 0.021549221170768618 0.029537900318867435 -0.022933272202618919 -0.0070022823010802123 -0.023095365888382718 -0.020263512874800646 0.017444800216367667 0.020621186871538549 -0.0071399694674695773 0.011386206945759949 0.013379069888174744 -0.0061678097878485744
leaf_weight=14.759718981702465 1.6575792174553488 3.9129619764353292 4.9550897155568228 4.9115657525835577 2.6497832322929753 2.425423966255039 2.627473573666065 3.1222289892320978 3.7953753446345218 3.6993771272245795 3.8388092307141051 12.089259840286106 3.6521084925188907 13.848327247193081
leaf_count=733 165 1021 84 124 70 42 84 205 227 84 106 224 167 252
internal_value=0.000529775 0.00133647 -0.00148921 0.00709531 -0.00608496 0.0124505 -0.00389314 0.011641 1.56013e-05 0.0176191 0.0073034 -0.00227132 -0.008266 0.00213291
internal_weight=81.9451 80.2875 54.3574 25.9301 6.56275 7.38051 46.9769 19.3674 6.9176 12.4498 7.53819 44.3494 18.4118 25.9376
internal_count=3588 3423 1586 1837 1091 126 1460 746 432 314 190 1376 900 476
is_linear=0
shrinkage=0.05


Tree=374
num_leaves=15
num_cat=0
split_feature=16 20 3 9 15 16 8 15 0 16 22 12 1 13
split_gain=0.664191 0.973373 1.08151 0.732318 1.15785 1.37036 0.833918 0.694135 0.945476 0.895269 0.839234 0.716956 0.697387 0.693779
threshold=25.130637500000002 0.061731599500000005 16.020907000000005 5.7083333500000011 0.016877938000000006 24.951951000000005 0.41402962000000004 0.010152546000000002 0.014305097500000001 29.939767500000006 1.0665914500000002 0.34488099500000008 0.98830369000000007 0.61959561000000007
decision_type=2 2 2 2 2 2 2 2 2 2 2 2 2 2
left_child=1 2 -1 4 -3 -6 -5 8 -2 12 13 -10 -9 -11
right_child=7 3 -4 6 5 -7 -8 9 11 10 -12 -13 -14 -15
leaf_value=-0.021865239682814466 0.016719694851776361 0.020927828097508105 0.025175247178277863 -0.0046722722826384412 0.014009307154872398 -0.038714763571561117 -0.041010719037179004 -1.1683853791621471e-05 -0.003446467588354546 0.0015819362083289148 -0.0067311378597773325 -0.02603608853398174 0.030818385418024525 0.019179878932946769
leaf_weight=0.93032941871206221 2.6606190625025219 2.1963564921170455 2.6817224444966996 2.9561948203481734 1.4091583909466865 1.9906853267020777 3.288029502145946 2.8380387309080097 10.219629819737746 17.470918090228228 16.940198531439819 4.6684426706051445 4.1823327407764737 7.3884665007935828
leaf_count=177 166 32 179 54 27 54 59 169 241 946 1065 131 116 158
internal_value=-0.000664426 -0.00966412 0.0109455 -0.0163141 -0.0022953 -0.0186445 -0.0268268 0.0015433 -0.00674159 0.00459691 0.00162038 -0.0117228 0.0199076 0.00735167
internal_weight=81.8211 15.4525 3.61205 11.8404 5.5962 3.39984 6.24422 66.3686 17.5487 48.82 41.7996 14.8881 7.02037 24.8594
internal_count=3574 582 356 226 113 81 113 2992 538 2454 2169 372 285 1104
is_linear=0
shrinkage=0.05


Tree=375
num_leaves=15
num_cat=0
split_feature=20 17 21 18 17 16 17 20 20 17 18 20 16 16
split_gain=0.629926 1.32312 1.07817 1.36726 0.758287 0.854172 2.41215 2.44035 2.33291 1.5774 0.956002 0.740819 0.659599 1.585
threshold=0.10322841500000002 0.0048566131500000003 0.60729416500000011 2.5072981000000003e-05 0.0037421708500000005 59.580892000000013 0.0030985177000000005 0.069428149000000008 0.076390651000000018 0.0030475874500000004 2.6433576000000002e-05 0.10060217 59.399861000000008 59.785375000000009
decision_type=2 2 2 2 2 2 2 2 2 2 2 2 2 2
left_child=1 4 11 -4 5 8 7 10 9 -1 -7 -3 -5 -14
right_child=-2 2 3 12 -6 6 -8 -9 -10 -11 -12 -13 13 -15
leaf_value=-0.0031402848830830777 -0.0092221328328745897 0.014168153648261524 -0.020984699417242528 0.035677619477265499 -0.023536366816438437 -0.01732622412460531 0.036242523297670491 -0.038731148781972001 -0.026733189120764507 0.031014642389742764 0.032389658831942468 -0.023938633953668229 -0.024596026426767434 0.027400357138830839
leaf_weight=18.407396311842611 24.350774496924714 1.2967288160507444 1.0506854178529454 5.7986577230112726 3.553799107525264 0.66116384686028906 3.9141598223795881 2.6371555484365672 8.4596252020855882 3.1039165699912692 2.1178942242113408 2.1456255156517727 1.4686982427083419 2.7290044799156021
leaf_count=1238 665 68 17 187 141 570 108 69 147 150 86 35 33 106
internal_value=-0.00265868 0.000238725 0.0127972 0.0200035 -0.00420231 -0.00191341 0.0105936 -0.0107019 -0.00602336 0.00294682 0.0191068 -0.00962588 0.0258282 0.00797581
internal_weight=81.6953 57.3445 14.4894 11.047 42.8551 39.3013 9.33037 5.41621 29.9709 21.5113 2.77906 3.44235 9.99636 4.1977
internal_count=3620 2955 446 343 2509 2368 833 725 1535 1388 656 103 326 139
is_linear=0
shrinkage=0.05


Tree=376
num_leaves=15
num_cat=0
split_feature=13 11 16 19 23 3 10 10 8 3 10 9 10 14
split_gain=0.539139 0.490104 1.03253 0.871756 0.507242 0.555614 0.678718 0.570026 0.534777 0.892968 0.672568 0.823959 0.943572 1.01857
threshold=0.072621222000000013 0.12066370500000002 30.072936000000002 0.23398510000000003 2.1356292500000005 22.551802000000006 0.37004430500000007 0.53614204000000021 0.38675509500000005 14.758259500000003 0.26485687500000005 9.583333350000002 0.32413762500000004 0.31277174000000002
decision_type=2 2 2 2 2 2 2 2 2 2 2 2 2 2
left_child=-1 2 -2 -4 5 7 -7 8 -3 -10 -11 12 -12 -14
right_child=1 4 3 -5 -6 6 -8 -9 9 10 11 -13 13 -15
leaf_value=0.010585825528910848 -0.018639740399220273 -0.0050336289383248987 0.011009953060347117 -0.017293346272907743 -0.021040581052068887 -0.021152493677478561 0.0035054277792742842 -0.013341823778817263 -0.016408071595392232 -0.013123099840446188 0.026493060159467369 0.027170029337402042 -0.012440090675945165 0.013552526668064425
leaf_weight=8.5354885648775944 10.54308546135144 7.4652403132931786 7.9778335617738758 2.9196252339606872 1.560369518076185 4.2949327376554702 5.3938944403780624 3.1409356734948224 2.1796177719370489 1.6751725947833644 3.7413101856946076 7.5235215868597143 6.63305939993006 6.4464778564870358
leaf_count=428 280 997 195 229 383 97 110 88 72 24 115 176 168 223
internal_value=-0.0005997 -0.00206269 -0.00820381 0.00261082 0.000676981 0.00178677 -0.00838143 0.00447232 0.0063623 0.00944825 0.0121413 0.014329 0.00738318 0.000423497
internal_weight=80.0306 71.4951 21.4405 10.8975 50.0545 48.4942 9.68883 38.8053 35.6644 28.1992 26.0195 24.3444 16.8208 13.0795
internal_count=3585 3157 704 424 2453 2070 207 1863 1775 778 706 682 506 391
is_linear=0
shrinkage=0.05


Tree=377
num_leaves=15
num_cat=0
split_feature=22 21 0 18 9 21 3 21 3 20 16 19 20 23
split_gain=0.386929 0.377667 0.660223 0.613631 0.545782 1.58969 1.03857 0.67205 0.580085 0.528399 0.816347 0.541499 0.758389 0.915339
threshold=1.3481930000000004 0.53510995500000014 0.017489893000000003 1.8609608000000004e-05 4.2916666500000007 0.64378646000000017 14.140279000000001 0.55074044000000011 19.393127500000002 0.063445956000000012 25.253168500000005 0.23268876500000005 0.078237381500000022 -0.24474810499999997
decision_type=2 2 2 2 2 2 2 2 2 2 2 2 2 2
left_child=1 2 -1 -3 5 6 -5 -6 -7 -9 -11 -12 -13 -14
right_child=-2 3 -4 4 7 8 -8 9 -10 10 11 12 13 -15
leaf_value=-0.0025047198136817616 -0.022043428323858381 0.020882191619636482 0.021597772426762432 0.017332039641954049 -0.018065840458203267 -0.0090261508233335837 -0.030745462980989614 0.018953469270799588 0.028494543253593432 -0.025030371054296383 -0.0036410321726476689 0.023875388105001335 -0.013537168678916545 0.011453129639178633
leaf_weight=7.2266066457959806 1.450967359021887 1.5838409205825872 3.5000963357742876 0.65202128097007328 4.8943131194682783 1.0777813053646244 6.9074057056568563 2.3592595912050447 1.6129855248145757 2.4446872216649345 32.096610218985006 3.9192872522398856 5.4321575670037427 7.5193999375915128
leaf_count=777 918 59 87 245 115 100 99 45 35 55 716 87 98 221
internal_value=-0.00243627 -0.0018222 0.00653097 -0.00316672 -0.00401018 -0.0141138 -0.0250582 -0.00203791 0.0150921 -0.000275829 -0.00150303 0.00014899 0.00715973 0.000752646
internal_weight=82.6774 81.2265 10.7267 70.4997 68.9159 10.2502 7.55943 58.6657 2.69077 53.7714 51.4121 48.9675 16.8708 12.9516
internal_count=3657 2739 864 1875 1816 479 344 1337 135 1222 1177 1122 406 319
is_linear=0
shrinkage=0.05


Tree=378
num_leaves=15
num_cat=0
split_feature=7 18 10 20 23 7 21 20 7 8 23 22 7 9
split_gain=0.49414 1.33964 0.684955 0.460746 0.380032 0.951256 0.815558 0.729217 0.701908 0.806091 0.660551 1.49867 0.982671 0.752465
threshold=0.51498846000000009 0.00016301261000000001 0.45110765000000003 0.11702090500000002 0.81407638500000012 0.97512653500000013 0.55502811000000007 0.11334213000000003 0.92716860500000009 0.85854566500000018 0.55996427000000015 1.1312088000000002 0.94248843500000012 6.4166666500000007
decision_type=2 2 2 2 2 2 2 2 2 2 2 2 2 2
left_child=1 2 -1 4 8 6 -6 -8 9 -2 12 13 -10 -12
right_child=3 -3 -4 -5 5 -7 7 -9 10 -11 11 -13 -14 -15
leaf_value=0.018626080859401494 -0.026127583191114735 0.033270267895784682 -0.018649795500938135 -0.024279517863771676 -0.0068137197592559734 -0.019722555241749675 0.01889278202545212 -0.014062767863885287 0.029402010004477758 -0.0016714971563105499 0.011352860945468023 0.024091663997829745 0.0015382940170270646 -0.033252764767684996
leaf_weight=0.92282871177303549 4.544391429051756 3.0357881163363345 2.6748099328833632 0.91290146909886871 4.9256273002538427 2.2126523322440326 13.287669172917957 1.1726815862348292 2.5410532518289974 8.970782815362325 0.65525826984958158 1.2163135123846585 31.061522752141173 3.7178346654982306
leaf_count=42 88 64 113 137 845 316 306 39 70 180 89 25 1245 70
internal_value=0.00118238 0.0133036 -0.00711663 -4.70974e-05 0.000569075 0.00600225 0.00976182 0.0154835 -0.00172767 -0.0111282 0.00171028 -0.0128531 0.00443418 -0.0257001
internal_weight=81.8521 6.63343 3.59764 75.2187 74.3058 21.5986 19.386 14.4604 52.7072 13.5152 39.192 5.58941 33.6026 4.37309
internal_count=3629 219 155 3410 3273 1506 1190 345 1767 268 1499 184 1315 159
is_linear=0
shrinkage=0.05


Tree=379
num_leaves=15
num_cat=0
split_feature=16 20 20 20 16 20 23 9 23 20 20 20 21 20
split_gain=0.521559 2.32712 1.92158 4.27701 1.14064 1.10576 1.02873 1.24332 0.88304 0.84127 2.47369 2.0651 1.26007 0.893661
threshold=50.62977200000001 0.10915670500000001 0.096466536000000006 0.078237381500000022 25.130637500000002 0.065730215500000008 -0.10580621 7.5833333500000011 -0.92497661999999992 0.067954421000000001 0.07511427900000002 0.080423944000000011 0.61011752000000008 0.10161847000000002
decision_type=2 2 2 2 2 2 2 2 2 2 2 2 2 2
left_child=1 2 3 4 5 -1 7 8 -4 -2 -11 -12 -13 -14
right_child=9 -3 6 -5 -6 -7 -8 -9 -10 10 11 12 13 -15
leaf_value=0.0039421615929379787 0.019701449504245308 -0.036351562656876724 0.01879437104321682 -0.043014252178137924 0.018896756161415271 -0.031665307778457413 0.035100505149043497 0.027943634524375045 -0.022970518871995128 -0.037829411548485965 0.029593614823822351 -0.02636347168659375 0.021068547001836881 -0.0049645904760789016
leaf_weight=13.074866884606314 2.4254933689226155 2.3526664136443278 0.99180167182203183 3.9366438451834247 11.231940954050513 1.5828879524487991 6.4158927272655983 2.6966154132969677 2.9144796627369942 4.2784341313526957 3.7961489925801315 4.9281266125472056 3.0675341063979458 16.391898075191421
leaf_count=493 686 168 46 146 842 93 167 55 71 80 124 148 113 350
internal_value=0.000426046 0.00393387 0.00692462 -0.000243447 0.00761784 -0.00167984 0.0221927 0.00668349 -0.0106971 -0.00410142 -0.00641553 -0.000513891 -0.00618148 -3.16049e-05
internal_weight=80.0854 45.1978 42.8451 29.8263 25.8897 14.6578 13.0188 6.6029 3.90628 34.8876 32.4621 28.1837 24.3876 19.4594
internal_count=3582 2081 1913 1574 1428 586 339 172 117 1501 815 735 611 463
is_linear=0
shrinkage=0.05


Tree=380
num_leaves=15
num_cat=0
split_feature=17 20 14 3 19 16 20 16 22 19 20 19 19 20
split_gain=0.449301 1.32928 0.706806 0.790714 0.565859 0.560944 0.857867 2.354 0.773494 0.660249 0.866254 0.515757 0.788942 0.977176
threshold=0.0066714933500000009 0.10569287000000001 0.96178189000000003 18.169423000000005 0.20055866000000003 60.337588500000003 0.10915670500000001 59.399861000000008 0.88643536000000012 0.20538873000000005 0.11640078500000002 0.20856227000000002 0.22659300500000004 0.069428149000000008
decision_type=2 2 2 2 2 2 2 2 2 2 2 2 2 2
left_child=1 2 11 -4 -3 6 -2 -8 -9 -10 -11 -1 13 -13
right_child=5 4 3 -5 -6 -7 7 8 9 10 -12 12 -14 -15
leaf_value=-0.0093512074231871089 0.038750766641778012 0.0027141262186532247 -0.0065738415274971887 0.027806391752165656 -0.035554733590508633 -0.011280175783694252 -0.034223439835209722 -0.014529142031698007 -0.0070309827848100406 0.039664239187942291 -0.0040832036764115115 0.0308688963681443 -0.0036746875169804401 0.0020939098801508282
leaf_weight=16.031494564376771 1.4634185442773731 1.0962292345357116 2.1934278321859884 3.366298921595444 3.0041010978457052 2.3424503684509537 1.9251211996888722 0.8811590390105265 1.048161365004489 4.0239998985489365 1.2358325596433131 3.1794725227227891 29.899733485806792 10.595862022433719
leaf_count=392 42 33 134 158 114 46 128 21 24 57 65 91 2022 312
internal_value=-0.000596891 -0.00221373 -0.000288194 0.0153082 -0.0267973 0.00761916 0.0124173 0.00477581 0.0181229 0.0240481 0.0303752 -0.00196874 0.000889747 0.0103752
internal_weight=82.2868 69.3666 65.2663 5.55973 4.10033 12.9201 10.5777 9.11427 7.18915 6.30799 5.25983 59.7066 43.6751 13.7753
internal_count=3639 3256 3109 292 147 383 337 295 167 146 122 2817 2425 403
is_linear=0
shrinkage=0.05


Tree=381
num_leaves=15
num_cat=0
split_feature=12 22 10 8 10 11 12 13 21 1 1 22 3 22
split_gain=0.435097 0.826631 1.03399 0.978353 0.750548 0.700419 0.67048 0.8454 0.794019 0.558297 0.491697 0.620337 0.870067 1.03815
threshold=0.57236142000000012 0.85408132500000011 0.53614204000000021 0.7442445550000002 0.3284849600000001 0.11321991500000002 0.31042496500000005 0.88742762500000005 0.54254636500000009 0.99052111500000006 0.99103121000000016 0.92204375500000013 19.503197000000004 0.9665563800000001
decision_type=2 2 2 2 2 2 2 2 2 2 2 2 2 2
left_child=5 -2 3 4 -3 9 7 8 -7 -1 -8 -12 -13 -14
right_child=1 2 -4 -5 -6 6 10 -9 -10 -11 11 12 13 -15
leaf_value=-0.0036945787387123855 -0.029026382676220056 0.01200433004233179 -0.0260993994631071 0.020226110235505263 -0.015318320363380992 0.014747824455765338 0.0088378445185682865 0.012072357183456426 -0.02470577281577957 0.021302116058787193 0.014044916109129862 -0.013949704163195149 -0.023062120646990064 0.012051597954094393
leaf_weight=2.8470824631076521 2.4236470053947441 3.0551200688496483 2.5237345877103499 4.7790493333741315 5.894392240079469 0.83994442212860843 16.355516937212087 2.1556791619950673 6.6970608422416262 6.2641725125868106 4.0717084351927069 12.055740646377673 1.6986793125979591 8.9595248605910438
leaf_count=91 103 917 72 198 278 105 617 62 128 184 105 428 25 286
internal_value=-0.000189954 -0.00667756 -0.00185547 0.00407074 -0.00572204 0.00184102 -0.000457814 -0.0116837 -0.0190965 0.0138983 0.0022719 -0.0019111 -0.00524302 0.0049571
internal_weight=80.6211 18.6759 16.2523 13.7286 8.94951 61.9451 52.8339 9.69268 7.53701 9.11125 43.1412 26.7857 22.7139 10.6582
internal_count=3599 1568 1465 1393 1195 2031 1756 295 233 275 1461 844 739 311
is_linear=0
shrinkage=0.05


Tree=382
num_leaves=15
num_cat=0
split_feature=14 23 19 21 12 15 14 19 13 3 19 8 19 13
split_gain=0.366956 0.369163 0.388524 0.632912 0.56764 0.391406 0.900476 0.611959 0.867684 0.538233 0.378358 0.704449 0.652527 0.599203
threshold=0.14839840000000001 -1.8228599999999997 0.21532974000000002 0.5057970650000001 0.27074441000000005 0.015209345500000002 0.31951603500000009 0.20668529000000002 0.61762268000000009 17.089924000000003 0.22659300500000004 0.52590378500000012 0.22878586500000003 0.52037938500000014
decision_type=2 2 2 2 2 2 2 2 2 2 2 2 2 2
left_child=-1 -2 3 -3 -5 6 9 -7 -9 -6 11 -4 13 -12
right_child=1 2 10 4 5 7 -8 8 -10 -11 12 -13 -14 -15
leaf_value=-0.015532003628849989 0.01844163846858406 0.020893716484964672 -0.00080388391987335829 0.0130961807120973 0.0012875622432121888 0.0034031506038496358 0.0054343058762251727 -0.024997209655308286 0.012479004028666293 -0.032007196777161295 0.010370726538064572 0.023128093234351502 0.0023983390331430402 -0.025811313001492954
leaf_weight=2.8809978439967372 1.6849752951529797 1.2853071200952424 6.7243714253199851 2.4182277182408169 1.4172473067883418 10.709964718655103 2.9325873353518546 4.5033398167797705 1.4438784280791876 5.1731056661810726 0.96047318531782266 4.5673403742257506 31.683036618727783 3.100513335200958
leaf_count=61 71 37 230 47 26 346 72 161 39 98 38 112 2213 55
internal_value=-0.000523019 0.000215293 -0.000415521 -0.00478591 -0.00660696 -0.00884178 -0.0164498 -0.00380696 -0.0154121 -0.0256209 0.00240299 0.00997033 -0.000193857 -0.0168955
internal_weight=81.4854 78.6044 76.9194 29.8837 28.5984 26.1801 9.52294 16.6572 5.94722 6.59035 47.0357 11.2917 35.744 4.06099
internal_count=3606 3545 3474 826 789 742 196 546 200 124 2648 342 2306 93
is_linear=0
shrinkage=0.05


Tree=383
num_leaves=15
num_cat=0
split_feature=20 14 18 14 8 18 3 14 17 20 1 0 0 22
split_gain=0.476181 0.473037 0.894654 1.14327 0.821488 0.695879 0.637994 0.633178 0.58319 1.28465 0.45059 0.449712 0.519467 0.477098
threshold=0.11775318000000001 0.32025641000000005 0.00024415867500000003 0.35198226500000007 0.34070875500000003 0.00037929355000000008 17.643955500000004 0.14051282000000004 0.0059968254500000007 0.10322841500000002 0.98496155500000004 0.020160797500000004 0.019075739000000005 0.97078782000000008
decision_type=2 2 2 2 2 2 2 2 2 2 2 2 2 2
left_child=1 7 3 4 -3 -4 -6 -1 9 11 -10 12 13 -5
right_child=-2 2 5 8 6 -7 -8 -9 10 -11 -12 -13 -14 -15
leaf_value=-0.018500349690526191 -0.022995863721453218 0.016768122394400529 -0.021631194542380432 0.021205840233385939 0.0042387764546998842 0.0078941421074990806 -0.026389627418271611 0.0083619867488699019 -0.0015392437496875291 -0.03197039853344559 0.029432510360100497 0.026755068541992624 -0.016558804213700255 0.0020639111409988301
leaf_weight=1.4097497997281596 0.85180314045282912 1.2390123908990043 6.5384542376268637 3.6273065086134144 1.9942561060888691 2.1244227836505161 5.2502929503680207 34.5506454235001 1.4441233210309281 1.2745749754249107 3.6409048780333251 1.7443004889355496 1.6252534496452415 11.853117954255138
leaf_count=35 152 53 180 381 99 69 159 1056 89 18 79 49 56 1172
internal_value=0.00214199 0.00270188 -0.000885441 0.00288276 -0.0120953 -0.014323 -0.0184669 0.00683685 0.00819238 0.00387641 0.0218292 0.00778875 0.00448382 0.00756374
internal_weight=79.1682 78.3164 42.356 33.6931 8.48356 8.66288 7.24455 35.9604 25.2096 20.1246 5.08503 18.85 17.1057 15.4804
internal_count=3647 3495 2404 2155 311 249 258 1091 1844 1676 168 1658 1609 1553
is_linear=0
shrinkage=0.05


Tree=384
num_leaves=15
num_cat=0
split_feature=12 17 7 21 11 14 14 18 18 17 20 17 17 9
split_gain=0.63018 0.843303 0.482315 0.682548 0.47359 0.413914 0.576005 0.617383 0.572915 0.861026 0.68796 0.623265 0.949313 1.02448
threshold=0.31471300500000005 0.0070015666000000009 0.81531366000000005 0.54123057000000008 0.11649968000000001 0.32025641000000005 0.33813173000000007 0.00026020433500000001 0.00024415867500000003 0.0060114085500000006 0.10205400500000002 0.0031207643500000006 0.0023602609500000004 11.166666500000002
decision_type=2 2 2 2 2 2 2 2 2 2 2 2 2 2
left_child=1 2 -1 -4 -5 -2 7 -7 9 10 11 12 -8 -14
right_child=5 -3 3 4 -6 6 8 -9 -10 -11 -12 -13 13 -15
leaf_value=0.0053438709141898702 0.0054637623296274994 0.015612401439708946 0.006891525880864894 0.001503521397074862 -0.030549619345164619 -0.022626231286480742 0.0076171835686517381 0.011777742704944206 -0.011436800011800209 0.020375323525678311 -0.021491384673101369 0.011265594807200262 -0.03010923888782311 0.01576347934159306
leaf_weight=1.8011555836565083 27.526583665850922 1.7259355273854442 1.5132989735429854 1.255246711487416 6.4640099225216545 4.7328297174535683 5.8026262352650608 1.006473916582763 7.1962680889191679 5.0129286200317429 2.4671216776332576 9.5136556161523895 3.8776824790838873 0.92548153595998872
leaf_count=46 885 33 158 31 116 169 1139 18 245 200 53 387 153 17
internal_value=-0.00112429 -0.0108857 -0.0159836 -0.02026 -0.0257627 0.000836837 -0.00236112 -0.0157406 0.00022381 0.00355777 -0.000880367 0.00254497 -0.0055743 -0.0200772
internal_weight=80.8213 12.7596 11.0337 9.23256 7.71926 68.0617 40.5351 5.7393 34.7958 27.5995 22.5866 20.1194 10.6058 4.80316
internal_count=3650 384 351 305 147 3266 2381 187 2194 1949 1749 1696 1309 170
is_linear=0
shrinkage=0.05


Tree=385
num_leaves=15
num_cat=0
split_feature=20 17 20 17 17 20 8 0 3 19 17 17 11 13
split_gain=0.488559 0.882007 0.801602 1.0969 0.791783 0.921934 0.904492 0.630717 0.609211 0.602666 0.926296 1.76341 1.22702 0.833663
threshold=0.10376621000000001 0.0066714933500000009 0.10607253000000001 0.0061889249000000009 0.0058945617500000009 0.10193072000000002 1.1979961000000001 0.015530677000000001 16.732150000000004 0.26422107000000006 0.0045417656500000006 0.0036524545500000003 0.12701083000000002 0.67855954000000007
decision_type=2 2 2 2 2 2 2 2 2 2 2 2 2 2
left_child=4 2 3 -2 5 9 -6 8 -3 10 11 -1 -12 -14
right_child=1 7 -4 -5 6 -7 -8 -9 -10 -11 12 -13 13 -15
leaf_value=0.0042633185077050459 -0.017358559254892197 0.01068239215163933 -0.034250160241184997 0.021692319979688457 0.030129544005817629 -0.022282413892410539 -0.013837036648439681 0.0086902368119694037 -0.026714208584051592 -0.012698968666844258 0.037816968324154758 -0.030250406872856933 0.012269673278334926 -0.027205521861791138
leaf_weight=33.154880123613111 4.4444663764297747 1.0211831514752696 3.2259043228114024 1.7168677282461429 3.531637974199838 3.2240482135530319 0.91837052395567287 9.2857318648020719 2.0272214428114239 5.1441448189871144 3.2631601179236887 3.1509783130313727 3.2378023261408089 0.95427913032472123
leaf_count=923 62 59 139 49 144 36 18 240 69 1508 156 153 105 11
internal_value=-0.000406874 -0.0066107 -0.0173589 -0.00496736 0.00204828 0.000149581 0.0201819 0.00225787 -0.0146425 0.00204526 0.00402344 0.000537298 0.018929 -0.000225484
internal_weight=78.3007 21.7214 9.38724 6.16133 56.5793 52.1293 4.45001 12.3341 3.0484 48.9052 43.7611 36.3059 7.45524 4.19208
internal_count=3672 618 250 111 3054 2892 162 368 128 2856 1348 1076 272 116
is_linear=0
shrinkage=0.05


Tree=386
num_leaves=15
num_cat=0
split_feature=7 21 21 17 20 17 20 17 18 15 20 21 20 13
split_gain=0.392972 0.454322 1.01071 0.354892 1.09302 0.633281 0.783718 0.804788 1.20819 0.67703 0.627748 0.608207 0.517451 0.513136
threshold=0.51498846000000009 0.59248007000000003 0.61838401000000009 0.0070015666000000009 0.11073135500000002 0.0066714933500000009 0.10607253000000001 0.0059791553500000002 0.00028335031500000002 0.011976477500000001 0.10310140500000002 0.65681012000000016 0.11702090500000002 0.60180785500000011
decision_type=2 2 2 2 2 2 2 2 2 2 2 2 2 2
left_child=1 -1 -3 4 5 6 7 10 9 -9 -2 13 -13 -5
right_child=3 2 -4 11 -6 -7 -8 8 -10 -11 -12 12 -14 -15
leaf_value=0.024225253880272378 -0.0022702309818812996 -0.02226775149951038 0.017647267127048501 -0.023294974508953983 -0.031072588502764988 0.019747428349036509 -0.028537147923814704 0.00025262854697801119 -0.015893875548558929 0.036455881663196167 -0.02357472314819661 0.025648556054292143 -0.010475324805802962 0.0093542281598482848
leaf_weight=2.1790777404676183 50.465561641656677 1.8950744336470959 2.507943911885377 1.3970279261993703 2.3686116809258229 2.2548553135129614 1.8485976480878878 1.9125256510742463 1.8040430143155388 3.0681169075178332 2.7422951837652354 3.3745682968219626 0.68245374827529293 1.6104601312254088
leaf_count=118 2749 27 65 59 130 30 68 33 35 116 33 83 75 37
internal_value=-0.0010438 0.00981955 -0.000474027 -0.00213496 -0.00329468 -0.0018066 -0.00289425 -0.00164917 0.0134206 0.0249208 -0.00378289 0.0078315 0.0187021 -0.00784029
internal_weight=80.1112 6.5821 4.40302 73.5291 66.4646 64.096 61.8411 59.9925 6.78469 4.98064 53.2079 7.06451 4.05702 3.00749
internal_count=3658 210 92 3448 3194 3064 3034 2966 184 149 2782 254 158 96
is_linear=0
shrinkage=0.05


Tree=387
num_leaves=15
num_cat=0
split_feature=12 18 17 11 14 17 17 17 3 12 9 16 17 1
split_gain=0.676588 0.60569 0.894909 1.13733 0.994437 1.10696 0.741975 0.6506 0.911483 0.572043 0.533683 0.611075 0.788638 0.930339
threshold=1.9191526500000002 0.00041588449500000007 0.0054134777000000005 0.13278071500000002 0.32025641000000005 0.0066227288500000005 0.0048566131500000003 0.0064359169000000006 20.955615000000005 0.46452522000000002 5.7083333500000011 29.753196000000006 0.0036929515500000007 0.97350877000000013
decision_type=2 2 2 2 2 2 2 2 2 2 2 2 2 2
left_child=1 2 6 4 7 -6 10 8 -4 -7 -1 -12 13 -13
right_child=-2 -3 3 -5 5 9 -8 -9 -10 -11 11 12 -14 -15
leaf_value=0.0080755298628481017 0.0093069573549083903 0.01599175136144939 0.033368962789318002 -0.024516534630163879 -0.026863459366871813 0.024949299642800196 0.025913865081210692 -0.0050060971527482699 -0.0056930989167657932 -0.013516211462731992 -0.015192581293552535 -0.020470829288711308 -0.024191808403842486 0.010148146113438762
leaf_weight=10.057871558863551 11.826627591901341 2.9118478942764332 2.7312450080062316 9.1110234782172466 5.3406124298562636 1.3556248739914738 1.7204985047574144 5.3483567036746535 2.0685525413136929 0.81834659747983085 8.4519885292393173 2.0573803283914485 1.7281915897037823 12.865112032028263
leaf_count=759 897 78 59 226 174 30 101 124 37 49 246 69 85 728
internal_value=-0.00124088 -0.00322488 -0.00433767 -0.0111172 -0.00326206 -0.0159887 0.000747468 0.00675069 0.0184555 0.0107733 -0.00116657 -0.00503711 0.000686556 0.00490615
internal_weight=78.3933 66.5667 63.6548 26.7738 17.6627 7.51458 36.881 10.1482 4.7998 2.17397 35.1605 25.1027 16.6507 14.9225
internal_count=3662 2765 2687 699 473 253 1988 220 96 79 1887 1128 882 797
is_linear=0
shrinkage=0.05


Tree=388
num_leaves=15
num_cat=0
split_feature=17 22 21 23 22 17 3 15 21 11 11 17 17 17
split_gain=0.398019 0.635729 0.766866 0.800713 0.729796 0.712505 0.535771 0.606946 0.534428 0.490698 0.496819 0.332483 1.13357 0.67729
threshold=0.0058945617500000009 0.80370712500000019 0.60408365000000008 -0.472270315 1.0894676500000002 0.007051918600000001 18.577461000000003 0.026432231000000004 0.66138174500000002 0.11321991500000002 0.14189735000000003 0.0054134777000000005 0.0048566131500000003 0.0038084395000000004
decision_type=2 2 2 2 2 2 2 2 2 2 2 2 2 2
left_child=11 -2 -3 -4 5 9 -6 8 -8 -5 -11 12 13 -1
right_child=1 2 3 4 6 -7 7 -9 -10 10 -12 -13 -14 -15
leaf_value=-0.0023012834039130375 -0.015826907244671742 0.027794938789504033 0.021208556030976111 0.0086372320829461273 0.02086300174449289 0.0070747714725141204 -0.014361415916989716 -0.024615557137122174 0.020192413758940198 -0.031460542128010492 0.0032697483863745585 -0.011983367706638756 0.026508638433392108 -0.022604048949996781
leaf_weight=37.808641860719945 2.929179620427024 2.4387931545861674 3.3410632570667174 0.77304573752916805 3.2354350938549024 2.9173644504480762 0.90405751852085847 1.1466922574327325 2.022391745558707 4.3407534556463361 1.0576274190098045 10.975177647967937 2.1564638755662591 3.6563363819441284
leaf_count=2378 48 79 126 15 96 100 46 44 55 120 36 217 129 131
internal_value=-0.00220548 0.00292656 0.00597952 0.00207381 -0.00281997 -0.0117226 0.0083295 -0.00377628 0.00857885 -0.0203559 -0.0252087 -0.00457566 -0.00248509 -0.0045817
internal_weight=79.703 25.1064 22.1772 19.7384 16.3974 9.08879 7.30858 4.07314 2.92645 6.17143 5.39838 54.5966 43.6214 41.465
internal_count=3620 765 717 638 512 271 241 145 101 171 156 2855 2638 2509
is_linear=0
shrinkage=0.05


Tree=389
num_leaves=15
num_cat=0
split_feature=0 16 0 15 1 15 19 19 19 17 20 22 0 20
split_gain=0.407872 0.605172 0.443012 0.678285 0.971019 0.688315 0.603128 0.497822 0.509841 0.554931 0.72442 0.622948 0.5498 0.479796
threshold=0.011635519000000002 25.023629000000003 0.014972707000000002 0.013606072000000002 0.98787834500000005 0.04702240550000001 0.17063270000000005 0.22917482000000003 0.22659300500000004 0.0072907839500000009 0.105417095 0.99967474500000009 0.019691660500000003 0.10281340500000001
decision_type=2 2 2 2 2 2 2 2 2 2 2 2 2 2
left_child=1 -1 6 4 -4 7 -2 8 9 10 12 -12 13 -5
right_child=2 -3 3 5 -6 -7 -8 -9 -10 -11 11 -13 -14 -15
leaf_value=-0.016891974781967033 0.019704186570968237 0.021952525902806622 0.01080901741301328 -0.004923276865582203 -0.013678655009461095 -0.020060735478382861 -0.012161339705577017 0.011460010466423932 -0.020552174768991873 0.023902151373322841 0.0032007445494062602 -0.033131095052420664 0.022456603972345012 0.019673303790337587
leaf_weight=0.55934958711441085 0.72300039324909704 2.6061765380218276 4.4517891641735359 10.02117679233198 16.485174033048679 2.0636478384840293 17.746552280077594 14.479222433539688 1.7481550343800325 1.6137035528954573 1.7783307749778026 1.7638064356287939 2.3474211149150497 1.4182176257017989
leaf_count=118 15 922 151 257 419 67 858 587 40 41 34 63 71 25
internal_value=-0.00264483 0.0126813 -0.00343304 -0.00122542 -0.00821651 0.00281783 -0.00996596 0.00467777 -0.000377897 0.00242113 -0.000774156 -0.0182018 0.00463154 -0.000537484
internal_weight=79.8057 3.16553 76.6402 58.1706 20.937 37.2337 18.4696 35.17 20.6908 18.9427 17.329 3.54214 13.7868 11.4394
internal_count=3668 1040 2628 1755 570 1185 873 1118 531 491 450 97 353 282
is_linear=0
shrinkage=0.05


Tree=390
num_leaves=15
num_cat=0
split_feature=22 12 12 3 13 13 3 13 16 8 8 8 21 18
split_gain=0.469612 0.712732 1.18063 0.737734 0.713838 0.644466 0.657063 0.651632 0.91793 0.608103 1.14748 0.568717 0.617936 0.529042
threshold=1.0247046000000004 0.45758862500000003 2.0935651000000006 17.895431500000004 0.57017408500000011 0.67855954000000007 19.444909500000005 0.61865493500000013 29.858190500000003 0.49032166500000007 0.57511287000000011 0.33353986500000005 0.56892709000000019 0.00025661712000000006
decision_type=2 2 2 2 2 2 2 2 2 2 2 2 2 2
left_child=5 4 3 -3 -2 7 -7 13 -9 11 -11 -6 -13 -1
right_child=1 2 -4 -5 9 6 -8 8 -10 10 -12 12 -14 -15
leaf_value=0.0061085438036062173 0.018889487206196667 0.0024104531368738785 0.0082074001455042771 -0.026925374141478376 -0.015038636690169069 -0.017829514489539244 0.0086293143210348904 -0.0093695247469971522 0.02589533489860146 -0.02912217523013258 0.0051387899551079896 -0.0056886313993982744 0.020261295714103237 -0.011680040172745687
leaf_weight=17.746090131557146 3.8332012799364774 2.5845222983843987 4.5609737333870717 8.2872487272543349 1.7745398902770855 5.1121840611449425 3.0364048066549003 1.8605245727812851 6.6365180244902149 3.7717031543143076 4.4939964809454978 3.0786455838824605 5.1780164443189278 4.4038201807779833
leaf_count=928 255 429 357 289 92 88 71 34 149 127 215 239 133 125
internal_value=-8.75137e-05 -0.00401856 -0.0119141 -0.0203358 0.00176455 0.00372396 -0.00810462 0.00702573 0.0180002 -0.00261609 -0.0119505 0.00546155 0.0110161 0.00222007
internal_weight=76.3584 37.5628 15.4327 10.8718 22.1301 38.7955 8.14859 30.647 8.49704 18.2969 8.2657 10.0312 8.25666 22.1499
internal_count=3531 2136 1075 718 1061 1395 159 1236 183 806 342 464 372 1053
is_linear=0
shrinkage=0.05


Tree=391
num_leaves=15
num_cat=0
split_feature=22 19 9 23 12 11 13 14 19 19 0 19 0 19
split_gain=0.353165 0.719558 0.709824 0.706506 0.514796 0.504562 0.435459 0.612545 0.43067 0.425296 0.61392 0.394513 0.702822 0.678696
threshold=1.1387160000000003 0.25419047000000006 2.5500000000000003 1.7484259000000002 0.29533281000000006 0.14283506500000001 0.74402885500000016 0.9539851800000001 0.24473877500000005 0.18477136500000002 0.019245582500000004 0.20856227000000002 0.013360766500000001 0.19559145000000003
decision_type=2 2 2 2 2 2 2 2 2 2 2 2 2 2
left_child=1 9 -3 4 -2 8 7 -5 -6 10 -1 12 -11 -14
right_child=3 2 -4 6 5 -7 -8 -9 -10 11 -12 -13 13 -15
leaf_value=0.017357930234314284 -0.012289019767120362 -0.020709549456595505 0.01630570171042435 -0.024201139786540551 0.02669693155364225 -0.0031000334259979386 0.015088657255839738 0.011633923969399204 -0.0052715281764645931 0.013585128877229439 -0.01570945376797199 -0.0038803413285754848 0.0012193322973757872 -0.024872698573115803
leaf_weight=3.5245760553516439 1.1376967778487586 0.67792316383565676 6.4367484805698041 3.267921760925673 5.8192717846177384 2.321010731975548 0.65293339322670352 0.96753558509226412 0.89706374828529067 1.3127987137704611 1.139338824432343 37.01027845335193 3.2890734587563193 8.2411724647972715
leaf_count=104 40 184 476 738 146 111 49 184 121 100 22 1113 86 156
internal_value=-0.00166322 -0.00334102 0.0106612 0.00498212 0.0121241 0.0161156 -0.00941817 -0.0153565 0.0222973 -0.00532748 0.00793258 -0.00669959 -0.0139567 -0.0179265
internal_weight=76.6953 61.6319 7.11467 15.0634 10.175 9.03735 4.88839 4.23546 6.71634 54.5172 4.66391 49.8533 12.843 11.5302
internal_count=3630 2241 660 1389 418 378 971 922 267 1581 126 1455 342 242
is_linear=0
shrinkage=0.05


Tree=392
num_leaves=15
num_cat=0
split_feature=21 21 21 15 11 15 22 22 18 1 11 11 15 9
split_gain=0.386201 0.556542 0.438829 0.508681 0.5629 0.490753 0.450731 0.627101 0.718923 0.562797 0.730268 0.548056 0.573082 0.835571
threshold=0.11479071000000002 0.53510995500000014 0.5520050150000001 0.030189109000000002 0.12282285000000003 0.040202020000000012 1.1387160000000003 1.1109549500000002 0.00022978099500000002 0.9831220650000001 0.13105849000000003 0.10809372500000002 0.0137458665 4.4166666500000007
decision_type=2 2 2 2 2 2 2 2 2 2 2 2 2 2
left_child=-1 -2 3 4 -3 6 7 9 -9 10 -4 -11 -13 -14
right_child=1 2 5 -5 -6 -7 -8 8 -10 11 -12 12 13 -15
leaf_value=-0.018385500199197102 0.01297428658335615 0.0018206193264553461 -0.019169590606699552 0.01459091940550199 -0.027938338400993037 -0.011478199479070863 0.012285629814902074 -0.027453425792795229 0.011744127709478202 0.024949737934553913 0.0095905443344529821 -0.0045047048233889837 -0.015770333188180653 0.012690841296727243
leaf_weight=1.3405822696222447 9.481632736125901 2.4221973568201056 4.7384979840426231 0.8237035884085343 3.057487640180625 5.1912313588545649 10.348708193196215 2.6573236756958063 1.0446261895704081 2.3899426118005058 2.8034531447920017 12.548892078804785 2.1396794931497451 16.902838411857374
leaf_count=1390 306 59 128 73 64 385 305 61 29 40 75 252 46 405
internal_value=0.00167463 0.00225848 0.000575213 -0.0110249 -0.016533 0.00193755 0.00337147 0.00111003 -0.0162472 0.00300318 -0.00860781 0.00575257 0.0035793 0.00886557
internal_weight=77.8908 76.5502 67.0686 6.30339 5.47968 60.7652 55.574 45.2253 3.70195 41.5233 7.54195 33.9814 31.5914 19.0425
internal_count=3618 2228 1922 196 123 1726 1341 1036 90 946 203 743 703 451
is_linear=0
shrinkage=0.05


Tree=393
num_leaves=15
num_cat=0
split_feature=12 23 12 17 12 19 13 23 20 16 18 14 23 22
split_gain=0.417844 0.852674 0.662692 0.808164 0.571325 0.569568 0.609452 0.518436 0.776132 0.560158 0.493052 0.447769 1.23574 0.597822
threshold=0.45988373000000005 0.052283196500000011 1.9111512000000002 0.0045417656500000006 2.4066622500000006 0.22184936500000002 0.080955820500000011 1.1095058000000002 0.07484193900000001 60.01565750000001 0.00031827714000000004 0.25735931000000006 -0.44749943499999995 1.1109549500000002
decision_type=2 2 2 2 2 2 2 2 2 2 2 2 2 2
left_child=11 4 7 -4 5 -2 -7 8 -3 -10 -5 12 -1 -14
right_child=1 2 3 10 -6 6 -8 -9 9 -11 -12 -13 13 -15
leaf_value=-0.025266959538940193 0.02268816836456625 0.0014806522298416356 -0.01350328414311772 0.024994861962754605 -0.013867283813521723 0.019069387237293949 -0.010296711758118421 -0.0014331989418114931 -0.043467457512890946 -0.0026101124097919568 -0.010726067470509467 0.0056498011741346228 0.013736971799047239 -0.010469511245465525
leaf_weight=3.8955954817647571 4.0227306906963367 1.7720273215236391 4.0026137456006827 2.4346327754683448 2.2125476142100515 1.6914046553938531 4.143393355581793 2.9468920084182173 3.604568072463735 1.1893797440206979 0.6958815254329237 35.817459217149008 6.1241825228789804 3.0841079410893144
leaf_count=68 207 140 460 94 42 78 451 345 107 33 30 1246 147 176
internal_value=-1.50195e-06 -0.00469573 -0.0117482 1.30722e-05 0.00518518 0.0103449 -0.000239451 -0.0197297 -0.0266666 -0.0355308 0.0163801 0.00279281 -0.00486325 0.00539817
internal_weight=77.6374 28.7161 16.646 7.13313 12.0701 9.85753 5.8348 9.51287 6.56598 4.79395 3.13051 48.9213 13.1039 9.20829
internal_count=3624 1987 1209 584 778 736 529 625 280 140 124 1637 391 323
is_linear=0
shrinkage=0.05


Tree=394
num_leaves=15
num_cat=0
split_feature=13 14 3 15 13 14 14 14 19 3 13 3 3 0
split_gain=0.530407 0.515036 0.374666 0.669734 0.409669 0.928345 0.920019 0.804093 0.691993 0.725692 0.625687 0.625352 0.598968 0.5769
threshold=0.88742762500000005 0.18052538000000004 25.867864500000003 0.029055860500000006 0.62341058000000016 0.30655914000000001 0.30455486500000001 0.3216338250000001 0.21118936000000002 17.059627000000003 0.60180785500000011 19.862974500000004 18.460218000000001 0.014545705500000001
decision_type=2 2 2 2 2 2 2 2 2 2 2 2 2 2
left_child=1 -1 4 -4 5 10 8 -7 12 -10 -3 -8 -6 -9
right_child=-2 2 3 -5 6 7 11 13 9 -11 -12 -13 -14 -15
leaf_value=-0.018617513175363705 0.019590546036240674 -0.00087832002236948141 0.0045676677005235611 -0.03287621859830777 0.014733230285893316 0.023780539257594709 -0.021863811553301069 0.010934901793185283 -0.0057554349454358193 0.0239491660446042 -0.029622539688495597 0.0097134424693594325 -0.012554196347790526 -0.0035932699925926011
leaf_weight=2.5348264539061338 2.6318227337760609 3.5165253874583859 2.1534195081185312 1.2036117634270338 2.4561257999157595 2.8730573414068195 3.1237167496437896 7.9282646249703239 2.1151012872869606 9.9197204084921378 3.2668134479172295 1.7931799177749779 3.821416002989281 28.12153386400314
leaf_count=75 78 120 62 24 43 111 107 1301 138 297 114 63 87 981
internal_value=0.000930158 2.41335e-05 0.000922873 -0.0133216 0.00179712 -0.000969234 0.00705558 0.0021314 0.0121156 0.0186876 -0.0167487 -0.0106523 -0.00132038 -0.000189254
internal_weight=77.4591 74.8273 72.2925 3.35703 68.9355 45.7062 23.2293 38.9229 18.3124 12.0348 6.78334 4.9169 6.27754 36.0498
internal_count=3601 3523 3448 86 3362 2627 735 2393 565 435 234 170 130 2282
is_linear=0
shrinkage=0.05


Tree=395
num_leaves=15
num_cat=0
split_feature=16 11 15 8 12 20 20 17 16 19 17 16 20 17
split_gain=0.474718 0.722429 0.830894 0.970454 0.939035 0.829745 0.648521 1.31307 2.96229 0.784847 0.696464 1.66294 1.23693 0.875092
threshold=29.995760500000003 0.13464076500000002 0.021818470000000003 0.30285506000000006 2.0727629000000003 0.064133348000000021 0.067954421000000001 0.0030475874500000004 50.62977200000001 0.29531531500000002 0.0036524545500000003 30.226438000000005 0.07708854100000001 0.0045417656500000006
decision_type=2 2 2 2 2 2 2 2 2 2 2 2 2 2
left_child=1 2 3 -1 -4 -3 9 8 -8 -2 11 12 -9 -12
right_child=6 5 4 -5 -6 -7 7 10 -10 -11 13 -13 -14 -15
leaf_value=0.011992158787325319 0.03557967405252159 0.023637393417378857 0.016512823216974625 -0.021921276307815537 -0.017944088370684185 -0.0049659969360676109 0.030332458086887743 0.018941114005312874 -0.042199582309063198 -0.011384024615222183 -0.020367654204070558 0.037526457889831888 -0.025497024678589969 0.0044982102986992154
leaf_weight=1.894576262217021 2.0779126953857481 3.3554409414064121 4.5151033020010791 10.866337807718081 2.1207358376705088 5.4148495827539591 1.2385515775822558 2.1005052126274659 3.3362237450201064 0.69760495636728581 2.9784485028067129 3.8545080518961186 2.1961386747134384 31.412460051658854
leaf_count=45 116 334 266 316 79 134 30 73 82 919 118 112 43 922
internal_value=0.00101223 -0.00408841 -0.00933197 -0.0163807 0.00459297 0.00727667 0.00391559 0.00226714 -0.0206441 0.0238869 0.00514844 0.0174194 -0.00429801 0.00183003
internal_weight=78.0594 28.167 19.3968 12.7609 6.63584 8.77029 49.8924 47.1168 4.57478 2.77552 42.5421 8.15115 4.29664 34.3909
internal_count=3589 1174 706 361 345 468 2415 1380 112 1035 1268 228 116 1040
is_linear=0
shrinkage=0.05


Tree=396
num_leaves=15
num_cat=0
split_feature=20 16 20 20 20 18 16 20 16 20 16 20 17 16
split_gain=0.762706 1.59348 2.00096 1.97606 1.12338 1.05885 1.03849 2.36413 1.72112 1.42949 0.956436 1.29447 0.976604 1.05848
threshold=0.076616847000000016 30.226438000000005 0.081653083000000015 0.095330728500000003 0.10869161000000001 5.3863265000000007e-05 49.482849000000009 0.069428149000000008 25.130637500000002 0.065730215500000008 59.298369500000007 0.10915670500000001 0.0067674246500000002 59.994050000000009
decision_type=2 2 2 2 2 2 2 2 2 2 2 2 2 2
left_child=6 3 -3 -2 5 -5 8 -8 9 -1 11 -4 13 -12
right_child=1 2 10 4 -6 -7 7 -9 -10 -11 12 -13 -14 -15
leaf_value=0.0079681933891897032 -0.033305120742989358 0.032813285120692863 0.030579075707821465 -0.017518128489016589 -0.03121709518853133 0.01524741001544924 0.017861563703549341 -0.035068411432671323 0.030634691330847893 -0.032235008306930421 -0.0244328486681719 -0.019991227337139903 0.0072318946901270501 0.0016613068919733539
leaf_weight=12.263297724493901 7.2677903338189962 3.9047400881536332 3.3353819962649167 2.563258837850297 1.504247950593707 7.3298503850382986 3.292122766346437 3.2637686020170804 6.9308345630997783 1.6549115609377612 8.1408754065996636 0.99264264403609548 8.1995487489475618 6.5520079843045087
leaf_count=481 180 113 134 36 119 200 818 89 684 95 180 66 218 200
internal_value=0.000136459 -0.00353477 0.00340592 -0.0146934 -0.00109607 0.00592916 0.00669611 -0.00964275 0.01204 0.00134758 -0.00182579 0.0174054 -0.00603795 -0.0134323
internal_weight=77.1953 49.7903 31.1252 18.6651 11.3974 9.89311 27.4049 6.55589 20.849 13.9182 27.2205 4.32802 22.8924 14.6929
internal_count=3613 1446 911 535 355 236 2167 907 1260 576 798 200 598 380
is_linear=0
shrinkage=0.05


Tree=397
num_leaves=15
num_cat=0
split_feature=3 0 23 23 19 14 19 21 9 14 1 17 3 3
split_gain=0.511664 0.677862 0.621756 0.78173 0.950034 0.923656 0.905316 0.60544 0.626099 0.686864 0.544727 0.807671 0.674748 0.712695
threshold=16.898298000000004 0.020344532000000002 0.11031790000000001 -0.37454740999999997 0.21568935000000003 0.29102416500000006 0.22696970000000002 0.64175574000000013 13.833333500000002 0.15438786500000004 0.97966078500000009 0.0063634604500000013 20.189607000000002 24.290590000000005
decision_type=2 2 2 2 2 2 2 2 2 2 2 2 2 2
left_child=1 7 3 4 5 -2 -5 8 9 -1 -4 12 -12 -14
right_child=2 -3 10 6 -6 -7 -8 -9 -10 -11 11 -13 13 -15
leaf_value=-0.022081092601555892 -0.034538564976741612 -0.016259687375558645 0.0067354700208919777 0.023424747298057588 0.0055849423862772314 -0.00035135124555187513 -0.0041762192177101061 0.026347919289109852 -0.021969074065131905 0.012473264022538212 -0.015364676252115942 -0.028536813468688749 0.0069654001196458957 -0.017711567562471026
leaf_weight=0.74575583264231937 3.0419803080149022 2.0110862506990079 4.4997047380747963 5.858705872204153 8.8343749346677196 3.9054910433478653 4.7817835418973118 3.1341733783119698 1.0868560649541894 9.0699489103135402 10.860028692317433 4.3842834645183748 10.756754222267771 2.8974356670223633
leaf_count=22 44 47 187 127 225 90 105 183 68 1343 551 195 354 86
internal_value=-0.00175208 0.00593496 -0.00387793 0.00182749 -0.00514862 -0.0177827 0.0117278 0.00998472 0.00346233 0.00804912 -0.00831357 -0.0108037 -0.00663805 0.000877619
internal_weight=75.8684 16.0478 59.8205 26.4223 15.7818 6.94747 10.6405 14.0367 10.9026 9.8157 33.3982 28.8985 24.5142 13.6542
internal_count=3627 1663 1964 591 359 134 232 1616 1433 1365 1373 1186 991 440
is_linear=0
shrinkage=0.05


Tree=398
num_leaves=15
num_cat=0
split_feature=20 17 15 16 17 18 18 20 17 19 20 18 17 19
split_gain=0.461154 0.687837 0.821756 0.62227 0.94761 0.942462 0.588701 0.645084 1.06868 0.638607 0.611908 0.578394 0.566538 0.59347
threshold=0.10503381000000002 0.0059791553500000002 0.011696306500000002 50.62977200000001 0.0067674246500000002 0.00011411063500000001 3.5698328500000005e-05 0.060923370000000011 0.0021042058000000003 0.21702898500000004 0.065730215500000008 4.641773850000001e-05 0.0077101201500000003 0.20856227000000002
decision_type=2 2 2 2 2 2 2 2 2 2 2 2 2 2
left_child=1 6 -3 5 -5 -2 9 -8 -9 10 -1 -10 13 -6
right_child=3 2 -4 4 12 -7 7 8 11 -11 -12 -13 -14 -15
leaf_value=0.02539939375151622 0.003216374912040037 -0.0049366788827341279 0.028520715383334894 -0.023004294446855769 -0.0095889026408137665 -0.036038096934530715 0.024059021135264619 -0.030269319680865592 0.019119168734828357 -0.025414842424110358 -0.012209354208116613 -0.00093111279688003938 -0.014893826895810373 0.020181150229670375
leaf_weight=0.85097894807404317 2.2034797203232328 2.75442636925436 3.3076511442122865 2.7393637178465715 1.6094814054085853 3.0775216196343536 1.6868306724645652 1.9498796902189486 2.9359371843383988 3.9294142186117824 1.6574445276273762 40.965046095574507 1.4984669212135484 5.2314282965962775
leaf_count=39 75 53 135 73 32 172 168 22 77 1415 48 1117 78 109
internal_value=-0.00198974 8.42102e-05 0.0147723 -0.00916721 -0.0018626 -0.0217549 -0.00180413 0.000237533 -0.00113367 -0.014885 0.00415231 0.000805721 0.0068017 0.0128474
internal_weight=76.3974 60.0376 6.06208 16.3597 11.0787 5.281 53.9755 47.5377 45.8509 6.43784 2.50842 43.901 8.33938 6.84091
internal_count=3613 3074 188 539 292 247 2886 1384 1216 1502 87 1194 219 141
is_linear=0
shrinkage=0.05


Tree=399
num_leaves=15
num_cat=0
split_feature=13 8 16 13 22 13 11 16 22 8 22 16 13 13
split_gain=0.333855 0.601349 0.639883 0.549842 0.552426 0.823629 0.76621 0.6748 0.791674 0.655111 0.723571 0.772819 0.544239 0.497607
threshold=0.6910889600000002 0.41915446000000006 59.651801500000012 0.67855954000000007 1.0309075000000003 0.57017408500000011 0.13607421500000003 29.995760500000003 0.86090280000000019 0.36019276000000006 0.92858033500000003 25.036497500000003 0.50554909000000015 0.59481592000000016
decision_type=2 2 2 2 2 2 2 2 2 2 2 2 2 2
left_child=3 -2 -3 4 6 -6 7 9 -9 -1 11 -11 -8 -7
right_child=1 2 -4 -5 5 13 12 8 -10 10 -12 -13 -14 -15
leaf_value=0.0094585023681702466 -0.0075336769006553693 0.0024765887500655223 0.030674443792051642 -0.019897707393889918 0.004357448634270903 -0.025958764926013483 0.00028885133767315774 -0.011751703981178073 0.012359047991589781 -0.019845904090462704 -0.029408092107331932 0.018333957997059998 0.025401042476436844 -0.0063932669002993428
leaf_weight=2.4414059775008372 3.7666090084530861 4.8262657541781664 2.7077164053189335 2.8156587734556515 12.133721840305954 3.9633722116559538 3.4339381797690276 3.8177832750588996 11.293173187899809 1.4898113268427553 3.9359804920386523 1.8349699447862802 4.9121938569005579 12.452582701211211
leaf_count=127 121 144 86 74 1100 224 384 116 444 22 65 46 113 556
internal_value=-5.93967e-05 0.00749975 0.0150178 -0.00147753 -0.000333152 -0.00533405 0.00400266 -0.000570594 0.00591614 -0.0102824 -0.0172616 0.000592784 0.0162053 -0.0123363
internal_weight=75.8252 11.3006 7.53398 64.5246 61.7089 28.5497 33.1593 24.8131 15.111 9.70217 7.26076 3.32478 8.34613 16.416
internal_count=3622 351 230 3271 3197 1880 1317 820 560 260 133 68 497 780
is_linear=0
shrinkage=0.05


end of trees

feature_importances:
m_accel_std=1080
m_sway_energy=705
m_sample_rate=482
p_radius_var=280
p_force_var=264
m_tremor_energy=257
m_gyro_std=249
m_touch_coupling=235
m_still_frac=232
m_coupling_z=220
g_jerk_norm=185
g_speed_peaks_per_stroke=181
t_iei_modal_frac=178
t_iei_cv=176
t_iei_entropy=170
g_path_efficiency=168
g_endpoint_correction=149
g_curvature_mean=138
t_burst_ratio=124
p_force_uniq_ratio=121
p_force_degenerate=6

parameters:
[boosting: gbdt]
[objective: binary]
[metric: auc]
[tree_learner: serial]
[device_type: cpu]
[data_sample_strategy: bagging]
[data: ]
[valid: ]
[num_iterations: 400]
[learning_rate: 0.05]
[num_leaves: 15]
[num_threads: 4]
[seed: 0]
[deterministic: 0]
[force_col_wise: 0]
[force_row_wise: 0]
[histogram_pool_size: -1]
[max_depth: -1]
[min_data_in_leaf: 25]
[min_sum_hessian_in_leaf: 0.001]
[bagging_fraction: 0.8]
[pos_bagging_fraction: 1]
[neg_bagging_fraction: 1]
[bagging_freq: 1]
[bagging_seed: 7719]
[bagging_by_query: 0]
[feature_fraction: 0.8]
[feature_fraction_bynode: 1]
[feature_fraction_seed: 2437]
[extra_trees: 0]
[extra_seed: 11797]
[early_stopping_round: 0]
[early_stopping_min_delta: 0]
[first_metric_only: 0]
[max_delta_step: 0]
[lambda_l1: 0]
[lambda_l2: 1]
[linear_lambda: 0]
[min_gain_to_split: 0]
[drop_rate: 0.1]
[max_drop: 50]
[skip_drop: 0.5]
[xgboost_dart_mode: 0]
[uniform_drop: 0]
[drop_seed: 21238]
[top_rate: 0.2]
[other_rate: 0.1]
[min_data_per_group: 100]
[max_cat_threshold: 32]
[cat_l2: 10]
[cat_smooth: 10]
[max_cat_to_onehot: 4]
[top_k: 20]
[monotone_constraints: ]
[monotone_constraints_method: basic]
[monotone_penalty: 0]
[feature_contri: ]
[forcedsplits_filename: ]
[refit_decay_rate: 0.9]
[cegb_tradeoff: 1]
[cegb_penalty_split: 0]
[cegb_penalty_feature_lazy: ]
[cegb_penalty_feature_coupled: ]
[path_smooth: 0]
[interaction_constraints: ]
[verbosity: -1]
[saved_feature_importance_type: 0]
[use_quantized_grad: 0]
[num_grad_quant_bins: 4]
[quant_train_renew_leaf: 0]
[stochastic_rounding: 1]
[linear_tree: 0]
[max_bin: 255]
[max_bin_by_feature: ]
[min_data_in_bin: 3]
[bin_construct_sample_cnt: 200000]
[data_random_seed: 38]
[is_enable_sparse: 1]
[enable_bundle: 1]
[use_missing: 1]
[zero_as_missing: 0]
[feature_pre_filter: 1]
[pre_partition: 0]
[two_round: 0]
[header: 0]
[label_column: ]
[weight_column: ]
[group_column: ]
[ignore_column: ]
[categorical_feature: ]
[forcedbins_filename: ]
[precise_float_parser: 0]
[parser_config_file: ]
[objective_seed: 8855]
[num_class: 1]
[is_unbalance: 0]
[scale_pos_weight: 1]
[sigmoid: 1]
[boost_from_average: 1]
[reg_sqrt: 0]
[alpha: 0.9]
[fair_c: 1]
[poisson_max_delta_step: 0.7]
[tweedie_variance_power: 1.5]
[lambdarank_truncation_level: 30]
[lambdarank_norm: 1]
[label_gain: ]
[lambdarank_position_bias_regularization: 0]
[eval_at: ]
[multi_error_top_k: 1]
[auc_mu_weights: ]
[num_machines: 1]
[local_listen_port: 12400]
[time_out: 120]
[machine_list_filename: ]
[machines: ]
[gpu_platform_id: -1]
[gpu_device_id: -1]
[gpu_device_id_list: ]
[gpu_use_dp: 0]
[num_gpu: 1]

end of parameters

pandas_categorical:[]
